transaction_type_online purchase,transaction_type_transfer,transaction_type_withdrawal,merchant_category_Clothing,merchant_category_Crypto,merchant_category_Electronics,merchant_category_Entertainment,merchant_category_Food,merchant_category_Gambling,merchant_category_Services,merchant_category_Travel,merchant_category_Utilities,device_type_desktop,device_type_mobile,device_type_tablet,payment_channel_bank,payment_channel_card,payment_channel_e-wallet,description_tone_panic,description_tone_routine,description_tone_urgent,semantic_merchant_category_crypto/finance,semantic_merchant_category_daily essentials,semantic_merchant_category_luxury goods,semantic_merchant_category_other,semantic_merchant_category_services,transaction_amount,account_balance_before,account_balance_after,avg_transaction_amount_7d,time_since_last_transaction_hr,account_age_days,description_risk_score,transaction_frequency_24h,num_failed_transactions_7d,transaction_hour,is_weekend,user_risk_score,num_devices_used,num_countries_used,previous_fraud_count,kyc_verified,is_fraud
1.0,0.0,0.0,0.0,0.0,0.0,0.0,1.0,0.0,0.0,0.0,0.0,0.0,1.0,0.0,0.0,1.0,0.0,0.0,1.0,0.0,0.0,1.0,0.0,0.0,0.0,-0.2439397596442405,0.8447500349336473,0.9602119128588638,-0.195533448938226,0.4914334185284931,-0.9208248084418093,-0.3743262111571587,0.0,0.0,8.0,0.0,0.0147230147858645,2.0,0.0,0.0,0.0,0
1.0,0.0,0.0,0.0,0.0,0.0,0.0,0.0,0.0,0.0,1.0,0.0,0.0,1.0,0.0,0.0,1.0,0.0,0.0,1.0,0.0,0.0,1.0,0.0,0.0,0.0,-0.3682517395464904,-1.20979612283856,-1.106698214628184,-0.195533448938226,2.367091987280049,0.7761321487415477,-0.3743262111571587,0.0,0.0,7.0,0.0,0.2415296014007472,2.0,0.0,0.0,1.0,0
1.0,0.0,0.0,1.0,0.0,0.0,0.0,0.0,0.0,0.0,0.0,0.0,1.0,0.0,0.0,0.0,1.0,0.0,0.0,1.0,0.0,0.0,0.0,0.0,1.0,0.0,-0.0341959842972466,0.1742313772455717,0.1920162581218087,-0.195533448938226,-0.6518034361732084,-1.958856989697586,-0.3743262111571587,0.0,0.0,19.0,0.0,0.1265325198492471,1.0,0.0,0.0,0.0,0
1.0,0.0,0.0,0.0,0.0,1.0,0.0,0.0,0.0,0.0,0.0,0.0,1.0,0.0,0.0,0.0,1.0,0.0,0.0,0.0,1.0,0.0,0.0,1.0,0.0,0.0,2.718257612160829,-0.1805538934074086,-1.20262121166686,-0.195533448938226,0.8984106032012548,-0.5507437699071409,3.4115267461845225,0.0,0.0,3.0,0.0,0.3581711866055946,1.0,1.0,0.0,1.0,1
0.0,1.0,0.0,0.0,0.0,0.0,0.0,0.0,0.0,0.0,0.0,1.0,1.0,0.0,0.0,1.0,0.0,0.0,0.0,1.0,0.0,0.0,1.0,0.0,0.0,0.0,0.2351756972581195,0.426726498476204,0.3509747816218326,-0.195533448938226,0.3423851714317357,-1.0562203103447367,-0.3743262111571587,0.0,0.0,10.0,0.0,0.745065288179806,2.0,0.0,0.0,0.0,0
1.0,0.0,0.0,0.0,0.0,0.0,0.0,1.0,0.0,0.0,0.0,0.0,0.0,1.0,0.0,0.0,1.0,0.0,0.0,1.0,0.0,0.0,1.0,0.0,0.0,0.0,0.0775240076142813,2.0017651240606256,2.0301200345583066,-0.195533448938226,1.32322617481906,-0.1716363645789441,-0.3743262111571587,0.0,0.0,17.0,0.0,0.0090070462200541,1.0,0.0,0.0,0.0,0
1.0,0.0,0.0,0.0,0.0,0.0,1.0,0.0,0.0,0.0,0.0,0.0,1.0,0.0,0.0,0.0,0.0,1.0,0.0,1.0,0.0,0.0,0.0,0.0,1.0,0.0,-0.3728429720907997,-0.7056724475223436,-0.5864123425066495,-0.195533448938226,-0.1220116601697222,-1.480459549640576,-0.3743262111571587,0.0,0.0,21.0,0.0,0.0454101854858288,1.0,0.0,0.0,1.0,0
1.0,0.0,0.0,0.0,0.0,1.0,0.0,0.0,0.0,0.0,0.0,0.0,0.0,1.0,0.0,0.0,1.0,0.0,0.0,1.0,0.0,0.0,0.0,0.0,1.0,0.0,-0.3598635383157479,-0.9542785844922732,-0.8469973534253314,-0.195533448938226,0.9627743308288376,-0.49658556914597,-0.3743262111571587,0.0,0.0,14.0,0.0,0.2575039472397014,1.0,0.0,0.0,1.0,0
1.0,0.0,0.0,0.0,0.0,0.0,1.0,0.0,0.0,0.0,0.0,0.0,1.0,0.0,0.0,0.0,1.0,0.0,0.0,1.0,0.0,0.0,0.0,0.0,0.0,1.0,-0.4022888516998725,-1.2242036822826472,-1.1087853877278468,-0.195533448938226,2.024811180807273,0.4692356777615789,-0.3743262111571587,0.0,0.0,0.0,0.0,0.1739721851660722,2.0,0.0,0.0,0.0,0
1.0,0.0,0.0,0.0,0.0,0.0,0.0,0.0,0.0,0.0,1.0,0.0,1.0,0.0,0.0,0.0,1.0,0.0,0.0,1.0,0.0,0.0,0.0,0.0,0.0,1.0,2.290130020476284,1.2844025237105765,0.4644720660448235,-0.195533448938226,1.1810346876459337,-0.2980054996883431,0.0989054085105514,0.0,0.0,11.0,0.0,0.2215632872646478,1.0,0.0,0.0,1.0,0
1.0,0.0,0.0,0.0,0.0,0.0,0.0,0.0,0.0,1.0,0.0,0.0,0.0,1.0,0.0,0.0,1.0,0.0,0.0,1.0,0.0,0.0,1.0,0.0,0.0,0.0,-0.3302820526821597,-0.8260407375478841,-0.7261514803806108,-0.195533448938226,0.7441189514570147,-0.6951656386035969,-0.3743262111571587,0.0,0.0,16.0,0.0,0.0603691501968914,2.0,0.0,0.0,1.0,0
1.0,0.0,0.0,0.0,0.0,0.0,0.0,1.0,0.0,0.0,0.0,0.0,1.0,0.0,0.0,0.0,1.0,0.0,0.0,1.0,0.0,0.0,0.0,0.0,0.0,1.0,-0.2014175848140334,-0.027065829813822,0.0475085094854229,-0.195533448938226,1.6793951426896097,0.1533128399880816,-0.3743262111571587,0.0,0.0,9.0,0.0,0.764871434110498,1.0,0.0,0.0,0.0,0
0.0,1.0,0.0,0.0,0.0,0.0,0.0,0.0,0.0,0.0,0.0,1.0,1.0,0.0,0.0,1.0,0.0,0.0,0.0,1.0,0.0,0.0,0.0,0.0,0.0,1.0,0.011832574881146,0.6550775090883093,0.6694208690256154,-0.195533448938226,1.7005059796406556,0.1713655735751386,-0.3743262111571587,0.0,0.0,12.0,0.0,0.1460481267813674,1.0,0.0,0.0,1.0,0
1.0,0.0,0.0,0.0,0.0,0.0,0.0,1.0,0.0,0.0,0.0,0.0,0.0,1.0,0.0,0.0,0.0,1.0,0.0,1.0,0.0,0.0,1.0,0.0,0.0,0.0,-0.3631180829041191,0.4463405060519196,0.5949711146754855,-0.195533448938226,2.6472004017709403,1.0288704189603457,-0.3743262111571587,0.0,0.0,9.0,0.0,0.0604805895154762,2.0,0.0,0.0,0.0,0
1.0,0.0,0.0,0.0,0.0,1.0,0.0,0.0,0.0,0.0,0.0,0.0,1.0,0.0,0.0,0.0,1.0,0.0,0.0,1.0,0.0,0.0,0.0,0.0,1.0,0.0,0.1776399982851287,-0.10158355902659,-0.1709489416126317,0.1972632846050925,-0.6871142944336538,0.1533128399880816,0.0989054085105514,1.0,0.0,15.0,0.0,0.764871434110498,1.0,0.0,0.0,0.0,0
0.0,1.0,0.0,0.0,0.0,0.0,0.0,0.0,0.0,1.0,0.0,0.0,0.0,1.0,0.0,1.0,0.0,0.0,1.0,0.0,0.0,1.0,0.0,0.0,0.0,0.0,1.6842810475196124,-0.7416032803657886,-1.3929380615635565,-0.195533448938226,0.1383331521883495,-1.245774013008835,3.8847583658522327,0.0,0.0,23.0,0.0,0.411993964975517,1.0,1.0,0.0,1.0,1
1.0,0.0,0.0,0.0,0.0,0.0,1.0,0.0,0.0,0.0,0.0,0.0,0.0,1.0,0.0,0.0,1.0,0.0,0.0,1.0,0.0,0.0,0.0,0.0,0.0,1.0,-0.3844082287530474,-0.853693388314653,-0.7343479830740789,-0.0497712120886915,-0.6965283056326231,-0.6951656386035969,-0.3743262111571587,1.0,1.0,0.0,0.0,0.0603691501968914,2.0,0.0,0.0,1.0,0
1.0,0.0,0.0,1.0,0.0,0.0,0.0,0.0,0.0,0.0,0.0,0.0,0.0,1.0,0.0,0.0,1.0,0.0,0.0,1.0,0.0,0.0,0.0,0.0,1.0,0.0,-0.3000419092152107,-0.5511064589434538,-0.454652293461608,-0.195533448938226,0.5456097223762726,-0.8756929744741667,-0.3743262111571587,0.0,0.0,18.0,0.0,0.8035206888347924,1.0,0.0,0.0,0.0,0
1.0,0.0,0.0,0.0,0.0,0.0,0.0,0.0,0.0,0.0,1.0,0.0,0.0,1.0,0.0,0.0,0.0,1.0,0.0,1.0,0.0,0.0,0.0,0.0,0.0,1.0,-0.2491315331542611,1.3409618817629638,1.472583920310843,-0.195533448938226,1.894877867227151,0.34286654265218,-0.3743262111571587,0.0,0.0,23.0,0.0,0.1657749574930738,2.0,0.0,0.0,1.0,0
1.0,0.0,0.0,0.0,0.0,0.0,0.0,0.0,0.0,1.0,0.0,0.0,0.0,1.0,0.0,0.0,1.0,0.0,0.0,1.0,0.0,0.0,1.0,0.0,0.0,0.0,-0.1551565581650428,1.0923064279636412,1.181647933901229,-0.195533448938226,-0.5350056620708002,-1.850540588175244,-0.3743262111571587,0.0,0.0,12.0,0.0,0.2177883688579468,1.0,0.0,0.0,0.0,0
1.0,0.0,0.0,0.0,0.0,0.0,0.0,0.0,0.0,0.0,1.0,0.0,0.0,0.0,1.0,0.0,1.0,0.0,0.0,1.0,0.0,0.0,0.0,0.0,0.0,1.0,0.7935044447667285,0.664313846707477,0.3865002070890123,-0.195533448938226,-0.3918120650483135,-1.7241714530658452,0.0989054085105514,0.0,0.0,20.0,0.0,0.2797682409679856,2.0,0.0,0.0,1.0,0
1.0,0.0,0.0,0.0,0.0,0.0,0.0,0.0,0.0,1.0,0.0,0.0,1.0,0.0,0.0,0.0,1.0,0.0,0.0,1.0,0.0,0.0,0.0,0.0,0.0,1.0,-0.2358808873301784,0.0322059538551785,0.1213712464012727,-0.195533448938226,-0.4274181506917653,-1.7512505534464309,-0.3743262111571587,0.0,0.0,6.0,0.0,0.029371109676497,1.0,0.0,0.0,1.0,0
1.0,0.0,0.0,0.0,0.0,0.0,1.0,0.0,0.0,0.0,0.0,0.0,1.0,0.0,0.0,0.0,1.0,0.0,0.0,1.0,0.0,0.0,0.0,0.0,1.0,0.0,0.1204917450964677,-0.4530434663262165,-0.5111001798271452,-0.195533448938226,0.7716873676448095,-0.6680865382230113,-0.3743262111571587,0.0,0.0,10.0,0.0,0.1629868474246943,2.0,0.0,0.0,1.0,0
1.0,0.0,0.0,0.0,0.0,0.0,0.0,0.0,0.0,1.0,0.0,0.0,1.0,0.0,0.0,0.0,1.0,0.0,0.0,1.0,0.0,0.0,0.0,0.0,0.0,1.0,-0.3981431818075425,1.4571664223354697,1.6478629779096206,-0.195533448938226,0.0995377791819959,-1.2728531133894203,2.465063506849102,0.0,0.0,2.0,0.0,0.3978259922675418,2.0,1.0,0.0,1.0,1
1.0,0.0,0.0,1.0,0.0,0.0,0.0,0.0,0.0,0.0,0.0,0.0,0.0,1.0,0.0,0.0,1.0,0.0,0.0,1.0,0.0,0.0,0.0,0.0,1.0,0.0,0.3552645181111734,0.7906424278282246,0.6803930220564822,-0.195533448938226,1.1918624637776103,-0.2889791328948146,-0.3743262111571587,0.0,0.0,13.0,0.0,0.7138719138583228,1.0,0.0,0.0,0.0,0
0.0,1.0,0.0,0.0,0.0,0.0,0.0,0.0,0.0,1.0,0.0,0.0,1.0,0.0,0.0,1.0,0.0,0.0,0.0,1.0,0.0,0.0,0.0,0.0,0.0,1.0,0.5528424958302083,1.6536939874664305,1.4942600826063006,-0.195533448938226,-0.6458157258699769,-1.9498306229040576,-0.3743262111571587,0.0,0.0,9.0,0.0,0.224876182348314,1.0,0.0,0.0,0.0,0
1.0,0.0,0.0,0.0,0.0,0.0,0.0,1.0,0.0,0.0,0.0,0.0,0.0,1.0,0.0,0.0,0.0,1.0,0.0,1.0,0.0,0.0,1.0,0.0,0.0,0.0,-0.3185230731277471,0.0791626206986215,0.2005896115138269,-0.195533448938226,0.6754473989168291,-0.7583502061582963,-0.3743262111571587,0.0,0.0,19.0,0.0,0.0361110947126189,1.0,0.0,0.0,0.0,0
1.0,0.0,0.0,0.0,0.0,0.0,0.0,0.0,0.0,1.0,0.0,0.0,0.0,1.0,0.0,0.0,1.0,0.0,0.0,1.0,0.0,0.0,0.0,0.0,1.0,0.0,0.3824244675926997,1.6697571833258522,1.5745365285263229,-0.195533448938226,0.7423101639695802,-0.6951656386035969,-0.3743262111571587,0.0,0.0,11.0,0.0,0.2779753150284881,1.0,0.0,0.0,1.0,0
0.0,0.0,1.0,0.0,0.0,0.0,0.0,0.0,0.0,1.0,0.0,0.0,0.0,1.0,0.0,0.0,1.0,0.0,0.0,1.0,0.0,1.0,0.0,0.0,0.0,0.0,-0.1588954099838264,0.2822352336161622,0.3497645111091808,-0.195533448938226,0.5650864133903949,-0.8576402408871098,0.0989054085105514,0.0,0.0,17.0,0.0,0.2083543684981106,2.0,0.0,0.0,1.0,0
1.0,0.0,0.0,0.0,0.0,0.0,0.0,1.0,0.0,0.0,0.0,0.0,1.0,0.0,0.0,0.0,1.0,0.0,0.0,1.0,0.0,0.0,0.0,0.0,1.0,0.0,-0.2239669294620339,-0.4971045307581586,-0.4275625259388995,-0.195533448938226,0.6337579659305804,-0.7944556733324103,-0.3743262111571587,0.0,0.0,14.0,0.0,0.0392837214130572,2.0,0.0,0.0,1.0,0
1.0,0.0,0.0,0.0,0.0,1.0,0.0,0.0,0.0,0.0,0.0,0.0,0.0,1.0,0.0,0.0,1.0,0.0,0.0,1.0,0.0,0.0,0.0,0.0,1.0,0.0,0.6246943165341892,1.1608497755585188,0.9604148324657752,-0.195533448938226,1.961478669954136,0.4060511102068794,-0.3743262111571587,0.0,0.0,16.0,0.0,0.8126448195730781,1.0,0.0,0.0,1.0,0
1.0,0.0,0.0,1.0,0.0,0.0,0.0,0.0,0.0,0.0,0.0,0.0,0.0,0.0,1.0,0.0,0.0,1.0,0.0,1.0,0.0,0.0,0.0,0.0,1.0,0.0,-0.227376452364137,0.6519071414844759,0.7556472077054407,-0.195533448938226,-0.3315607301220472,-1.6700132523046742,-0.3743262111571587,0.0,0.0,21.0,0.0,0.2423099277033597,2.0,0.0,0.0,0.0,0
1.0,0.0,0.0,0.0,0.0,1.0,0.0,0.0,0.0,0.0,0.0,0.0,0.0,1.0,0.0,0.0,1.0,0.0,0.0,0.0,1.0,0.0,0.0,0.0,1.0,0.0,2.090498580100301,-0.5304215716437763,-1.32767041942618,-0.195533448938226,1.6373397940737189,0.1172073728139676,3.4115267461845225,0.0,0.0,4.0,0.0,0.2762518245054365,2.0,1.0,0.0,1.0,1
1.0,0.0,0.0,0.0,0.0,0.0,0.0,1.0,0.0,0.0,0.0,0.0,0.0,1.0,0.0,0.0,0.0,1.0,0.0,1.0,0.0,0.0,0.0,0.0,0.0,1.0,-0.3984725107242229,-1.374584785624477,-1.2649030367311078,-0.195533448938226,2.0905387757817038,0.5233938785227499,-0.3743262111571587,0.0,0.0,14.0,0.0,0.2926397455290384,1.0,0.0,0.0,1.0,0
1.0,0.0,0.0,0.0,0.0,0.0,0.0,0.0,0.0,1.0,0.0,0.0,1.0,0.0,0.0,0.0,1.0,0.0,0.0,1.0,0.0,0.0,0.0,0.0,0.0,1.0,-0.3070353056223655,-0.3139559169153753,-0.2080904768062864,0.5605733388978302,-0.6820829545260773,0.1623392067816101,-0.3743262111571587,1.0,0.0,10.0,0.0,0.764871434110498,1.0,0.0,0.0,0.0,0
1.0,0.0,0.0,1.0,0.0,0.0,0.0,0.0,0.0,0.0,0.0,0.0,0.0,1.0,0.0,0.0,1.0,0.0,0.0,1.0,0.0,0.0,0.0,0.0,1.0,0.0,-0.2327425764771062,-0.6156058265281084,-0.5461762833075917,-0.195533448938226,0.5825713591022617,-0.8395875073000528,-0.3743262111571587,0.0,0.0,11.0,0.0,0.1122895878012226,2.0,0.0,0.0,0.0,0
1.0,0.0,0.0,0.0,0.0,0.0,1.0,0.0,0.0,0.0,0.0,0.0,0.0,1.0,0.0,0.0,1.0,0.0,0.0,1.0,0.0,0.0,0.0,0.0,1.0,0.0,-0.3022116056074581,1.0068826341936865,1.148789451839174,-0.195533448938226,2.5611436986906084,0.947633117818589,-0.3743262111571587,0.0,0.0,18.0,0.0,0.957965239423994,2.0,0.0,0.0,1.0,0
1.0,0.0,0.0,0.0,0.0,0.0,0.0,0.0,0.0,0.0,1.0,0.0,1.0,0.0,0.0,0.0,1.0,0.0,0.0,1.0,0.0,0.0,0.0,0.0,0.0,1.0,0.1707822079024893,-0.563421575769011,-0.643454493435285,0.1540359613712434,-0.6797169773298698,-0.7854293065388818,-0.3743262111571587,0.0,0.0,15.0,0.0,0.0392837214130572,2.0,0.0,0.0,1.0,0
0.0,1.0,0.0,0.0,0.0,0.0,0.0,0.0,0.0,0.0,0.0,1.0,1.0,0.0,0.0,1.0,0.0,0.0,0.0,1.0,0.0,0.0,0.0,0.0,0.0,1.0,-0.3956054119201816,-1.4687306129356446,-1.3628189941948092,-0.195533448938226,0.0325253213716641,-1.33603768094412,-0.3743262111571587,0.0,0.0,9.0,0.0,0.0653897202417576,1.0,0.0,0.0,1.0,0
1.0,0.0,0.0,0.0,0.0,0.0,0.0,1.0,0.0,0.0,0.0,0.0,1.0,0.0,0.0,0.0,1.0,0.0,0.0,1.0,0.0,0.0,0.0,0.0,0.0,1.0,-0.0268345143949784,1.2427720744415731,1.2884198827808613,-0.195533448938226,0.7579738477975475,-0.6771129050165399,-0.3743262111571587,0.0,0.0,1.0,0.0,0.236210396538569,2.0,0.0,0.0,1.0,0
1.0,0.0,0.0,1.0,0.0,0.0,0.0,0.0,0.0,0.0,0.0,0.0,0.0,1.0,0.0,0.0,1.0,0.0,0.0,1.0,0.0,0.0,0.0,0.0,1.0,0.0,-0.014339387850339,0.2645023108187208,0.2774454126316236,-0.195533448938226,2.8484082586202915,1.2093977548309154,-0.3743262111571587,0.0,0.0,13.0,0.0,0.2352849527442644,2.0,0.0,0.0,1.0,0
1.0,0.0,0.0,0.0,0.0,0.0,0.0,0.0,0.0,0.0,1.0,0.0,0.0,1.0,0.0,0.0,0.0,1.0,0.0,1.0,0.0,0.0,0.0,0.0,0.0,1.0,-0.2772600970966122,0.0470855458091697,0.1521570496213011,-0.195533448938226,2.872171983886241,1.2274504884179724,-0.3743262111571587,0.0,0.0,22.0,1.0,0.0974914148822994,1.0,0.0,0.0,1.0,0
1.0,0.0,0.0,0.0,0.0,0.0,0.0,0.0,0.0,1.0,0.0,0.0,0.0,1.0,0.0,0.0,1.0,0.0,0.0,1.0,0.0,0.0,0.0,0.0,1.0,0.0,0.1108637173558697,0.5724436388097278,0.5473719725970609,-0.195533448938226,2.5602205933521933,0.947633117818589,-0.3743262111571587,0.0,0.0,15.0,1.0,0.246864074681517,1.0,0.0,0.0,0.0,0
1.0,0.0,0.0,0.0,0.0,0.0,0.0,0.0,0.0,1.0,0.0,0.0,0.0,1.0,0.0,0.0,1.0,0.0,0.0,1.0,0.0,0.0,0.0,0.0,1.0,0.0,-0.3702470853357893,-0.8616615788922877,-0.7478421369337054,-0.1016514273444366,-0.6646146413428305,-0.6771129050165399,-0.3743262111571587,0.0,0.0,12.0,1.0,0.0603691501968914,2.0,0.0,0.0,1.0,0
1.0,0.0,0.0,0.0,0.0,0.0,0.0,1.0,0.0,0.0,0.0,0.0,0.0,1.0,0.0,0.0,0.0,1.0,0.0,1.0,0.0,0.0,0.0,0.0,0.0,1.0,-0.3567252274626757,-0.796112467367697,-0.6854733463236383,-0.195533448938226,0.4735950315834497,-0.9388775420288662,-0.3743262111571587,0.0,0.0,13.0,1.0,0.1405095408521473,2.0,0.0,0.0,1.0,0
1.0,0.0,0.0,1.0,0.0,0.0,0.0,0.0,0.0,0.0,0.0,0.0,1.0,0.0,0.0,0.0,1.0,0.0,0.0,1.0,0.0,0.0,0.0,0.0,1.0,0.0,0.3269228589874409,1.1492039585604374,1.0598309455948594,-0.195533448938226,1.7023854553747253,0.1713655735751386,-0.3743262111571587,0.0,0.0,16.0,1.0,0.9824883216617316,1.0,0.0,0.0,0.0,0
1.0,0.0,0.0,0.0,0.0,0.0,1.0,0.0,0.0,0.0,0.0,0.0,1.0,0.0,0.0,0.0,1.0,0.0,0.0,1.0,0.0,0.0,0.0,0.0,1.0,0.0,-0.314842338176613,0.1459657887420618,0.2679299324932299,-0.195533448938226,1.7538714477182054,0.216497407542781,-0.3743262111571587,0.0,0.0,20.0,1.0,0.2363816900703764,2.0,0.0,0.0,1.0,0
1.0,0.0,0.0,1.0,0.0,0.0,0.0,0.0,0.0,0.0,0.0,0.0,0.0,1.0,0.0,0.0,1.0,0.0,0.0,1.0,0.0,0.0,0.0,0.0,1.0,0.0,0.4409481533157319,1.2837966312351774,1.1556234943148067,0.1057951599272828,-0.6736003649298328,0.360919276239237,-0.3743262111571587,0.0,0.0,14.0,1.0,0.1657749574930738,2.0,0.0,0.0,1.0,0
1.0,0.0,0.0,0.0,0.0,0.0,0.0,0.0,0.0,0.0,1.0,0.0,1.0,0.0,0.0,0.0,1.0,0.0,0.0,1.0,0.0,0.0,0.0,0.0,0.0,1.0,0.5654151115317136,-0.1038309973946408,-0.3183265532610539,-0.195533448938226,2.521944986865218,0.9115276506444752,-0.3743262111571587,0.0,0.0,19.0,1.0,0.2297099168724586,2.0,0.0,0.0,1.0,0
1.0,0.0,0.0,0.0,0.0,0.0,0.0,1.0,0.0,0.0,0.0,0.0,0.0,1.0,0.0,0.0,1.0,0.0,0.0,1.0,0.0,0.0,0.0,0.0,0.0,1.0,-0.081425625407062,-0.0405011431927337,-0.0112004810714157,-0.195533448938226,2.448050820338325,0.8483430830897757,-0.3743262111571587,0.0,0.0,10.0,1.0,0.0165373365335578,2.0,0.0,0.0,1.0,0
1.0,0.0,0.0,0.0,0.0,0.0,0.0,1.0,0.0,0.0,0.0,0.0,0.0,1.0,0.0,0.0,1.0,0.0,0.0,1.0,0.0,0.0,1.0,0.0,0.0,0.0,-0.2870043585725094,-0.5532341278686931,-0.4617182440594253,-0.195533448938226,0.9228853690657132,-0.532691036320084,-0.3743262111571587,0.0,0.0,14.0,1.0,0.1143421835130449,2.0,0.0,0.0,0.0,0
1.0,0.0,0.0,1.0,0.0,0.0,0.0,0.0,0.0,0.0,0.0,0.0,1.0,0.0,0.0,0.0,1.0,0.0,0.0,1.0,0.0,0.0,0.0,0.0,1.0,0.0,-0.1293332966394547,-0.2889875107198519,-0.2488845649243513,-0.195533448938226,-0.3124915360591171,-1.6519605187176172,-0.3743262111571587,0.0,0.0,19.0,1.0,0.21836438169054,1.0,0.0,0.0,0.0,0
0.0,1.0,0.0,0.0,0.0,0.0,0.0,0.0,0.0,0.0,0.0,1.0,1.0,0.0,0.0,1.0,0.0,0.0,0.0,1.0,0.0,0.0,1.0,0.0,0.0,0.0,0.5742101308360025,1.4541933220492087,1.2810495527726764,-0.1798616874221741,-0.6666729167595664,-1.2548003798023637,-0.3743262111571587,0.0,0.0,9.0,1.0,0.3978259922675418,2.0,1.0,1.0,1.0,0
1.0,0.0,0.0,0.0,0.0,0.0,0.0,1.0,0.0,0.0,0.0,0.0,0.0,1.0,0.0,0.0,0.0,1.0,0.0,1.0,0.0,0.0,1.0,0.0,0.0,0.0,-0.4044391758029035,-1.380876204002751,-1.2691426070897982,-0.195533448938226,1.8384270650905743,0.2977347086845375,-0.3743262111571587,0.0,0.0,8.0,1.0,0.1073994960049018,1.0,0.0,0.0,0.0,0
1.0,0.0,0.0,0.0,0.0,0.0,1.0,0.0,0.0,0.0,0.0,0.0,1.0,0.0,0.0,0.0,1.0,0.0,0.0,1.0,0.0,0.0,0.0,0.0,0.0,1.0,-0.3930676420328208,0.8928198530691032,1.0654474704290218,-0.195533448938226,0.6276746185877834,-0.7944556733324103,-0.3743262111571587,0.0,0.0,0.0,1.0,0.0288536928527474,1.0,0.0,0.0,0.0,0
1.0,0.0,0.0,0.0,0.0,0.0,0.0,0.0,0.0,0.0,1.0,0.0,1.0,0.0,0.0,0.0,1.0,0.0,0.0,1.0,0.0,0.0,0.0,0.0,0.0,1.0,-0.1255363279530216,-1.2256690966417525,-1.213825272819912,-0.1878089788070914,-0.6542359434838961,0.4963147781421644,-0.3743262111571587,0.0,0.0,13.0,1.0,0.1739721851660722,2.0,0.0,0.0,0.0,0
1.0,0.0,0.0,0.0,0.0,1.0,0.0,0.0,0.0,0.0,0.0,0.0,1.0,0.0,0.0,0.0,1.0,0.0,0.0,0.0,1.0,0.0,0.0,1.0,0.0,0.0,7.1231093619182975,1.458970009238984,-1.163965026550186,-0.195533448938226,1.4970194663703524,-0.0091617622954312,3.4115267461845225,0.0,0.0,3.0,1.0,0.2391132747165187,2.0,1.0,0.0,1.0,1
1.0,0.0,0.0,0.0,0.0,0.0,0.0,0.0,0.0,1.0,0.0,0.0,0.0,1.0,0.0,0.0,1.0,0.0,0.0,1.0,0.0,0.0,1.0,0.0,0.0,0.0,-0.2307472306878072,0.61106576148576,0.7148966023602853,-0.195533448938226,-0.6126629381979879,-1.922751522523472,-0.3743262111571587,0.0,0.0,17.0,1.0,0.1837730892861691,2.0,0.0,0.0,1.0,0
1.0,0.0,0.0,0.0,0.0,0.0,1.0,0.0,0.0,0.0,0.0,0.0,1.0,0.0,0.0,0.0,0.0,1.0,0.0,1.0,0.0,0.0,0.0,0.0,1.0,0.0,-0.3622075853109439,-0.4477313392744601,-0.3250591359332306,-0.195533448938226,0.6764786156912745,-0.7583502061582963,-0.3743262111571587,0.0,0.0,21.0,1.0,0.9214855655814652,1.0,0.0,0.0,0.0,0
1.0,0.0,0.0,0.0,0.0,1.0,0.0,0.0,0.0,0.0,0.0,0.0,0.0,1.0,0.0,0.0,1.0,0.0,0.0,1.0,0.0,0.0,0.0,0.0,1.0,0.0,-0.2115299197850439,1.7024542412133876,1.8303674229402171,-0.195533448938226,1.7997314872559416,0.2616292415104235,-0.3743262111571587,0.0,0.0,11.0,1.0,0.2185589018097827,2.0,0.0,0.0,1.0,0
1.0,0.0,0.0,0.0,0.0,0.0,0.0,1.0,0.0,0.0,0.0,0.0,0.0,1.0,0.0,0.0,1.0,0.0,0.0,1.0,0.0,0.0,1.0,0.0,0.0,0.0,0.1649511488483243,1.6789019325475765,1.6652995698463875,-0.195533448938226,2.172221123834952,0.5956048128709778,-0.3743262111571587,0.0,0.0,18.0,1.0,0.0434267701695467,2.0,0.0,0.0,1.0,0
1.0,0.0,0.0,0.0,0.0,0.0,0.0,0.0,0.0,1.0,0.0,0.0,0.0,0.0,1.0,1.0,0.0,0.0,0.0,1.0,0.0,0.0,0.0,0.0,0.0,1.0,-0.3438039105552734,1.3242505218600908,1.490810449288802,-0.195533448938226,-0.3677822193244424,-1.6970923526852597,-0.3743262111571587,0.0,0.0,6.0,1.0,0.1907642478260222,2.0,0.0,0.0,1.0,0
1.0,0.0,0.0,0.0,0.0,0.0,0.0,0.0,0.0,1.0,0.0,0.0,1.0,0.0,0.0,0.0,1.0,0.0,0.0,1.0,0.0,0.0,0.0,0.0,1.0,0.0,-0.3512816141928406,-1.3840043000385331,-1.292246453762456,-0.195533448938226,2.9070337638739443,1.2635559555920863,-0.3743262111571587,0.0,0.0,10.0,1.0,0.956920142406184,2.0,0.0,0.0,0.0,0
1.0,0.0,0.0,0.0,0.0,1.0,0.0,0.0,0.0,0.0,0.0,0.0,1.0,0.0,0.0,0.0,1.0,0.0,0.0,1.0,0.0,0.0,0.0,0.0,1.0,0.0,1.6039441641388066,1.0935957107892,0.5248986261315931,-0.195533448938226,2.9194956859425445,1.272582322385615,0.0989054085105514,0.0,0.0,15.0,1.0,0.8617765740030365,2.0,0.0,0.0,0.0,0
1.0,0.0,0.0,0.0,0.0,0.0,0.0,0.0,0.0,1.0,0.0,0.0,0.0,1.0,0.0,0.0,0.0,1.0,0.0,1.0,0.0,0.0,0.0,0.0,0.0,1.0,-0.3979494589153776,0.5136720686959988,0.6772622624069877,1.2644285427218367,-0.6644358416601647,-0.2619000325142291,2.938295126516812,0.0,0.0,2.0,1.0,0.9566462966299872,1.0,1.0,0.0,0.0,1
1.0,0.0,0.0,0.0,0.0,0.0,0.0,0.0,0.0,0.0,1.0,0.0,0.0,1.0,0.0,0.0,0.0,1.0,0.0,1.0,0.0,0.0,0.0,0.0,0.0,1.0,-0.3902974046748619,-1.0318328213433796,-0.9153885080833842,-0.195533448938226,2.3733125529839625,0.7761321487415477,-0.3743262111571587,0.0,0.0,22.0,1.0,0.0220980548284439,1.0,0.0,0.0,0.0,0
1.0,0.0,0.0,1.0,0.0,0.0,0.0,0.0,0.0,0.0,0.0,0.0,0.0,1.0,0.0,0.0,1.0,0.0,0.0,1.0,0.0,0.0,0.0,0.0,1.0,0.0,-0.2460513391688384,-0.0603687801767561,0.0299487163587448,-0.195533448938226,1.2216637969326518,-0.2619000325142291,-0.3743262111571587,0.0,0.0,12.0,1.0,0.2128650903004286,2.0,0.0,0.0,1.0,0
1.0,0.0,0.0,0.0,0.0,0.0,0.0,0.0,0.0,0.0,1.0,0.0,1.0,0.0,0.0,0.0,1.0,0.0,0.0,1.0,0.0,0.0,0.0,0.0,0.0,1.0,0.5315136054028471,0.03289638946668,-0.1649990488528286,-0.195533448938226,0.8640477990721542,-0.5868492370812549,-0.3743262111571587,0.0,0.0,16.0,0.0,0.233086853362004,1.0,0.0,0.0,1.0,0
1.0,0.0,0.0,0.0,0.0,0.0,0.0,1.0,0.0,0.0,0.0,0.0,0.0,1.0,0.0,0.0,1.0,0.0,0.0,1.0,0.0,0.0,1.0,0.0,0.0,0.0,-0.3637186238698305,0.0319945960149228,0.168977635608515,-0.195533448938226,-0.5643412844244792,-1.8776196885558296,-0.3743262111571587,0.0,0.0,13.0,0.0,0.0238708057689544,2.0,0.0,0.0,1.0,0
0.0,0.0,1.0,0.0,0.0,0.0,0.0,0.0,0.0,1.0,0.0,0.0,0.0,1.0,0.0,0.0,1.0,0.0,0.0,1.0,0.0,1.0,0.0,0.0,0.0,0.0,-0.1631960581898884,0.2509260922129722,0.3191671332384277,-0.195533448938226,1.4904496175654178,-0.0181881290889597,0.0989054085105514,0.0,0.0,11.0,0.0,0.2374398743911713,1.0,0.0,0.0,1.0,0
1.0,0.0,0.0,1.0,0.0,0.0,0.0,0.0,0.0,0.0,0.0,0.0,0.0,0.0,1.0,0.0,1.0,0.0,0.0,1.0,0.0,0.0,0.0,0.0,1.0,0.0,0.2022815501685106,1.644542192983364,1.6159901053668506,-0.195533448938226,-0.4718561090324837,-1.7963823874140732,-0.3743262111571587,0.0,0.0,20.0,0.0,0.2320175064143674,1.0,0.0,0.0,1.0,0
0.0,1.0,0.0,0.0,1.0,0.0,0.0,0.0,0.0,0.0,0.0,0.0,1.0,0.0,0.0,1.0,0.0,0.0,0.0,1.0,0.0,1.0,0.0,0.0,0.0,0.0,0.5085961872597331,0.7008083004582701,0.5306238578980297,-0.195533448938226,2.5280158598115494,0.9205540174380036,0.0989054085105514,0.0,0.0,10.0,0.0,0.1873555389840371,2.0,0.0,0.0,1.0,0
1.0,0.0,0.0,0.0,0.0,0.0,0.0,0.0,1.0,0.0,0.0,0.0,0.0,1.0,0.0,0.0,0.0,1.0,0.0,1.0,0.0,0.0,0.0,0.0,1.0,0.0,-0.4037030288126766,-1.469956488409127,-1.3610506947631504,-0.195533448938226,1.1641069316428396,-0.3160582332754001,1.0453686478459718,0.0,0.0,18.0,0.0,0.2597871619098845,2.0,0.0,0.0,0.0,0
1.0,0.0,0.0,1.0,0.0,0.0,0.0,0.0,0.0,0.0,0.0,0.0,0.0,1.0,0.0,0.0,1.0,0.0,0.0,1.0,0.0,0.0,0.0,0.0,1.0,0.0,0.0617355919028377,0.3739293099803654,0.3615483425676947,-0.195533448938226,2.730417100589392,1.1010813533085737,-0.3743262111571587,0.0,0.0,17.0,0.0,0.0502764735272282,1.0,0.0,0.0,1.0,0
1.0,0.0,0.0,0.0,0.0,0.0,1.0,0.0,0.0,0.0,0.0,0.0,0.0,1.0,0.0,0.0,1.0,0.0,0.0,1.0,0.0,0.0,0.0,0.0,0.0,1.0,-0.3668763070121192,1.3516354526958696,1.5276113694279982,-0.195533448938226,-0.1986876171083246,-1.5436441171952753,-0.3743262111571587,0.0,0.0,4.0,0.0,0.2601398764882172,2.0,0.0,0.0,1.0,0
1.0,0.0,0.0,0.0,0.0,0.0,0.0,0.0,0.0,1.0,0.0,0.0,0.0,1.0,0.0,0.0,1.0,0.0,0.0,1.0,0.0,0.0,0.0,0.0,0.0,1.0,0.1215959655818079,0.2279655854998765,0.1890086996622248,2.1045389432339814,-0.6523689421462913,-1.6880659858917313,-0.3743262111571587,0.0,0.0,14.0,0.0,0.2797682409679856,2.0,0.0,0.0,1.0,0
0.0,1.0,0.0,0.0,0.0,0.0,0.0,0.0,0.0,1.0,0.0,0.0,1.0,0.0,0.0,1.0,0.0,0.0,0.0,1.0,0.0,0.0,0.0,0.0,0.0,1.0,3.855643456639697,1.9269726296555247,0.5397987229819646,-0.195533448938226,1.6994082327517297,0.1713655735751386,-0.3743262111571587,0.0,0.0,9.0,0.0,0.2537001528119603,2.0,0.0,0.0,0.0,0
1.0,0.0,0.0,0.0,0.0,0.0,0.0,1.0,0.0,0.0,0.0,0.0,0.0,1.0,0.0,0.0,1.0,0.0,0.0,1.0,0.0,0.0,1.0,0.0,0.0,0.0,-0.3957991348123466,-0.9711731211900344,-0.8509325443736545,-0.1064792211763958,-0.6357821529799093,-0.4514537351783275,-0.3743262111571587,0.0,0.0,23.0,0.0,0.2575039472397014,1.0,0.0,0.0,1.0,0
1.0,0.0,0.0,0.0,0.0,1.0,0.0,0.0,0.0,0.0,0.0,0.0,1.0,0.0,0.0,0.0,1.0,0.0,0.0,0.0,1.0,0.0,0.0,1.0,0.0,0.0,-0.2369657355263022,-1.438457124949707,-1.391024819555532,4.590889903568549,-0.6599991146507564,0.1442864731945531,3.4115267461845225,0.0,0.0,4.0,0.0,0.4315021894065238,2.0,2.0,1.0,1.0,1
1.0,0.0,0.0,0.0,0.0,0.0,0.0,0.0,0.0,1.0,0.0,0.0,0.0,1.0,0.0,0.0,1.0,0.0,0.0,1.0,0.0,0.0,1.0,0.0,0.0,0.0,-0.1885737570634971,1.6501009041820855,1.7679261610419676,-0.195533448938226,2.4702469297818315,0.8663958166768326,-0.3743262111571587,0.0,0.0,15.0,0.0,0.1381486151223167,2.0,0.0,0.0,1.0,0
1.0,0.0,0.0,0.0,0.0,0.0,0.0,0.0,0.0,0.0,1.0,0.0,1.0,0.0,0.0,0.0,1.0,0.0,0.0,1.0,0.0,0.0,0.0,0.0,0.0,1.0,-0.2155981005205079,-0.3614057520527482,-0.2911063374196163,-0.195533448938226,2.023064765302164,0.4602093109680504,-0.3743262111571587,0.0,0.0,20.0,0.0,0.2754263913495592,2.0,0.0,0.0,0.0,0
1.0,0.0,0.0,0.0,0.0,0.0,1.0,0.0,0.0,0.0,0.0,0.0,0.0,1.0,0.0,0.0,0.0,1.0,0.0,1.0,0.0,0.0,0.0,0.0,1.0,0.0,-0.3725911323309853,-0.8361084160053907,-0.720679898122814,-0.195533448938226,2.850898979781149,1.2093977548309154,-0.3743262111571587,0.0,0.0,19.0,0.0,0.1614731058958141,1.0,0.0,0.0,1.0,0
1.0,0.0,0.0,0.0,0.0,0.0,0.0,0.0,0.0,0.0,0.0,1.0,0.0,1.0,0.0,1.0,0.0,0.0,0.0,1.0,0.0,0.0,0.0,0.0,0.0,1.0,-0.1730952979795174,-0.4572283515632765,-0.4055747371042558,1.6672893695610085,-0.6738623272555991,0.929580384231532,-0.3743262111571587,0.0,0.0,10.0,0.0,0.2297099168724586,2.0,0.0,0.0,1.0,0
1.0,0.0,0.0,1.0,0.0,0.0,0.0,0.0,0.0,0.0,0.0,0.0,0.0,0.0,1.0,0.0,1.0,0.0,0.0,1.0,0.0,0.0,0.0,0.0,1.0,0.0,-0.308623833338118,-0.7279495638852795,-0.6333519958626109,-0.195533448938226,2.342783546701793,0.7490530483609622,-0.3743262111571587,0.0,0.0,21.0,0.0,0.9434765956938906,1.0,0.0,0.0,0.0,0
1.0,0.0,0.0,1.0,0.0,0.0,0.0,0.0,0.0,0.0,0.0,0.0,0.0,1.0,0.0,0.0,1.0,0.0,0.0,1.0,0.0,0.0,0.0,0.0,1.0,0.0,-0.3743927552281194,-1.185764736401503,-1.0796809183936582,-0.195533448938226,0.4548543299607662,-0.9569302756159233,-0.3743262111571587,0.0,0.0,16.0,0.0,0.1015890523390586,2.0,0.0,0.0,1.0,0
1.0,0.0,0.0,0.0,0.0,0.0,1.0,0.0,0.0,0.0,0.0,0.0,1.0,0.0,0.0,0.0,0.0,1.0,0.0,1.0,0.0,0.0,0.0,0.0,1.0,0.0,-0.3622075853109439,0.2648475286244714,0.407937214133467,-0.195533448938226,-0.4610033841078766,-1.7873560206205448,-0.3743262111571587,0.0,0.0,22.0,0.0,0.1945772100546086,1.0,0.0,0.0,1.0,0
1.0,0.0,0.0,0.0,0.0,0.0,0.0,1.0,0.0,0.0,0.0,0.0,0.0,1.0,0.0,0.0,1.0,0.0,0.0,1.0,0.0,0.0,1.0,0.0,0.0,0.0,-0.3320449310008608,-0.1667522264387206,-0.0473129239728755,-0.195533448938226,1.4131083594820115,-0.0903990634371877,-0.3743262111571587,0.0,0.0,17.0,0.0,0.0135431276824813,1.0,0.0,0.0,1.0,0
1.0,0.0,0.0,0.0,0.0,0.0,0.0,1.0,0.0,0.0,0.0,0.0,0.0,1.0,0.0,0.0,1.0,0.0,0.0,1.0,0.0,0.0,1.0,0.0,0.0,0.0,-0.4039354962832746,-1.3014972444641049,-1.187677632043579,-0.195533448938226,-0.5745744476579879,-1.886646055349358,-0.3743262111571587,0.0,0.0,12.0,0.0,0.2515503609277085,2.0,0.0,0.0,1.0,0
1.0,0.0,0.0,0.0,0.0,0.0,0.0,0.0,0.0,1.0,0.0,0.0,1.0,0.0,0.0,0.0,1.0,0.0,0.0,1.0,0.0,0.0,0.0,0.0,1.0,0.0,-0.1607938943270429,-0.7732999111427805,-0.7353046040780911,0.5324235871699456,-0.6514583112043416,-0.7493238393647679,-0.3743262111571587,0.0,0.0,11.0,0.0,0.0392837214130572,2.0,0.0,0.0,1.0,0
1.0,0.0,0.0,0.0,0.0,0.0,0.0,0.0,0.0,1.0,0.0,0.0,1.0,0.0,0.0,0.0,1.0,0.0,0.0,1.0,0.0,0.0,0.0,0.0,0.0,1.0,-0.3430483912758301,0.0165020663241902,0.1453085128880318,-0.1138694594268562,-0.6810808446767171,-1.8685933217623008,-0.3743262111571587,1.0,0.0,10.0,0.0,0.0238708057689544,2.0,0.0,0.0,1.0,0
1.0,0.0,0.0,0.0,0.0,0.0,0.0,0.0,0.0,1.0,0.0,0.0,0.0,1.0,0.0,0.0,1.0,0.0,0.0,1.0,0.0,0.0,0.0,0.0,1.0,0.0,0.0714798533787348,1.641928401025537,1.662234034356258,-0.195533448938226,-0.2552257400201564,-1.5978023179564462,-0.3743262111571587,0.0,0.0,13.0,0.0,0.2859596708448945,1.0,0.0,0.0,1.0,0
0.0,1.0,0.0,0.0,0.0,0.0,0.0,0.0,0.0,1.0,0.0,0.0,0.0,1.0,0.0,1.0,0.0,0.0,0.0,1.0,0.0,1.0,0.0,0.0,0.0,0.0,0.2692321817007182,-0.6984792356923127,-0.8192118615360687,-0.195533448938226,0.0653080352818561,-1.3089585805635344,-0.3743262111571587,0.0,0.0,15.0,0.0,0.9559582161807316,2.0,0.0,0.0,0.0,0
1.0,0.0,0.0,1.0,0.0,0.0,0.0,0.0,0.0,0.0,0.0,0.0,0.0,0.0,1.0,0.0,1.0,0.0,0.0,1.0,0.0,0.0,0.0,0.0,1.0,0.0,-0.2278801318837659,0.5105580631829002,0.6104364875736822,-0.195533448938226,-0.4923265936316562,-1.8144351210011305,0.0989054085105514,0.0,0.0,18.0,0.0,0.2840633953278509,1.0,0.0,0.0,1.0,0
0.0,1.0,0.0,0.0,0.0,0.0,0.0,0.0,0.0,1.0,0.0,0.0,0.0,1.0,0.0,1.0,0.0,0.0,1.0,0.0,0.0,1.0,0.0,0.0,0.0,0.0,6.346474287229005,0.988536773659504,-1.357340164808194,-0.195533448938226,2.2752554805042378,0.6948948475997913,3.8847583658522327,0.0,0.0,2.0,0.0,0.29817909484403,2.0,1.0,0.0,0.0,1
1.0,0.0,0.0,0.0,0.0,0.0,0.0,1.0,0.0,0.0,0.0,0.0,0.0,1.0,0.0,0.0,0.0,1.0,0.0,1.0,0.0,0.0,0.0,0.0,0.0,1.0,-0.3673606142425316,-0.3369023331057871,-0.2091268162272997,-0.195533448938226,-0.4115881415775973,-1.7422241866529022,-0.3743262111571587,0.0,0.0,20.0,0.0,0.0049911061287374,1.0,0.0,0.0,1.0,0
1.0,0.0,0.0,0.0,0.0,1.0,0.0,0.0,0.0,0.0,0.0,0.0,1.0,0.0,0.0,0.0,1.0,0.0,0.0,1.0,0.0,0.0,0.0,0.0,1.0,0.0,-0.1495192220030427,-0.3500628812923665,-0.3041584164213279,0.3719922844463816,-0.6480444847050686,0.198444673955724,-0.3743262111571587,0.0,0.0,14.0,0.0,0.764871434110498,1.0,0.0,0.0,0.0,0
1.0,0.0,0.0,0.0,0.0,0.0,0.0,0.0,0.0,0.0,1.0,0.0,1.0,0.0,0.0,0.0,1.0,0.0,0.0,1.0,0.0,0.0,0.0,0.0,0.0,1.0,0.5578599187372806,0.4306295732595899,0.2342742662611649,-0.1127182162823121,-0.6368591092080599,1.074002252927988,-0.3743262111571587,0.0,0.0,16.0,0.0,0.0604805895154762,2.0,0.0,0.0,0.0,0
1.0,0.0,0.0,0.0,0.0,0.0,0.0,0.0,0.0,1.0,0.0,0.0,0.0,1.0,0.0,0.0,1.0,0.0,0.0,1.0,0.0,0.0,1.0,0.0,0.0,0.0,-0.3334784804028814,0.2488054685490745,0.3806880097767565,-0.1109727831276808,-0.684299238964704,-1.778329653827016,-0.3743262111571587,1.0,0.0,11.0,0.0,0.1945772100546086,1.0,0.0,0.0,1.0,0
1.0,0.0,0.0,0.0,0.0,0.0,1.0,0.0,0.0,0.0,0.0,0.0,0.0,1.0,0.0,0.0,1.0,0.0,0.0,1.0,0.0,0.0,0.0,0.0,0.0,1.0,-0.4039548685724911,-1.2315448446008568,-1.1157136428781171,-0.195533448938226,2.3053312503815104,0.7219739479803767,-0.3743262111571587,0.0,0.0,2.0,0.0,0.2151138471037736,2.0,0.0,0.0,0.0,0
1.0,0.0,0.0,0.0,1.0,0.0,0.0,0.0,0.0,0.0,0.0,0.0,0.0,1.0,0.0,1.0,0.0,0.0,0.0,1.0,0.0,1.0,0.0,0.0,0.0,0.0,-0.2513012295465087,1.3015154635099346,1.4328189244849727,-0.0756927512787489,-0.6673340597722148,-1.6790396190982029,0.5721370281782616,0.0,0.0,12.0,0.0,0.1907642478260222,2.0,0.0,0.0,1.0,0
1.0,0.0,0.0,0.0,0.0,0.0,1.0,0.0,0.0,0.0,0.0,0.0,0.0,1.0,0.0,0.0,1.0,0.0,0.0,1.0,0.0,0.0,0.0,0.0,1.0,0.0,-0.3779572564439544,-0.6579830734993477,-0.5354432855277278,-0.195533448938226,1.5838495820315182,0.0630491720527966,-0.3743262111571587,0.0,0.0,19.0,0.0,0.1790823071928497,2.0,0.0,0.0,1.0,0
1.0,0.0,0.0,0.0,0.0,0.0,0.0,0.0,0.0,0.0,0.0,1.0,1.0,0.0,0.0,1.0,0.0,0.0,0.0,1.0,0.0,0.0,1.0,0.0,0.0,0.0,-0.3067640935733345,-0.7129079309204256,-0.6185751002021501,-0.195533448938226,0.7816419360239317,-0.6590601714294829,-0.3743262111571587,0.0,0.0,10.0,0.0,0.0798304644063525,1.0,0.0,0.0,1.0,0
1.0,0.0,0.0,0.0,0.0,1.0,0.0,0.0,0.0,0.0,0.0,0.0,1.0,0.0,0.0,0.0,1.0,0.0,0.0,0.0,1.0,0.0,0.0,1.0,0.0,0.0,7.023787635105326,1.5532144702089372,-1.029864154896842,-0.195533448938226,-0.5786535753020643,-1.886646055349358,2.938295126516812,0.0,0.0,3.0,0.0,0.2641912541683239,2.0,1.0,0.0,0.0,1
1.0,0.0,0.0,0.0,0.0,0.0,0.0,1.0,0.0,0.0,0.0,0.0,0.0,1.0,0.0,0.0,1.0,0.0,0.0,1.0,0.0,0.0,1.0,0.0,0.0,0.0,0.0680122136089821,1.1364379450090016,1.14355702483238,-0.195533448938226,2.6405972879087654,1.019844052166817,-0.3743262111571587,0.0,0.0,17.0,0.0,0.0380412024550069,2.0,0.0,0.0,0.0,0
1.0,0.0,0.0,0.0,0.0,0.0,0.0,0.0,0.0,0.0,1.0,0.0,1.0,0.0,0.0,0.0,1.0,0.0,0.0,1.0,0.0,0.0,0.0,0.0,0.0,1.0,-0.2043621727749407,-1.223640061375299,-1.1822495325586917,-0.195533448938226,-0.6170206606964507,0.8393167162962472,-0.3743262111571587,0.0,0.0,14.0,0.0,0.2415296014007472,2.0,0.0,0.0,1.0,0
1.0,0.0,0.0,0.0,0.0,0.0,0.0,1.0,0.0,0.0,0.0,0.0,0.0,1.0,0.0,0.0,1.0,0.0,0.0,1.0,0.0,0.0,1.0,0.0,0.0,0.0,-0.3961865805966765,-0.5966258924731592,-0.4655084924313827,0.033192568069744,-0.6524354722607717,-0.49658556914597,-0.3743262111571587,0.0,0.0,8.0,0.0,0.1143421835130449,2.0,0.0,0.0,0.0,0
1.0,0.0,0.0,1.0,0.0,0.0,0.0,0.0,0.0,0.0,0.0,0.0,0.0,1.0,0.0,0.0,1.0,0.0,0.0,1.0,0.0,0.0,1.0,0.0,0.0,0.0,-0.1124794050211038,-0.2142372878828028,-0.1782975302343616,-0.195533448938226,1.2913166686614224,-0.1987154649595297,-0.3743262111571587,0.0,0.0,12.0,0.0,0.2465295822519579,2.0,0.0,0.0,0.0,0
1.0,0.0,0.0,0.0,0.0,0.0,1.0,0.0,0.0,0.0,0.0,0.0,1.0,0.0,0.0,0.0,1.0,0.0,0.0,1.0,0.0,0.0,0.0,0.0,0.0,1.0,-0.3871203492433567,-0.6446323032565384,-0.5182820844860547,0.8143667469563571,-0.6339775236246298,-0.6139283374618404,-0.3743262111571587,0.0,0.0,0.0,0.0,0.1629868474246943,2.0,0.0,0.0,1.0,0
0.0,1.0,0.0,0.0,0.0,0.0,0.0,0.0,0.0,1.0,0.0,0.0,0.0,1.0,0.0,1.0,0.0,0.0,0.0,1.0,0.0,0.0,0.0,0.0,0.0,1.0,-0.1748194317197855,0.8880008943112764,0.9788442810506462,-0.170131826006995,-0.6430131447974922,-0.7583502061582963,-0.3743262111571587,0.0,0.0,16.0,0.0,0.0288536928527474,1.0,0.0,0.0,0.0,0
1.0,0.0,0.0,0.0,0.0,0.0,0.0,0.0,0.0,1.0,0.0,0.0,1.0,0.0,0.0,0.0,0.0,1.0,0.0,1.0,0.0,1.0,0.0,0.0,0.0,0.0,-0.4036255396558107,-0.5380374991543183,-0.4024584717123979,-0.195533448938226,1.8348718620980309,0.288708341891009,1.991831887181392,0.0,0.0,23.0,0.0,0.1026415568983308,2.0,1.0,0.0,1.0,1
0.0,0.0,1.0,0.0,0.0,0.0,0.0,0.0,0.0,1.0,0.0,0.0,0.0,1.0,0.0,0.0,1.0,0.0,0.0,1.0,0.0,1.0,0.0,0.0,0.0,0.0,0.4173333327608242,1.4779922148619844,1.36421760309119,-0.195533448938226,0.8619354679374032,-0.5868492370812549,0.0989054085105514,0.0,0.0,11.0,0.0,0.930824773931368,2.0,0.0,0.0,1.0,0
0.0,1.0,0.0,0.0,0.0,0.0,0.0,0.0,0.0,1.0,0.0,0.0,1.0,0.0,0.0,1.0,0.0,0.0,0.0,1.0,0.0,1.0,0.0,0.0,0.0,0.0,0.1706078572995409,-0.1186542272578973,-0.1858780269782764,0.1116999231525251,-0.661254870561573,-0.2348209321336436,-0.3743262111571587,0.0,0.0,9.0,0.0,0.2128650903004286,2.0,0.0,0.0,1.0,0
1.0,0.0,0.0,0.0,0.0,0.0,0.0,1.0,0.0,0.0,0.0,0.0,0.0,1.0,0.0,0.0,1.0,0.0,0.0,1.0,0.0,0.0,1.0,0.0,0.0,0.0,-0.2660435416402615,0.80131599876113,0.9238023376758544,-0.195533448938226,-0.583356422769394,-1.895672422142887,-0.3743262111571587,0.0,0.0,15.0,0.0,0.1285982026003014,2.0,0.0,0.0,0.0,0
1.0,0.0,0.0,0.0,0.0,0.0,0.0,0.0,0.0,1.0,0.0,0.0,1.0,0.0,0.0,0.0,1.0,0.0,0.0,1.0,0.0,0.0,0.0,0.0,0.0,1.0,-0.313001970701046,0.3680746978052865,0.4957144383804033,1.558366913336885,-0.6634295736786494,0.947633117818589,-0.3743262111571587,0.0,0.0,1.0,0.0,0.1873555389840371,2.0,0.0,0.0,1.0,0
1.0,0.0,0.0,0.0,0.0,0.0,1.0,0.0,0.0,0.0,0.0,0.0,1.0,0.0,0.0,0.0,0.0,1.0,0.0,1.0,0.0,0.0,0.0,0.0,1.0,0.0,-0.3764849624635008,-0.3117507501153757,-0.1798411686726539,-0.195533448938226,2.3331741032915367,0.7400266815674338,-0.3743262111571587,0.0,0.0,21.0,0.0,0.8508490158121271,2.0,0.0,0.0,0.0,0
1.0,0.0,0.0,0.0,0.0,0.0,0.0,0.0,0.0,1.0,0.0,0.0,0.0,1.0,0.0,0.0,1.0,0.0,0.0,1.0,0.0,0.0,1.0,0.0,0.0,0.0,-0.3710607214828822,-0.6015434848897718,-0.4799665144238396,-0.195533448938226,1.6610827286788934,0.1352601064010246,-0.3743262111571587,0.0,0.0,13.0,0.0,0.1846148198564568,1.0,0.0,0.0,0.0,0
1.0,0.0,0.0,0.0,1.0,0.0,0.0,0.0,0.0,0.0,0.0,0.0,0.0,0.0,1.0,0.0,1.0,0.0,0.0,0.0,1.0,1.0,0.0,0.0,0.0,0.0,0.5164807089708467,-0.7183750537217026,-0.9321728584265072,-0.195533448938226,1.8867196119389984,0.34286654265218,2.938295126516812,0.0,0.0,4.0,0.0,0.3656939359519358,2.0,1.0,0.0,1.0,1
1.0,0.0,0.0,0.0,0.0,0.0,0.0,0.0,0.0,0.0,0.0,1.0,0.0,1.0,0.0,0.0,1.0,0.0,0.0,1.0,0.0,0.0,1.0,0.0,0.0,0.0,-0.0769893711764846,1.634488605048542,1.7101230615874132,-0.195533448938226,1.3891824670620163,-0.1084517970242447,-0.3743262111571587,0.0,0.0,7.0,0.0,0.1951563366940096,1.0,0.0,0.0,1.0,0
1.0,0.0,0.0,0.0,0.0,0.0,0.0,1.0,0.0,0.0,0.0,0.0,0.0,1.0,0.0,0.0,0.0,1.0,0.0,1.0,0.0,0.0,1.0,0.0,0.0,0.0,-0.3850668865864082,-1.002024320606004,-0.8866826308342006,-0.195533448938226,2.631927582365545,1.0108176853732886,-0.3743262111571587,0.0,0.0,20.0,0.0,0.2122951936048218,1.0,0.0,0.0,0.0,0
1.0,0.0,0.0,0.0,0.0,1.0,0.0,0.0,0.0,0.0,0.0,0.0,0.0,0.0,1.0,0.0,1.0,0.0,0.0,1.0,0.0,0.0,0.0,0.0,1.0,0.0,-0.3286935249664071,-0.8289011136526762,-0.7296880792439286,-0.195533448938226,-0.2757253315444141,-1.6158550515435033,-0.3743262111571587,0.0,0.0,11.0,0.0,0.1405925228608626,2.0,0.0,0.0,1.0,0
0.0,1.0,0.0,0.0,0.0,0.0,0.0,0.0,0.0,1.0,0.0,0.0,1.0,0.0,0.0,1.0,0.0,0.0,0.0,1.0,0.0,0.0,0.0,0.0,0.0,1.0,-0.1939398811764663,-0.8737864736616148,-0.8262705650050676,-0.195533448938226,1.4422443914922496,-0.0633199630566022,-0.3743262111571587,0.0,0.0,15.0,0.0,0.0920448622502855,2.0,0.0,0.0,1.0,0
1.0,0.0,0.0,0.0,0.0,0.0,0.0,1.0,0.0,0.0,0.0,0.0,0.0,1.0,0.0,0.0,1.0,0.0,0.0,1.0,0.0,0.0,1.0,0.0,0.0,0.0,-0.3819479480225525,1.4373410569194986,1.62141095772292,-0.195533448938226,-0.2157193264152941,-1.5616968507823323,-0.3743262111571587,0.0,0.0,12.0,0.0,0.0823538727055917,1.0,0.0,0.0,1.0,0
1.0,0.0,0.0,0.0,0.0,0.0,0.0,0.0,0.0,0.0,1.0,0.0,1.0,0.0,0.0,0.0,1.0,0.0,0.0,1.0,0.0,0.0,0.0,1.0,0.0,0.0,-0.2603674608998284,-1.2761413488947797,-1.2153036870988398,-0.195533448938226,2.0391359460813234,0.4782620445551074,-0.3743262111571587,0.0,0.0,10.0,0.0,0.135526490229907,2.0,0.0,0.0,0.0,0
1.0,0.0,0.0,0.0,0.0,0.0,1.0,0.0,0.0,0.0,0.0,0.0,0.0,1.0,0.0,0.0,1.0,0.0,0.0,1.0,0.0,0.0,0.0,0.0,1.0,0.0,-0.3609290142226551,-0.14194586125406,-0.0109903143356856,-0.195533448938226,0.7340146903203117,-0.7041920053971253,-0.3743262111571587,0.0,0.0,16.0,0.0,0.0942231848373984,1.0,0.0,0.0,1.0,0
0.0,1.0,0.0,0.0,0.0,0.0,0.0,0.0,0.0,1.0,0.0,0.0,1.0,0.0,0.0,1.0,0.0,0.0,0.0,1.0,0.0,0.0,0.0,0.0,0.0,1.0,-0.2624790404244264,0.1173479371714592,0.2189031060376055,-0.195533448938226,1.639240060468564,0.1172073728139676,-0.3743262111571587,0.0,0.0,9.0,0.0,0.1070749409446725,2.0,0.0,0.0,0.0,0
1.0,0.0,0.0,1.0,0.0,0.0,0.0,0.0,0.0,0.0,0.0,0.0,0.0,1.0,0.0,0.0,1.0,0.0,0.0,1.0,0.0,0.0,1.0,0.0,0.0,0.0,-0.4036836565234601,-1.5000467996001765,-1.3920104290748174,2.3600035106958783,-0.6536704375108132,0.1713655735751386,-0.3743262111571587,0.0,0.0,18.0,0.0,0.4315021894065238,2.0,2.0,2.0,1.0,0
0.0,1.0,0.0,0.0,0.0,0.0,0.0,0.0,0.0,0.0,0.0,1.0,1.0,0.0,0.0,1.0,0.0,0.0,0.0,1.0,0.0,0.0,0.0,0.0,0.0,1.0,-0.1959933438334148,-0.2425662837383895,-0.1761958628770621,-0.195533448938226,2.3052979853242705,0.7219739479803767,-0.3743262111571587,0.0,0.0,2.0,0.0,0.2330246253840381,1.0,0.0,0.0,1.0,0
1.0,0.0,0.0,0.0,0.0,0.0,0.0,1.0,0.0,0.0,0.0,0.0,0.0,1.0,0.0,0.0,0.0,1.0,0.0,1.0,0.0,0.0,1.0,0.0,0.0,0.0,-0.217554701731374,1.7516724369475651,1.883249721927163,-0.195533448938226,-0.29590058876058,-1.6339077851305603,-0.3743262111571587,0.0,0.0,11.0,0.0,0.9838834512611874,1.0,0.0,0.0,1.0,0
0.0,1.0,0.0,0.0,0.0,0.0,0.0,0.0,0.0,1.0,0.0,0.0,0.0,1.0,0.0,1.0,0.0,0.0,1.0,0.0,0.0,1.0,0.0,0.0,0.0,0.0,4.7845834691490765,0.4287766695266828,-1.3488392827043585,-0.195533448938226,2.883785646995217,1.2455032220050295,3.8847583658522327,0.0,0.0,2.0,0.0,0.2823419375107649,2.0,1.0,0.0,1.0,1
1.0,0.0,0.0,0.0,0.0,0.0,0.0,0.0,0.0,0.0,1.0,0.0,0.0,1.0,0.0,0.0,0.0,1.0,0.0,1.0,0.0,0.0,0.0,0.0,0.0,1.0,-0.3765818239095833,0.0277322129031022,0.1694052162087932,-0.195533448938226,0.0280386967763955,-1.3450640477376483,-0.3743262111571587,0.0,0.0,22.0,0.0,0.1419565490527036,1.0,0.0,0.0,1.0,0
1.0,0.0,0.0,0.0,0.0,0.0,0.0,0.0,0.0,1.0,0.0,0.0,1.0,0.0,0.0,0.0,1.0,0.0,0.0,1.0,0.0,0.0,0.0,0.0,0.0,1.0,-0.2811345549399113,0.0001500147497521,0.1053261031976136,0.0518724165118627,-0.6368591092080599,1.2816086891791434,-0.3743262111571587,0.0,0.0,5.0,0.0,0.0974914148822994,1.0,0.0,0.0,1.0,0
1.0,0.0,0.0,0.0,0.0,0.0,0.0,0.0,0.0,1.0,0.0,0.0,0.0,1.0,0.0,0.0,1.0,0.0,0.0,1.0,0.0,0.0,1.0,0.0,0.0,0.0,-0.2532965753358077,-0.358038117131343,-0.2735392971641198,-0.195533448938226,1.1027786404884226,-0.370216434036571,-0.3743262111571587,0.0,0.0,14.0,0.0,0.0927682981484959,2.0,0.0,0.0,1.0,0
1.0,0.0,0.0,1.0,0.0,0.0,0.0,0.0,0.0,0.0,0.0,0.0,0.0,0.0,1.0,0.0,1.0,0.0,0.0,1.0,0.0,0.0,1.0,0.0,0.0,0.0,-0.1920026522548168,0.7094598813860645,0.8016157457997531,-0.195533448938226,2.868504511325512,1.2274504884179724,-0.3743262111571587,0.0,0.0,13.0,0.0,0.242886387276539,2.0,0.0,0.0,1.0,0
1.0,0.0,0.0,0.0,0.0,0.0,1.0,0.0,0.0,0.0,0.0,0.0,0.0,1.0,0.0,0.0,1.0,0.0,0.0,1.0,0.0,0.0,0.0,0.0,1.0,0.0,-0.3295265334027163,0.8096575881898828,0.9561317793341754,-0.195533448938226,2.80908480283025,1.1732922876568015,-0.3743262111571587,0.0,0.0,14.0,0.0,0.0091253418905635,2.0,0.0,0.0,1.0,0
0.0,1.0,0.0,0.0,0.0,0.0,0.0,0.0,0.0,0.0,0.0,1.0,1.0,0.0,0.0,1.0,0.0,0.0,0.0,1.0,0.0,0.0,0.0,0.0,0.0,1.0,-0.3945011914348414,-1.34541740366921,-1.236385584831199,-0.195533448938226,1.5700653739376205,0.0540228052592681,-0.3743262111571587,0.0,0.0,10.0,0.0,0.2090288823471683,1.0,0.0,0.0,0.0,0
1.0,0.0,0.0,0.0,0.0,0.0,0.0,1.0,0.0,0.0,0.0,0.0,0.0,1.0,0.0,0.0,1.0,0.0,0.0,1.0,0.0,0.0,1.0,0.0,0.0,0.0,-0.3517078045556034,1.7923588211967605,1.975288257919244,-0.195533448938226,2.647383359585761,1.0288704189603457,-0.3743262111571587,0.0,0.0,9.0,0.0,0.2668435738241782,2.0,0.0,0.0,1.0,0
1.0,0.0,0.0,0.0,0.0,0.0,1.0,0.0,0.0,0.0,0.0,0.0,0.0,0.0,1.0,0.0,1.0,0.0,0.0,1.0,0.0,0.0,0.0,0.0,0.0,1.0,-0.3744121275173359,0.8038100212761455,0.9669082598869488,0.0390601944193558,-0.6730307008245948,-0.7402974725712393,-0.3743262111571587,0.0,0.0,8.0,0.0,0.0288536928527474,1.0,0.0,0.0,0.0,0
1.0,0.0,0.0,1.0,0.0,0.0,0.0,0.0,0.0,0.0,0.0,0.0,1.0,0.0,0.0,0.0,1.0,0.0,0.0,1.0,0.0,0.0,1.0,0.0,0.0,0.0,-0.2511268789435602,-0.2631877636859902,-0.1767828803113423,-0.195533448938226,0.9455263986498068,-0.514638302733027,-0.3743262111571587,0.0,0.0,20.0,0.0,0.8567043577706266,2.0,0.0,0.0,0.0,0
1.0,0.0,0.0,0.0,0.0,0.0,0.0,0.0,0.0,0.0,1.0,0.0,0.0,1.0,0.0,0.0,0.0,1.0,0.0,1.0,0.0,0.0,1.0,0.0,0.0,0.0,-0.2644162693460759,0.325549500345868,0.4337949697570692,-0.195533448938226,-0.2473959771722504,-1.5887759511629178,-0.3743262111571587,0.0,0.0,7.0,0.0,0.2685711783509356,1.0,0.0,0.0,1.0,0
1.0,0.0,0.0,0.0,0.0,0.0,0.0,0.0,0.0,0.0,1.0,0.0,1.0,0.0,0.0,0.0,1.0,0.0,0.0,1.0,0.0,0.0,0.0,0.0,0.0,1.0,0.6329469117404161,1.9185676328746963,1.7367562599945707,-0.195533448938226,2.7098717696114294,1.0830286197215164,-0.3743262111571587,0.0,0.0,15.0,1.0,0.2007693899522658,1.0,0.0,0.0,1.0,0
1.0,0.0,0.0,0.0,0.0,0.0,0.0,0.0,0.0,1.0,0.0,0.0,0.0,1.0,0.0,0.0,1.0,0.0,0.0,1.0,0.0,0.0,0.0,0.0,0.0,1.0,-0.3761943781252534,-0.4221640858648794,-0.29352687844492,-0.195533448938226,0.3629013954846135,-1.0381675767576797,-0.3743262111571587,0.0,0.0,11.0,1.0,0.0784739633368959,2.0,0.0,0.0,1.0,0
1.0,0.0,0.0,0.0,0.0,1.0,0.0,0.0,0.0,0.0,0.0,0.0,1.0,0.0,0.0,0.0,1.0,0.0,0.0,1.0,0.0,0.0,0.0,0.0,1.0,0.0,-0.2956250272738497,-0.5110048313856325,-0.4150539815985584,-0.195533448938226,1.7242114910564348,0.1894183071621955,-0.3743262111571587,0.0,0.0,21.0,1.0,0.2901525588340911,2.0,0.0,0.0,1.0,0
1.0,0.0,0.0,0.0,0.0,0.0,0.0,0.0,0.0,1.0,0.0,0.0,0.0,1.0,0.0,0.0,1.0,0.0,0.0,1.0,0.0,0.0,1.0,0.0,0.0,0.0,-0.2760590151651896,1.6407729781654738,1.791058996229898,-0.195533448938226,0.5849706013557093,-0.8395875073000528,-0.3743262111571587,0.0,0.0,17.0,1.0,0.177215640935893,2.0,0.0,0.0,1.0,0
1.0,0.0,0.0,0.0,0.0,0.0,0.0,0.0,0.0,1.0,0.0,0.0,0.0,1.0,0.0,0.0,1.0,0.0,0.0,1.0,0.0,0.0,0.0,0.0,0.0,1.0,-0.3758456769193565,0.6991526640429351,0.8597884488240394,-0.195533448938226,-0.4365410926398833,-1.7602769202399593,-0.3743262111571587,0.0,0.0,8.0,1.0,0.2402333239590166,1.0,0.0,0.0,0.0,0
1.0,0.0,0.0,0.0,0.0,0.0,0.0,1.0,0.0,0.0,0.0,0.0,0.0,1.0,0.0,0.0,1.0,0.0,0.0,1.0,0.0,0.0,1.0,0.0,0.0,0.0,-0.1762723534110226,1.829015315958416,1.947365070582434,-0.195533448938226,2.80135899328622,1.164265920863273,-0.3743262111571587,0.0,0.0,19.0,1.0,0.8549033066437608,1.0,0.0,0.0,0.0,0
1.0,0.0,0.0,1.0,0.0,0.0,0.0,0.0,0.0,0.0,0.0,0.0,0.0,0.0,1.0,0.0,1.0,0.0,0.0,1.0,0.0,0.0,1.0,0.0,0.0,0.0,-0.1079462893444439,-0.0706125901678088,-0.0322533902885019,-0.195533448938226,-0.4942476506872762,-1.8144351210011305,0.0989054085105514,0.0,0.0,14.0,1.0,0.2315030375641645,1.0,0.0,0.0,0.0,0
1.0,0.0,0.0,0.0,0.0,0.0,1.0,0.0,0.0,0.0,0.0,0.0,1.0,0.0,0.0,0.0,0.0,1.0,0.0,1.0,0.0,0.0,0.0,0.0,0.0,1.0,-0.3430483912758301,0.7836746643611328,0.9344628641675358,-0.195533448938226,2.0131600945089017,0.4511829441745219,-0.3743262111571587,0.0,0.0,20.0,1.0,0.7027641393039422,2.0,0.0,0.0,0.0,0
0.0,1.0,0.0,0.0,0.0,0.0,0.0,0.0,0.0,0.0,0.0,1.0,0.0,1.0,0.0,1.0,0.0,0.0,0.0,1.0,0.0,0.0,0.0,0.0,0.0,1.0,-0.3916534649200166,-1.3840888431746352,-1.277230402850992,-0.195533448938226,0.6120400416849013,-0.8125084069194674,-0.3743262111571587,0.0,0.0,10.0,1.0,0.1179749565353476,1.0,0.0,0.0,0.0,0
1.0,0.0,0.0,0.0,0.0,1.0,0.0,0.0,0.0,0.0,0.0,0.0,1.0,0.0,0.0,0.0,1.0,0.0,0.0,1.0,0.0,0.0,1.0,0.0,0.0,0.0,-0.075129631411701,-0.1791237053550127,-0.156150304565716,0.3764487095220362,-0.690399218836121,-1.8144351210011305,0.0989054085105514,1.0,0.0,12.0,1.0,0.2315030375641645,1.0,0.0,0.0,0.0,0
1.0,0.0,0.0,0.0,0.0,0.0,1.0,0.0,0.0,0.0,0.0,0.0,0.0,1.0,0.0,0.0,1.0,0.0,0.0,1.0,0.0,0.0,0.0,0.0,1.0,0.0,-0.4060858203863056,-1.5010049551426683,-1.3920973946206363,-0.0306828580146379,-0.6735754161369026,0.1894183071621955,-0.3743262111571587,0.0,0.0,9.0,1.0,0.4315021894065238,2.0,2.0,2.0,1.0,0
1.0,0.0,0.0,0.0,0.0,0.0,0.0,1.0,0.0,0.0,0.0,0.0,0.0,1.0,0.0,0.0,1.0,0.0,0.0,1.0,0.0,0.0,1.0,0.0,0.0,0.0,-0.3774923215027586,1.1042411006767383,1.2770998675667171,-0.195533448938226,-0.4666917088959466,-1.7873560206205448,-0.3743262111571587,0.0,0.0,8.0,1.0,0.2522418631995818,2.0,0.0,0.0,0.0,0
1.0,0.0,0.0,0.0,0.0,0.0,0.0,0.0,0.0,0.0,1.0,0.0,0.0,1.0,0.0,0.0,1.0,0.0,0.0,1.0,0.0,0.0,1.0,0.0,0.0,0.0,-0.2718552284052101,-0.4307663499632805,-0.3414086585472569,0.1700790916435998,-0.6449092530601822,0.5053411449356929,-0.3743262111571587,0.0,0.0,7.0,1.0,0.2754263913495592,2.0,0.0,0.0,0.0,0
1.0,0.0,0.0,0.0,0.0,1.0,0.0,0.0,0.0,0.0,0.0,0.0,1.0,0.0,0.0,0.0,1.0,0.0,0.0,0.0,1.0,0.0,0.0,1.0,0.0,0.0,3.030965104693495,-0.1586572211569328,-1.297080288684245,0.4272890922601285,-0.6226175065771101,0.9115276506444752,3.8847583658522327,0.0,0.0,3.0,1.0,0.1198448038402694,2.0,1.0,0.0,1.0,1
1.0,0.0,0.0,0.0,0.0,0.0,0.0,1.0,0.0,0.0,0.0,0.0,0.0,1.0,0.0,0.0,1.0,0.0,0.0,1.0,0.0,0.0,1.0,0.0,0.0,0.0,0.2905416998388629,1.5732371029424803,1.5096239957010418,-0.195533448938226,1.3535888558150293,-0.1445572641983587,-0.3743262111571587,0.0,0.0,18.0,1.0,0.1654104345528008,2.0,0.0,0.0,1.0,0
0.0,1.0,0.0,0.0,0.0,0.0,0.0,0.0,0.0,0.0,0.0,1.0,1.0,0.0,0.0,1.0,0.0,0.0,0.0,1.0,0.0,0.0,1.0,0.0,0.0,0.0,-0.2585270934242614,-0.6215590723619733,-0.5426541787019106,-0.195533448938226,1.041142647554534,-0.424374634797742,-0.3743262111571587,0.0,0.0,10.0,1.0,0.0912448548198359,2.0,0.0,0.0,1.0,0
1.0,0.0,0.0,0.0,0.0,0.0,1.0,0.0,0.0,0.0,0.0,0.0,0.0,0.0,1.0,0.0,1.0,0.0,0.0,1.0,0.0,0.0,0.0,0.0,0.0,1.0,-0.3652684070071501,1.468164075290101,1.6468773683903348,0.7204104516113069,-0.6465267664684856,-1.5616968507823323,-0.3743262111571587,0.0,0.0,20.0,1.0,0.2859596708448945,1.0,0.0,0.0,1.0,0
1.0,0.0,0.0,1.0,0.0,0.0,0.0,0.0,0.0,0.0,0.0,0.0,0.0,1.0,0.0,0.0,0.0,1.0,0.0,1.0,0.0,0.0,0.0,0.0,1.0,0.0,-0.1309024520659908,-0.1818995383237023,-0.1381411894523048,-0.195533448938226,0.833323360578698,-0.6139283374618404,-0.3743262111571587,0.0,0.0,14.0,1.0,0.2169787429389685,2.0,0.0,0.0,1.0,0
1.0,0.0,0.0,0.0,0.0,0.0,0.0,0.0,0.0,0.0,1.0,0.0,1.0,0.0,0.0,0.0,1.0,0.0,0.0,1.0,0.0,0.0,0.0,0.0,0.0,1.0,1.1018337999364665,0.9756650811879404,0.5914272686833492,1.4286849436353375,-0.6203845896098634,0.4241038437939364,-0.3743262111571587,0.0,0.0,13.0,1.0,0.1657749574930738,2.0,0.0,0.0,1.0,0
1.0,0.0,0.0,0.0,0.0,0.0,0.0,0.0,0.0,1.0,0.0,0.0,0.0,1.0,0.0,0.0,1.0,0.0,0.0,1.0,0.0,0.0,1.0,0.0,0.0,0.0,-0.3866747865913773,-1.279311716498613,-1.171313615171916,-0.195533448938226,-0.6165383173664682,0.0540228052592681,-0.3743262111571587,0.0,0.0,11.0,1.0,0.2391132747165187,2.0,1.0,1.0,1.0,0
1.0,0.0,0.0,0.0,0.0,0.0,0.0,0.0,0.0,1.0,0.0,0.0,1.0,0.0,0.0,0.0,1.0,0.0,0.0,0.0,1.0,0.0,0.0,0.0,1.0,0.0,-0.3974457793957486,1.708999288999968,1.90665070088137,-0.195533448938226,1.6064698209548367,0.0901282724333821,2.465063506849102,0.0,0.0,2.0,1.0,0.4374444587790046,2.0,1.0,0.0,1.0,1
1.0,0.0,0.0,0.0,0.0,0.0,0.0,0.0,0.0,1.0,0.0,0.0,0.0,1.0,0.0,0.0,1.0,0.0,0.0,1.0,0.0,0.0,1.0,0.0,0.0,0.0,-0.3443463346533352,-0.0147295772042394,0.1136675484674472,-0.195533448938226,1.3235297184663766,-0.1716363645789441,-0.3743262111571587,0.0,0.0,17.0,1.0,0.0919652735661293,1.0,0.0,0.0,0.0,0
1.0,0.0,0.0,0.0,0.0,0.0,1.0,0.0,0.0,0.0,0.0,0.0,0.0,1.0,0.0,0.0,1.0,0.0,0.0,1.0,0.0,0.0,0.0,0.0,1.0,0.0,-0.3957603902339136,-1.1973753270928749,-1.0836306035996175,-0.1343318778992367,-0.6287299608449922,-0.9027720748547522,-0.3743262111571587,0.0,0.0,19.0,1.0,0.1015890523390586,2.0,0.0,0.0,1.0,0
1.0,0.0,0.0,0.0,0.0,0.0,0.0,0.0,0.0,1.0,0.0,0.0,1.0,0.0,0.0,0.0,1.0,0.0,0.0,1.0,0.0,0.0,0.0,0.0,0.0,1.0,-0.1750325269011669,0.5853787386333678,0.6676308282075014,-0.195533448938226,2.828395168558171,1.1913450212438583,-0.3743262111571587,0.0,0.0,12.0,1.0,0.1930202718904077,1.0,0.0,0.0,0.0,0
1.0,0.0,0.0,0.0,0.0,0.0,0.0,0.0,0.0,1.0,0.0,0.0,0.0,1.0,0.0,1.0,0.0,0.0,0.0,1.0,0.0,0.0,0.0,0.0,0.0,1.0,-0.2482791524287354,1.3562430536134409,1.4879840690496755,-0.195533448938226,0.5615852661158665,-0.8576402408871098,-0.3743262111571587,0.0,0.0,9.0,1.0,0.1331695119937279,1.0,0.0,0.0,1.0,0
1.0,0.0,0.0,0.0,0.0,1.0,0.0,0.0,0.0,0.0,0.0,0.0,1.0,0.0,0.0,0.0,1.0,0.0,0.0,1.0,0.0,0.0,0.0,0.0,1.0,0.0,-0.1994997281816004,1.4910611746511198,1.6084168557517544,-0.195533448938226,-0.2941624895197808,-1.6339077851305603,-0.3743262111571587,0.0,0.0,15.0,1.0,0.2549241696674032,2.0,0.0,0.0,0.0,0
1.0,0.0,0.0,0.0,0.0,0.0,0.0,1.0,0.0,0.0,0.0,0.0,0.0,1.0,0.0,0.0,1.0,0.0,0.0,1.0,0.0,0.0,1.0,0.0,0.0,0.0,-0.3118783779264892,-0.536156414376044,-0.434845890401265,-0.195533448938226,0.3167461285638712,-1.0832994107253222,-0.3743262111571587,0.0,0.0,20.0,1.0,0.0505527295854407,1.0,0.0,0.0,1.0,0
1.0,0.0,0.0,1.0,0.0,0.0,0.0,0.0,0.0,0.0,0.0,0.0,0.0,1.0,0.0,0.0,1.0,0.0,0.0,1.0,0.0,0.0,0.0,0.0,1.0,0.0,0.0292676351759917,1.1227983190511766,1.1440208410767496,-0.195533448938226,0.9723505091818528,-0.4875592023524415,-0.3743262111571587,0.0,0.0,13.0,1.0,0.0850750501129931,2.0,0.0,0.0,1.0,0
0.0,0.0,1.0,0.0,0.0,0.0,0.0,0.0,0.0,0.0,1.0,0.0,0.0,1.0,0.0,0.0,1.0,0.0,0.0,1.0,0.0,0.0,1.0,0.0,0.0,0.0,-0.3559115913155829,-0.8625915533894121,-0.7541616332632403,0.2751393128021558,-0.6371418621946014,-0.7041920053971253,-0.3743262111571587,0.0,0.0,17.0,1.0,0.0392837214130572,2.0,0.0,0.0,1.0,0
1.0,0.0,0.0,0.0,0.0,0.0,1.0,0.0,0.0,0.0,0.0,0.0,1.0,0.0,0.0,0.0,0.0,1.0,0.0,1.0,0.0,0.0,0.0,0.0,1.0,0.0,-0.3232499116965719,0.4966436720327425,0.6318010233299542,-0.195533448938226,2.1039737007745782,0.5324202453162784,-0.3743262111571587,0.0,0.0,22.0,1.0,0.0652420897338096,1.0,0.0,0.0,1.0,0
1.0,0.0,0.0,0.0,1.0,0.0,0.0,0.0,0.0,0.0,0.0,0.0,0.0,1.0,0.0,0.0,1.0,0.0,0.0,0.0,1.0,1.0,0.0,0.0,0.0,0.0,4.352193973836902,0.701252151922807,-0.9068006604337292,-0.195533448938226,1.216798782311276,-0.2619000325142291,3.8847583658522327,0.0,0.0,1.0,1.0,0.1274567138190445,1.0,1.0,0.0,1.0,1
1.0,0.0,0.0,0.0,0.0,0.0,0.0,0.0,0.0,1.0,0.0,0.0,0.0,1.0,0.0,0.0,1.0,0.0,0.0,1.0,0.0,0.0,1.0,0.0,0.0,0.0,-0.1494417328461767,1.4019245281540087,1.49799960107653,-0.195533448938226,2.8177586665056253,1.18231865445033,-0.3743262111571587,0.0,0.0,11.0,1.0,0.1360641285530219,2.0,0.0,0.0,1.0,0
1.0,0.0,0.0,0.0,0.0,0.0,1.0,0.0,0.0,0.0,0.0,0.0,0.0,0.0,1.0,0.0,1.0,0.0,0.0,1.0,0.0,0.0,0.0,0.0,0.0,1.0,-0.3538387563694179,1.6631909997552463,1.843216582335017,-0.195533448938226,0.5081449516595259,-0.9027720748547522,-0.3743262111571587,0.0,0.0,0.0,1.0,0.0372904419857371,2.0,0.0,0.0,1.0,0
1.0,0.0,0.0,0.0,0.0,0.0,0.0,0.0,0.0,0.0,1.0,0.0,1.0,0.0,0.0,0.0,1.0,0.0,0.0,1.0,0.0,0.0,0.0,0.0,0.0,1.0,-0.2091665005006315,-1.0394205678085542,-0.9909543202715284,-0.195533448938226,0.5667954057061089,-0.8576402408871098,0.0989054085105514,0.0,0.0,21.0,1.0,0.2692947563713633,1.0,0.0,0.0,1.0,0
1.0,0.0,0.0,0.0,0.0,0.0,0.0,0.0,0.0,1.0,0.0,0.0,0.0,1.0,0.0,0.0,1.0,0.0,0.0,1.0,0.0,0.0,1.0,0.0,0.0,0.0,-0.2936684260629837,-0.5420462528578321,-0.4477167911825198,0.2515573967768172,-0.6298526565268482,0.9837385849927032,-0.3743262111571587,0.0,0.0,10.0,1.0,0.2297099168724586,2.0,0.0,0.0,1.0,0
1.0,0.0,0.0,0.0,0.0,0.0,0.0,1.0,0.0,0.0,0.0,0.0,0.0,1.0,0.0,0.0,0.0,1.0,0.0,1.0,0.0,0.0,1.0,0.0,0.0,0.0,-0.3425253394669847,1.3829093677923503,1.5506717333277464,-0.195533448938226,-0.5911071811063547,-0.604901970668312,-0.3743262111571587,0.0,0.0,9.0,1.0,0.2779753150284881,1.0,0.0,0.0,1.0,0
1.0,0.0,0.0,0.0,0.0,0.0,0.0,0.0,0.0,0.0,1.0,0.0,0.0,1.0,0.0,0.0,1.0,0.0,0.0,1.0,0.0,0.0,0.0,0.0,0.0,1.0,-0.1231341640901762,1.425040030616625,1.5119358297940713,-0.195533448938226,2.1113294365568125,0.5414466121098068,0.0989054085105514,0.0,0.0,16.0,0.0,0.2513576938913366,2.0,0.0,0.0,1.0,0
1.0,0.0,0.0,1.0,0.0,0.0,0.0,0.0,0.0,0.0,0.0,0.0,0.0,1.0,0.0,0.0,1.0,0.0,0.0,1.0,0.0,0.0,0.0,0.0,1.0,0.0,-0.3786352865665318,-0.6787313681511018,-0.5565324303889054,-0.195533448938226,-0.5895686722089967,-0.7493238393647679,-0.3743262111571587,0.0,0.0,12.0,0.0,0.1122895878012226,2.0,0.0,0.0,0.0,0
1.0,0.0,0.0,0.0,0.0,0.0,1.0,0.0,0.0,0.0,0.0,0.0,0.0,0.0,1.0,0.0,1.0,0.0,0.0,1.0,0.0,0.0,0.0,0.0,1.0,0.0,-0.4050784613470478,-1.4673004248832486,-1.3578039810525635,12.74963865832565,-0.6227547249382258,0.7490530483609622,-0.3743262111571587,0.0,0.0,19.0,0.0,0.29817909484403,2.0,1.0,1.0,0.0,0
0.0,1.0,0.0,0.0,0.0,0.0,0.0,0.0,0.0,0.0,0.0,1.0,1.0,0.0,0.0,1.0,0.0,0.0,0.0,1.0,0.0,0.0,0.0,0.0,0.0,1.0,0.0918401293452712,1.776549254745644,1.7930954394278331,-0.195533448938226,1.7001608546717888,0.1713655735751386,-0.3743262111571587,0.0,0.0,11.0,0.0,0.2200942202510759,1.0,0.0,0.0,1.0,0
1.0,0.0,0.0,0.0,0.0,0.0,0.0,1.0,0.0,0.0,0.0,0.0,0.0,1.0,0.0,0.0,0.0,1.0,0.0,1.0,0.0,0.0,0.0,0.0,0.0,1.0,-0.3356481767951289,-0.0896066147454417,0.033391102547425,-0.195533448938226,-0.1219783951124819,-1.480459549640576,-0.3743262111571587,0.0,0.0,21.0,0.0,0.2581723600772241,2.0,0.0,0.0,1.0,0
0.0,1.0,0.0,0.0,0.0,0.0,0.0,0.0,0.0,1.0,0.0,0.0,0.0,1.0,0.0,1.0,0.0,0.0,1.0,0.0,0.0,1.0,0.0,0.0,0.0,0.0,3.602428264290888,-0.0297782554304349,-1.3782916142218244,-0.195533448938226,-0.5810237106304268,-1.6519605187176172,3.8847583658522327,0.0,0.0,4.0,0.0,0.1352453316117965,1.0,1.0,0.0,1.0,1
1.0,0.0,0.0,0.0,0.0,0.0,1.0,0.0,0.0,0.0,0.0,0.0,1.0,0.0,0.0,0.0,1.0,0.0,0.0,1.0,0.0,0.0,0.0,0.0,1.0,0.0,-0.3781703516253359,-1.389422106010417,-1.2877604810239442,-0.1674208340859718,-0.6697582508185926,-0.7944556733324103,0.0989054085105514,0.0,0.0,10.0,0.0,0.1179749565353476,1.0,0.0,0.0,0.0,0
1.0,0.0,0.0,0.0,0.0,0.0,0.0,0.0,0.0,1.0,0.0,0.0,1.0,0.0,0.0,0.0,1.0,0.0,0.0,1.0,0.0,0.0,0.0,0.0,0.0,1.0,-0.3138737237157882,-0.1727195627952692,-0.0602490489134947,-0.195533448938226,1.5315860189750483,0.0179173380851541,-0.3743262111571587,0.0,0.0,14.0,0.0,0.2651037608807262,1.0,0.0,0.0,0.0,0
1.0,0.0,0.0,1.0,0.0,0.0,0.0,0.0,0.0,0.0,0.0,0.0,0.0,1.0,0.0,0.0,1.0,0.0,0.0,1.0,0.0,0.0,0.0,0.0,1.0,0.0,-0.2694336922531482,1.801440163066408,1.9538512508747892,-0.195533448938226,1.3128973745459858,-0.1806627313724726,-0.3743262111571587,0.0,0.0,16.0,0.0,0.1167978797552758,1.0,0.0,0.0,1.0,0
1.0,0.0,0.0,1.0,0.0,0.0,0.0,0.0,0.0,0.0,0.0,0.0,0.0,1.0,0.0,0.0,1.0,0.0,0.0,1.0,0.0,0.0,0.0,0.0,1.0,0.0,-0.0664121012642782,0.3843562967663061,0.4202138503516234,-0.195533448938226,-0.6008413684812609,1.0288704189603457,-0.3743262111571587,0.0,0.0,13.0,0.0,0.246864074681517,1.0,0.0,0.0,0.0,0
1.0,0.0,0.0,0.0,0.0,0.0,0.0,1.0,0.0,0.0,0.0,0.0,0.0,1.0,0.0,0.0,1.0,0.0,0.0,1.0,0.0,0.0,0.0,0.0,0.0,1.0,-0.1555440039493728,0.8825408167713411,0.9660168630423012,-0.195533448938226,-0.596878668537525,0.2616292415104235,-0.3743262111571587,0.0,0.0,0.0,0.0,0.9824883216617316,1.0,0.0,0.0,0.0,0
1.0,0.0,0.0,0.0,0.0,0.0,0.0,0.0,0.0,1.0,0.0,0.0,0.0,1.0,0.0,0.0,1.0,0.0,0.0,1.0,0.0,0.0,1.0,0.0,0.0,0.0,-0.2395616222813126,1.5147191622370586,1.64773977671971,0.4357934367795026,-0.6365638818250533,-0.0633199630566022,-0.3743262111571587,0.0,0.0,15.0,0.0,0.1951563366940096,1.0,0.0,0.0,1.0,0
1.0,0.0,0.0,1.0,0.0,0.0,0.0,0.0,0.0,0.0,0.0,0.0,0.0,1.0,0.0,0.0,1.0,0.0,0.0,1.0,0.0,0.0,0.0,0.0,1.0,0.0,0.0139635266949604,1.8791423504056928,1.9277615871290024,-0.195533448938226,0.3629429768061637,-1.0381675767576797,-0.3743262111571587,0.0,0.0,11.0,0.0,0.2431950715320402,2.0,0.0,0.0,1.0,0
1.0,0.0,0.0,0.0,0.0,0.0,0.0,1.0,0.0,0.0,0.0,0.0,0.0,1.0,0.0,0.0,0.0,1.0,0.0,1.0,0.0,0.0,1.0,0.0,0.0,0.0,-0.3600185166294799,-0.1143495725780258,0.017056074191035,-0.195533448938226,1.1907855075494598,-0.2889791328948146,-0.3743262111571587,0.0,0.0,10.0,0.0,0.1323638362620726,2.0,0.0,0.0,1.0,0
1.0,0.0,0.0,0.0,0.0,0.0,0.0,0.0,0.0,1.0,0.0,0.0,1.0,0.0,0.0,0.0,1.0,0.0,0.0,1.0,0.0,0.0,0.0,0.0,0.0,1.0,-0.3497705756339539,-0.374876291738369,-0.25476923352479,-0.195533448938226,2.614230571913772,1.00179131857976,-0.3743262111571587,0.0,0.0,1.0,0.0,0.9139602211780458,1.0,0.0,0.0,0.0,0
1.0,0.0,0.0,0.0,0.0,0.0,0.0,0.0,0.0,0.0,1.0,0.0,1.0,0.0,0.0,0.0,1.0,0.0,0.0,1.0,0.0,0.0,0.0,0.0,0.0,1.0,0.529866960819445,1.3198049619533825,1.1593992484291276,1.140354241240488,-0.6613671401297586,-0.1174781638177732,0.0989054085105514,0.0,0.0,14.0,0.0,0.1654104345528008,2.0,0.0,0.0,1.0,0
1.0,0.0,0.0,0.0,0.0,1.0,0.0,0.0,0.0,0.0,0.0,0.0,0.0,1.0,0.0,0.0,1.0,0.0,0.0,1.0,0.0,0.0,0.0,1.0,0.0,0.0,-0.2853577139891073,-0.0509633562853838,0.0543280577034188,-0.195533448938226,2.0201457565293386,0.4602093109680504,-0.3743262111571587,0.0,0.0,13.0,0.0,0.1522839013234708,2.0,0.0,0.0,1.0,0
0.0,1.0,0.0,0.0,0.0,0.0,0.0,0.0,0.0,1.0,0.0,0.0,0.0,1.0,0.0,1.0,0.0,0.0,0.0,1.0,0.0,0.0,0.0,0.0,0.0,1.0,-0.3867329034590269,-0.6269768783338573,-0.5002657222438254,-0.195533448938226,2.507100455071789,0.9025012838509466,-0.3743262111571587,0.0,0.0,8.0,0.0,0.2166241957689552,1.0,0.0,0.0,1.0,0
1.0,0.0,0.0,0.0,0.0,0.0,0.0,1.0,0.0,0.0,0.0,0.0,0.0,1.0,0.0,0.0,1.0,0.0,0.0,1.0,0.0,0.0,1.0,0.0,0.0,0.0,-0.3875271673169032,-1.0293106177829965,-0.9138303753874556,8.926582996548497,-0.6621946084286079,-0.2438472989271721,-0.3743262111571587,0.0,0.0,19.0,0.0,0.1274567138190445,1.0,1.0,1.0,1.0,0
1.0,0.0,0.0,1.0,0.0,0.0,0.0,0.0,0.0,0.0,0.0,0.0,0.0,0.0,1.0,0.0,0.0,1.0,0.0,1.0,0.0,0.0,0.0,0.0,1.0,0.0,-0.2258847860944669,1.465247337094574,1.591733965212087,-0.195533448938226,2.323144688533624,0.7310003147739053,-0.3743262111571587,0.0,0.0,21.0,0.0,0.2489226262932031,2.0,0.0,0.0,0.0,0
1.0,0.0,0.0,0.0,0.0,0.0,1.0,0.0,0.0,0.0,0.0,0.0,1.0,0.0,0.0,0.0,1.0,0.0,0.0,1.0,0.0,0.0,0.0,0.0,0.0,1.0,-0.3839045492334185,0.112698064685837,0.2595450044504866,-0.195533448938226,-0.5955064849263678,0.306761075478066,-0.3743262111571587,0.0,0.0,7.0,0.0,0.2363816900703764,2.0,0.0,0.0,1.0,0
1.0,0.0,0.0,1.0,0.0,0.0,0.0,0.0,0.0,0.0,0.0,0.0,0.0,1.0,0.0,0.0,1.0,0.0,0.0,1.0,0.0,0.0,0.0,0.0,1.0,0.0,0.0021076856944654,1.4532351665067165,1.494086151514662,-0.1168404094772926,-0.6521818261993154,-1.5255913836082184,-0.3743262111571587,0.0,0.0,15.0,0.0,0.2859596708448945,1.0,0.0,0.0,1.0,0
1.0,0.0,0.0,0.0,0.0,1.0,0.0,0.0,0.0,0.0,0.0,0.0,1.0,0.0,0.0,0.0,1.0,0.0,0.0,1.0,0.0,0.0,0.0,0.0,1.0,0.0,-0.2745673488955194,-0.319627352295566,-0.2260706034044244,0.101970061737346,-0.6433083721804987,-0.4695064687653845,-0.3743262111571587,0.0,1.0,12.0,0.0,0.8567043577706266,2.0,0.0,0.0,0.0,0
1.0,0.0,0.0,0.0,0.0,0.0,0.0,0.0,0.0,1.0,0.0,0.0,0.0,1.0,0.0,0.0,1.0,0.0,0.0,1.0,0.0,0.0,0.0,0.0,0.0,1.0,-0.2423318596392713,-0.4331194672514591,-0.3548738238916101,-0.137785607332869,-0.6503189829938656,-1.0020621095835658,-0.3743262111571587,0.0,0.0,10.0,0.0,0.0784739633368959,2.0,0.0,0.0,1.0,0
1.0,0.0,0.0,0.0,0.0,0.0,0.0,0.0,0.0,1.0,0.0,0.0,0.0,1.0,0.0,0.0,1.0,0.0,0.0,1.0,0.0,0.0,1.0,0.0,0.0,0.0,-0.3395032623492114,0.1023697115586818,0.2323102943514126,-0.195533448938226,2.0616647060972317,0.4963147781421644,-0.3743262111571587,0.0,0.0,16.0,0.0,0.2211515598007557,2.0,0.0,0.0,1.0,0
1.0,0.0,0.0,0.0,0.0,0.0,0.0,1.0,0.0,0.0,0.0,0.0,0.0,1.0,0.0,0.0,1.0,0.0,0.0,1.0,0.0,0.0,1.0,0.0,0.0,0.0,-0.3892706733463877,-0.2768696612118667,-0.139177528873318,-0.195533448938226,2.646805379216213,1.0288704189603457,-0.3743262111571587,0.0,0.0,8.0,0.0,0.2356746215304183,1.0,0.0,0.0,1.0,0
1.0,0.0,0.0,0.0,0.0,0.0,0.0,0.0,0.0,0.0,1.0,0.0,1.0,0.0,0.0,0.0,1.0,0.0,0.0,1.0,0.0,0.0,1.0,0.0,0.0,0.0,-0.1047498616237223,0.9197891134857126,0.9853304613430016,-0.195533448938226,0.7313950670626479,-0.7041920053971253,-0.3743262111571587,0.0,0.0,9.0,0.0,0.1564739341070745,1.0,0.0,0.0,0.0,0
1.0,0.0,0.0,0.0,0.0,0.0,1.0,0.0,0.0,0.0,0.0,0.0,0.0,0.0,1.0,0.0,1.0,0.0,0.0,1.0,0.0,0.0,0.0,0.0,0.0,1.0,-0.400041666150759,-0.9475362693881212,-0.8250313059771427,-0.195533448938226,2.1556052277434845,0.5865784460774494,-0.3743262111571587,0.0,0.0,2.0,0.0,0.2298861947029832,1.0,0.0,0.0,1.0,0
1.0,0.0,0.0,0.0,0.0,1.0,0.0,0.0,0.0,0.0,0.0,0.0,1.0,0.0,0.0,0.0,1.0,0.0,0.0,0.0,1.0,0.0,0.0,1.0,0.0,0.0,7.230470588756114,1.7500238457935715,-0.9047352287205211,-0.195533448938226,2.04602181293004,0.4872884113486359,3.4115267461845225,0.0,0.0,3.0,0.0,0.2179713657704712,1.0,1.0,0.0,1.0,1
1.0,0.0,0.0,0.0,0.0,0.0,0.0,1.0,0.0,0.0,0.0,0.0,0.0,1.0,0.0,0.0,1.0,0.0,0.0,1.0,0.0,0.0,1.0,0.0,0.0,0.0,0.2744626997891718,1.577407897656857,1.5199294128806276,-0.195533448938226,1.383469193481016,-0.1174781638177732,-0.3743262111571587,0.0,0.0,17.0,0.0,0.1614676852294236,2.0,0.0,0.0,0.0,0
1.0,0.0,0.0,1.0,0.0,0.0,0.0,0.0,0.0,0.0,0.0,0.0,0.0,1.0,0.0,0.0,1.0,0.0,0.0,1.0,0.0,0.0,1.0,0.0,0.0,0.0,-0.3133894164853759,-0.5517898492936135,-0.4503619932011897,-0.195533448938226,1.6908341642480746,0.1623392067816101,-0.3743262111571587,0.0,0.0,13.0,0.0,0.1676778419924493,1.0,0.0,0.0,1.0,0
0.0,1.0,0.0,0.0,0.0,0.0,0.0,0.0,0.0,0.0,0.0,1.0,1.0,0.0,0.0,1.0,0.0,0.0,0.0,1.0,0.0,0.0,1.0,0.0,0.0,0.0,0.4928658884159391,1.2076937182204923,1.057917703586835,-0.195533448938226,-0.2961625510863463,-1.6339077851305603,-0.3743262111571587,0.0,0.0,10.0,0.0,0.0942684561955888,2.0,0.0,0.0,1.0,0
0.0,1.0,0.0,0.0,0.0,0.0,0.0,0.0,0.0,1.0,0.0,0.0,0.0,1.0,0.0,1.0,0.0,0.0,0.0,1.0,0.0,0.0,0.0,0.0,1.0,0.0,-0.3599991443402634,-0.6753073711389618,-0.5599820637064038,0.0877837752465123,-0.6380025955506909,-0.3792428008300996,-0.3743262111571587,0.0,0.0,15.0,0.0,0.0912448548198359,2.0,0.0,0.0,1.0,0
1.0,0.0,0.0,0.0,0.0,0.0,0.0,0.0,0.0,0.0,1.0,0.0,1.0,0.0,0.0,0.0,1.0,0.0,0.0,1.0,0.0,0.0,0.0,0.0,0.0,1.0,2.907001825997141,1.9253804005922663,0.8930455229710992,-0.195533448938226,0.8355188543565495,-0.6139283374618404,0.0989054085105514,0.0,0.0,20.0,0.0,0.0830954662156213,2.0,0.0,0.0,0.0,0
1.0,0.0,0.0,0.0,0.0,0.0,0.0,0.0,0.0,1.0,0.0,0.0,0.0,1.0,0.0,0.0,1.0,0.0,0.0,1.0,0.0,0.0,0.0,0.0,0.0,1.0,-0.2706154018953544,1.7724982294740792,1.9245221205472345,-0.0908445965359743,-0.6309587196800839,1.0830286197215164,-0.3743262111571587,0.0,0.0,6.0,0.0,0.2668435738241782,2.0,0.0,0.0,1.0,0
1.0,0.0,0.0,0.0,0.0,0.0,0.0,0.0,0.0,0.0,1.0,0.0,0.0,1.0,0.0,0.0,1.0,0.0,0.0,1.0,0.0,0.0,1.0,0.0,0.0,0.0,-0.1560283111797851,1.516649563844726,1.618475870551519,-0.195533448938226,1.8126715945223693,0.270655608303952,-0.3743262111571587,0.0,0.0,18.0,0.0,0.8309541754813817,2.0,0.0,0.0,0.0,0
1.0,0.0,0.0,0.0,0.0,0.0,0.0,0.0,0.0,1.0,0.0,0.0,1.0,0.0,0.0,0.0,1.0,0.0,0.0,1.0,0.0,0.0,0.0,0.0,0.0,1.0,-0.4053109288176457,-1.1483191723695598,-1.0295960111305658,-0.195533448938226,1.7770488763502974,0.2435765079233665,1.991831887181392,0.0,0.0,4.0,0.0,0.2570297983377603,2.0,1.0,0.0,1.0,1
1.0,0.0,0.0,0.0,0.0,1.0,0.0,0.0,0.0,0.0,0.0,0.0,1.0,0.0,0.0,0.0,1.0,0.0,0.0,1.0,0.0,0.0,0.0,0.0,1.0,0.0,-0.1953734305784869,0.4005110810231728,0.4850756532751766,-0.195533448938226,2.9586403420499203,1.3086877895597289,-0.3743262111571587,0.0,0.0,14.0,0.0,0.0980903010644899,2.0,0.0,0.0,0.0,0
1.0,0.0,0.0,0.0,0.0,0.0,0.0,1.0,0.0,0.0,0.0,0.0,0.0,1.0,0.0,0.0,0.0,1.0,0.0,1.0,0.0,0.0,1.0,0.0,0.0,0.0,-0.3910141793758723,-0.9605981839159148,-0.8418446448355387,-0.195533448938226,0.7654501694122767,-0.6771129050165399,-0.3743262111571587,0.0,0.0,19.0,0.0,0.2948977780522043,2.0,0.0,0.0,1.0,0
1.0,0.0,0.0,0.0,0.0,0.0,1.0,0.0,0.0,0.0,0.0,0.0,0.0,0.0,1.0,0.0,1.0,0.0,0.0,1.0,0.0,0.0,0.0,0.0,1.0,0.0,-0.3522308563644488,0.1219484928276884,0.2572114289710022,-0.195533448938226,-0.5563992520083875,1.326740523146786,-0.3743262111571587,0.0,0.0,21.0,0.0,0.2352849527442644,2.0,0.0,0.0,1.0,0
1.0,0.0,0.0,0.0,0.0,0.0,0.0,1.0,0.0,0.0,0.0,0.0,0.0,1.0,0.0,0.0,0.0,1.0,0.0,1.0,0.0,0.0,1.0,0.0,0.0,0.0,-0.3730754395613977,-0.0065077572182981,0.1328724398358736,-0.195533448938226,-0.6010866982784071,-1.7873560206205448,-0.3743262111571587,0.0,0.0,7.0,0.0,0.0238708057689544,2.0,0.0,0.0,1.0,0
1.0,0.0,0.0,0.0,0.0,0.0,1.0,0.0,0.0,0.0,0.0,0.0,1.0,0.0,0.0,0.0,1.0,0.0,0.0,1.0,0.0,0.0,0.0,0.0,1.0,0.0,-0.3493637575604075,1.9352367212095176,2.121383127766832,-0.195533448938226,0.1284950115095678,-1.2548003798023637,-0.3743262111571587,0.0,0.0,23.0,0.0,0.2860980935388132,2.0,0.0,0.0,0.0,0
0.0,1.0,0.0,0.0,0.0,0.0,0.0,0.0,0.0,0.0,0.0,1.0,1.0,0.0,0.0,1.0,0.0,0.0,0.0,1.0,0.0,0.0,0.0,0.0,0.0,1.0,0.9238412066153084,1.7075691009475715,1.4108891126808754,-0.195533448938226,2.089395289439072,0.5233938785227499,-0.3743262111571587,0.0,0.0,11.0,0.0,0.1594127196893995,1.0,0.0,0.0,1.0,0
1.0,0.0,0.0,1.0,0.0,0.0,0.0,0.0,0.0,0.0,0.0,0.0,0.0,1.0,0.0,0.0,1.0,0.0,0.0,1.0,0.0,0.0,0.0,0.0,1.0,0.0,0.1431766957689836,1.813262111598035,1.8116553363314327,-0.195533448938226,1.0320155474742612,-0.4334010015912705,-0.3743262111571587,0.0,0.0,12.0,0.0,0.230196929336281,1.0,0.0,0.0,1.0,0
1.0,0.0,0.0,0.0,0.0,0.0,0.0,0.0,0.0,0.0,1.0,0.0,0.0,1.0,0.0,0.0,0.0,1.0,0.0,1.0,0.0,0.0,0.0,0.0,0.0,1.0,-0.3639123467619954,0.6853439518129053,0.8411198449881652,-0.195533448938226,0.2777802721391617,-1.119404877899436,-0.3743262111571587,0.0,0.0,22.0,0.0,0.0595196527757423,2.0,0.0,0.0,1.0,0
1.0,0.0,0.0,0.0,0.0,0.0,1.0,0.0,0.0,0.0,0.0,0.0,0.0,1.0,0.0,0.0,1.0,0.0,0.0,1.0,0.0,0.0,0.0,0.0,0.0,1.0,-0.3998866878370271,-0.7379961065587605,-0.6095451776945805,-0.195533448938226,3.003211360619599,1.3538196235273714,-0.3743262111571587,0.0,0.0,1.0,0.0,0.1429412325508015,1.0,0.0,0.0,0.0,0
0.0,0.0,1.0,0.0,0.0,0.0,0.0,0.0,0.0,1.0,0.0,0.0,0.0,1.0,0.0,1.0,0.0,0.0,0.0,1.0,0.0,1.0,0.0,0.0,0.0,0.0,-0.3403556430747373,-1.0376592524730912,-0.9400649817096076,-0.195533448938226,-0.5724454839946168,0.8844485502638897,0.0989054085105514,0.0,0.0,16.0,0.0,0.0220980548284439,1.0,0.0,0.0,0.0,0
1.0,0.0,0.0,0.0,0.0,0.0,0.0,0.0,0.0,0.0,0.0,1.0,1.0,0.0,0.0,0.0,1.0,0.0,0.0,1.0,0.0,0.0,1.0,0.0,0.0,0.0,-0.2772407248073958,0.0472334962973486,0.1523019921976664,-0.195533448938226,-0.5435880468387653,-0.6229547042553689,-0.3743262111571587,0.0,0.0,10.0,0.0,0.0361110947126189,1.0,0.0,0.0,0.0,0
1.0,0.0,0.0,0.0,0.0,0.0,0.0,1.0,0.0,0.0,0.0,0.0,1.0,0.0,0.0,0.0,1.0,0.0,0.0,1.0,0.0,0.0,0.0,0.0,0.0,1.0,-0.3019791381368602,0.000290919976589,0.113268956382442,0.0519095533874931,-0.6902079447569899,-0.6229547042553689,-0.3743262111571587,1.0,0.0,9.0,0.0,0.0361110947126189,1.0,0.0,0.0,0.0,0
1.0,0.0,0.0,1.0,0.0,0.0,0.0,0.0,0.0,0.0,0.0,0.0,0.0,1.0,0.0,0.0,1.0,0.0,0.0,1.0,0.0,0.0,0.0,0.0,1.0,0.0,-0.3644353985708408,-1.136609948019402,-1.0328427248411527,-0.195533448938226,0.5339045803598862,-0.8847193412676952,-0.3743262111571587,0.0,0.0,14.0,0.0,0.0345872785453475,1.0,0.0,0.0,1.0,0
1.0,0.0,0.0,0.0,0.0,0.0,0.0,0.0,0.0,0.0,1.0,0.0,1.0,0.0,0.0,0.0,1.0,0.0,0.0,1.0,0.0,0.0,0.0,0.0,0.0,1.0,-0.2571710331791068,-0.97499869809866,-0.9067281891455466,-0.195533448938226,-0.5852774798250141,-0.352163700449514,0.0989054085105514,0.0,0.0,11.0,0.0,0.2575039472397014,1.0,0.0,0.0,1.0,0
1.0,0.0,0.0,1.0,0.0,0.0,0.0,0.0,0.0,0.0,0.0,0.0,1.0,0.0,0.0,0.0,1.0,0.0,0.0,0.0,1.0,0.0,0.0,1.0,0.0,0.0,-0.2120335993046728,-1.4087190768257498,-1.369761743602716,6.3937738048002295,-0.6294035782541059,0.965685851405646,2.465063506849102,0.0,0.0,4.0,0.0,0.2438137646083233,2.0,2.0,1.0,1.0,1
1.0,0.0,0.0,0.0,0.0,0.0,0.0,0.0,0.0,1.0,0.0,0.0,0.0,1.0,0.0,0.0,1.0,0.0,0.0,1.0,0.0,0.0,1.0,0.0,0.0,0.0,-0.2281125993543639,1.7231461737744067,1.8578557825479305,0.0646103648531086,-0.6648267060827368,1.1010813533085737,-0.3743262111571587,0.0,0.0,18.0,1.0,0.2668435738241782,2.0,0.0,0.0,1.0,0
1.0,0.0,0.0,0.0,0.0,0.0,0.0,0.0,0.0,1.0,0.0,0.0,1.0,0.0,0.0,0.0,1.0,0.0,0.0,1.0,0.0,0.0,0.0,0.0,0.0,1.0,-0.3637186238698305,-0.4846625992284479,-0.3624833091507979,-0.195533448938226,2.4440049577514884,0.8483430830897757,-0.3743262111571587,0.0,0.0,0.0,1.0,0.2551335760302412,2.0,0.0,0.0,1.0,0
1.0,0.0,0.0,0.0,0.0,0.0,0.0,0.0,0.0,1.0,0.0,0.0,0.0,1.0,0.0,0.0,1.0,0.0,0.0,1.0,0.0,0.0,1.0,0.0,0.0,0.0,-0.3745089889634184,-0.8747798555108162,-0.7597419224533113,-0.195533448938226,-0.5500705748684442,-0.5507437699071409,-0.3743262111571587,0.0,0.0,12.0,1.0,0.0603691501968914,2.0,0.0,0.0,1.0,0
1.0,0.0,0.0,0.0,0.0,0.0,1.0,0.0,0.0,0.0,0.0,0.0,0.0,1.0,0.0,0.0,0.0,1.0,0.0,1.0,0.0,0.0,0.0,0.0,1.0,0.0,-0.3521921117860158,0.6699218747355912,0.8208713670699076,-0.1142408281831608,-0.6809727332406865,-1.1103785111059077,-0.3743262111571587,1.0,0.0,19.0,1.0,0.0595196527757423,2.0,0.0,0.0,1.0,0
1.0,0.0,0.0,0.0,0.0,0.0,0.0,1.0,0.0,0.0,0.0,0.0,0.0,1.0,0.0,0.0,1.0,0.0,0.0,1.0,0.0,0.0,1.0,0.0,0.0,0.0,-0.3967871215623879,-0.6516141572463137,-0.5218476718646455,-0.195533448938226,-0.5844666440547849,-0.5236646695265554,-0.3743262111571587,0.0,0.0,13.0,1.0,0.1629868474246943,2.0,0.0,0.0,1.0,0
1.0,0.0,0.0,0.0,0.0,0.0,0.0,0.0,0.0,1.0,0.0,0.0,1.0,0.0,0.0,0.0,1.0,0.0,0.0,1.0,0.0,0.0,0.0,0.0,1.0,0.0,-0.3086044610489016,-1.0097529722980156,-0.9232371485935752,-0.195533448938226,-0.6018601108592411,1.092054986515045,-0.3743262111571587,0.0,0.0,15.0,1.0,0.2122951936048218,1.0,0.0,0.0,0.0,0
1.0,0.0,0.0,0.0,0.0,0.0,1.0,0.0,0.0,0.0,0.0,0.0,0.0,0.0,1.0,0.0,1.0,0.0,0.0,1.0,0.0,0.0,0.0,0.0,0.0,1.0,-0.3773954600566761,0.5868300624697895,0.7448272443797572,-0.195533448938226,-0.5474384772143155,-1.5346177504017469,-0.3743262111571587,0.0,0.0,3.0,1.0,0.2423099277033597,2.0,0.0,0.0,0.0,0
1.0,0.0,0.0,0.0,0.0,1.0,0.0,0.0,0.0,0.0,0.0,0.0,0.0,1.0,0.0,0.0,1.0,0.0,0.0,1.0,0.0,0.0,0.0,0.0,1.0,0.0,-0.3476396238201394,0.2607401412621718,0.3982622971610712,0.4560701708737309,-0.6407635953016254,1.074002252927988,-0.3743262111571587,0.0,0.0,11.0,1.0,0.246864074681517,1.0,0.0,0.0,0.0,0
1.0,0.0,0.0,1.0,0.0,0.0,0.0,0.0,0.0,0.0,0.0,0.0,0.0,1.0,0.0,0.0,1.0,0.0,0.0,1.0,0.0,0.0,0.0,0.0,1.0,0.0,-0.1187947713056813,0.806268817484452,0.8738116430873997,-0.195533448938226,2.6505102749663374,1.0288704189603457,-0.3743262111571587,0.0,0.0,17.0,1.0,0.1628343025349496,1.0,0.0,0.0,0.0,0
1.0,0.0,0.0,0.0,0.0,0.0,0.0,0.0,0.0,1.0,0.0,0.0,0.0,1.0,0.0,0.0,1.0,0.0,0.0,1.0,0.0,0.0,0.0,0.0,0.0,1.0,-0.3794876672920576,-0.5418912571083113,-0.4154525736835635,-0.195533448938226,-0.153796422362709,-1.5075386500211614,-0.3743262111571587,0.0,0.0,16.0,1.0,0.0242739505106111,1.0,0.0,0.0,0.0,0
1.0,0.0,0.0,0.0,0.0,0.0,0.0,0.0,0.0,0.0,1.0,0.0,0.0,1.0,0.0,0.0,1.0,0.0,0.0,1.0,0.0,0.0,1.0,0.0,0.0,0.0,-0.3658495756836449,-0.848374216001555,-0.7358191502241885,-0.195533448938226,-0.5745245500721277,1.3177141563532573,-0.3743262111571587,0.0,0.0,8.0,1.0,0.1614731058958141,1.0,0.0,0.0,1.0,0
1.0,0.0,0.0,0.0,0.0,0.0,0.0,1.0,0.0,0.0,0.0,0.0,0.0,1.0,0.0,0.0,1.0,0.0,0.0,1.0,0.0,0.0,1.0,0.0,0.0,0.0,-0.3903942661209444,-0.5516489440667764,-0.4214097135721848,-0.1440988761900463,-0.6936467200491929,-1.5075386500211614,-0.3743262111571587,1.0,0.0,7.0,1.0,0.0242739505106111,1.0,0.0,0.0,0.0,0
1.0,0.0,0.0,0.0,0.0,0.0,1.0,0.0,0.0,0.0,0.0,0.0,1.0,0.0,0.0,0.0,1.0,0.0,0.0,1.0,0.0,0.0,0.0,0.0,1.0,0.0,-0.1434944400567127,-0.3226004525818275,-0.2781629653501788,-0.195533448938226,-0.6045712130243155,0.8212639827091902,0.0989054085105514,0.0,0.0,10.0,1.0,0.8508490158121271,2.0,0.0,0.0,0.0,0
0.0,1.0,0.0,0.0,1.0,0.0,0.0,0.0,0.0,0.0,0.0,0.0,0.0,1.0,0.0,1.0,0.0,0.0,1.0,0.0,0.0,1.0,0.0,0.0,0.0,0.0,2.145341530872199,-0.5705020634175723,-1.3894159569578752,-0.0144911802397596,-0.6272247170048743,-1.0201148431706226,3.8847583658522327,0.0,0.0,2.0,1.0,0.1606632755025288,1.0,1.0,0.0,1.0,1
1.0,0.0,0.0,0.0,0.0,0.0,1.0,0.0,0.0,0.0,0.0,0.0,0.0,1.0,0.0,0.0,1.0,0.0,0.0,1.0,0.0,0.0,0.0,0.0,0.0,1.0,-0.3898518420228826,-0.3190566861268761,-0.1823559223725951,-0.195533448938226,-0.589448086376501,0.8122376159156617,-0.3743262111571587,0.0,0.0,4.0,1.0,0.2330246253840381,1.0,0.0,0.0,1.0,0
1.0,0.0,0.0,1.0,0.0,0.0,0.0,0.0,0.0,0.0,0.0,0.0,0.0,1.0,0.0,0.0,1.0,0.0,0.0,1.0,0.0,0.0,1.0,0.0,0.0,0.0,-0.2013594679463839,0.9671755412710088,1.0702160811914463,-0.195533448938226,1.1525556405161888,-0.3250846000689286,-0.3743262111571587,0.0,0.0,14.0,1.0,0.192208575275786,2.0,0.0,0.0,1.0,0
1.0,0.0,0.0,0.0,0.0,0.0,0.0,0.0,0.0,0.0,1.0,0.0,1.0,0.0,0.0,0.0,1.0,0.0,0.0,1.0,0.0,0.0,0.0,0.0,0.0,1.0,-0.2636413777774161,-0.479667508937075,-0.3947837622938457,-0.195533448938226,-0.6041928229982084,0.5775520792839208,0.0989054085105514,0.0,0.0,21.0,1.0,0.2754263913495592,2.0,0.0,0.0,0.0,0
1.0,0.0,0.0,0.0,0.0,0.0,0.0,1.0,0.0,0.0,0.0,0.0,0.0,1.0,0.0,0.0,1.0,0.0,0.0,1.0,0.0,0.0,0.0,0.0,0.0,1.0,-0.3549236045655417,-0.5830144475607013,-0.4669434239374009,-0.195533448938226,-0.6196527583505796,1.0469231525474023,-0.3743262111571587,0.0,0.0,10.0,1.0,0.2297099168724586,2.0,0.0,0.0,1.0,0
1.0,0.0,0.0,0.0,0.0,0.0,1.0,0.0,0.0,0.0,0.0,0.0,0.0,1.0,0.0,0.0,0.0,1.0,0.0,1.0,0.0,0.0,0.0,0.0,1.0,0.0,-0.2647649705519729,1.914523652864473,2.0684283574917037,-0.0863510345846894,-0.660298500165918,-1.227721279421778,-0.3743262111571587,0.0,0.0,22.0,1.0,0.2860980935388132,2.0,0.0,0.0,0.0,0
0.0,1.0,0.0,0.0,0.0,0.0,0.0,0.0,0.0,1.0,0.0,0.0,1.0,0.0,0.0,1.0,0.0,0.0,0.0,1.0,0.0,0.0,0.0,0.0,0.0,1.0,0.0886437016245496,-0.517401928684034,-0.5653884218048364,-0.195533448938226,2.1285648943393776,0.5594993456968639,-0.3743262111571587,0.0,0.0,9.0,1.0,0.2718586585390012,2.0,0.0,0.0,0.0,0
1.0,0.0,0.0,0.0,0.0,0.0,0.0,1.0,0.0,0.0,0.0,0.0,0.0,1.0,0.0,0.0,1.0,0.0,0.0,1.0,0.0,0.0,1.0,0.0,0.0,0.0,-0.284214748925334,-0.0372673682368236,0.0679888955258655,-0.0767325837964016,-0.620476068517274,-0.1084517970242447,-0.3743262111571587,0.0,0.0,16.0,1.0,0.0919652735661293,1.0,0.0,0.0,0.0,0
1.0,0.0,0.0,0.0,0.0,1.0,0.0,0.0,0.0,0.0,0.0,0.0,1.0,0.0,0.0,0.0,1.0,0.0,0.0,1.0,0.0,0.0,0.0,0.0,0.0,1.0,-0.247678611463024,0.4057598007228524,0.5100420120541311,-0.195533448938226,0.3231704427433798,-1.0742730439317936,-0.3743262111571587,0.0,0.0,12.0,1.0,0.0102971274485699,2.0,0.0,0.0,1.0,0
1.0,0.0,0.0,0.0,0.0,0.0,0.0,0.0,0.0,0.0,1.0,0.0,1.0,0.0,0.0,0.0,1.0,0.0,0.0,1.0,0.0,0.0,0.0,0.0,0.0,1.0,-0.3128663646765305,-0.9510236737523378,-0.8612307144244219,-0.195533448938226,-0.5906872097586975,0.0269437048786826,0.0989054085105514,0.0,0.0,13.0,1.0,0.0920448622502855,2.0,0.0,0.0,1.0,0
1.0,0.0,0.0,0.0,0.0,0.0,0.0,1.0,0.0,0.0,0.0,0.0,0.0,1.0,0.0,0.0,1.0,0.0,0.0,1.0,0.0,0.0,1.0,0.0,0.0,0.0,-0.2447146512129003,-0.1180765158278655,-0.0299125676801993,-0.195533448938226,1.3206606072794116,-0.1716363645789441,-0.3743262111571587,0.0,0.0,10.0,0.0,0.1281839825224429,2.0,0.0,0.0,1.0,0
1.0,0.0,0.0,1.0,0.0,0.0,0.0,0.0,0.0,0.0,0.0,0.0,0.0,1.0,0.0,0.0,1.0,0.0,0.0,1.0,0.0,0.0,0.0,0.0,1.0,0.0,-0.2320064294868794,-0.9891314923504152,-0.9306799498899428,-0.195533448938226,-0.4739393332421496,-1.7963823874140732,-0.3743262111571587,0.0,0.0,15.0,0.0,0.2915183290471522,2.0,0.0,0.0,1.0,0
1.0,0.0,0.0,0.0,0.0,1.0,0.0,0.0,0.0,0.0,0.0,0.0,1.0,0.0,0.0,0.0,1.0,0.0,0.0,0.0,1.0,0.0,0.0,1.0,0.0,0.0,4.000451318532999,0.3037655522768618,-1.1840903032785333,-0.195533448938226,-0.5033165369173789,-0.1265045306113017,3.4115267461845225,0.0,0.0,3.0,0.0,0.3658759447175774,1.0,1.0,0.0,1.0,1
0.0,1.0,0.0,0.0,0.0,0.0,0.0,0.0,0.0,0.0,0.0,1.0,1.0,0.0,0.0,1.0,0.0,0.0,0.0,1.0,0.0,0.0,0.0,0.0,0.0,1.0,0.2092943188648818,1.9269726296555247,1.903889544801608,-0.195533448938226,1.2600890961772089,-0.2257945653401151,-0.3743262111571587,0.0,0.0,9.0,0.0,0.0443633550981042,1.0,0.0,0.0,0.0,0
1.0,0.0,0.0,0.0,0.0,0.0,1.0,0.0,0.0,0.0,0.0,0.0,1.0,0.0,0.0,0.0,0.0,1.0,0.0,1.0,0.0,0.0,0.0,0.0,0.0,1.0,-0.276427088660303,1.6316141384210665,1.7817754242136894,-0.195533448938226,-0.536095092695416,0.3970247434133509,-0.3743262111571587,0.0,0.0,20.0,0.0,0.2185589018097827,2.0,0.0,0.0,1.0,0
1.0,0.0,0.0,0.0,0.0,0.0,0.0,1.0,0.0,0.0,0.0,0.0,0.0,1.0,0.0,0.0,1.0,0.0,0.0,1.0,0.0,0.0,1.0,0.0,0.0,0.0,-0.3746058504095008,0.7888458861860522,0.9515878295651176,-0.195533448938226,1.9483181816834916,0.3970247434133509,-0.3743262111571587,0.0,0.0,8.0,0.0,0.0755913660052042,2.0,0.0,0.0,1.0,0
1.0,0.0,0.0,0.0,0.0,0.0,0.0,0.0,0.0,0.0,1.0,0.0,1.0,0.0,0.0,0.0,1.0,0.0,0.0,1.0,0.0,0.0,0.0,0.0,0.0,1.0,0.8813577763635345,-0.1794336968540541,-0.5142889165071857,-0.195533448938226,2.0407534594896264,0.4782620445551074,0.0989054085105514,0.0,0.0,14.0,0.0,0.2061660365519345,1.0,0.0,0.0,1.0,0
0.0,1.0,0.0,0.0,0.0,0.0,0.0,0.0,0.0,1.0,0.0,0.0,1.0,0.0,0.0,1.0,0.0,0.0,0.0,1.0,0.0,0.0,0.0,0.0,0.0,1.0,0.2705882419458728,1.2178811661208102,1.1515506079189366,-0.195533448938226,3.017490386439944,1.3628459903208998,-0.3743262111571587,0.0,0.0,11.0,0.0,0.1195568895432134,1.0,0.0,0.0,1.0,0
1.0,0.0,0.0,0.0,0.0,0.0,0.0,0.0,0.0,1.0,0.0,0.0,1.0,0.0,0.0,0.0,1.0,0.0,0.0,0.0,1.0,1.0,0.0,0.0,0.0,0.0,-0.4033736998959962,-0.4434548656399559,-0.3052599800017058,-0.195533448938226,-0.5650606412872979,0.3157874422715945,2.938295126516812,0.0,0.0,2.0,0.0,1.0,1.0,1.0,0.0,0.0,1
0.0,1.0,0.0,0.0,1.0,0.0,0.0,0.0,0.0,0.0,0.0,0.0,0.0,1.0,0.0,1.0,0.0,0.0,0.0,1.0,0.0,1.0,0.0,0.0,0.0,0.0,-0.2455476596492096,-0.3480549818099387,-0.2661689671559352,-0.195533448938226,-0.0159086019700301,-1.3811695149117624,0.5721370281782616,0.0,0.0,12.0,0.0,0.8178749185349781,1.0,0.0,0.0,0.0,0
1.0,0.0,0.0,0.0,0.0,0.0,0.0,0.0,0.0,0.0,1.0,0.0,0.0,1.0,0.0,0.0,1.0,0.0,0.0,1.0,0.0,0.0,1.0,0.0,0.0,0.0,-0.3687166744876863,-1.061648367342097,-0.9541316587458776,-0.069082387416528,-0.6534375821101319,0.9205540174380036,-0.3743262111571587,0.0,0.0,7.0,0.0,0.0220980548284439,1.0,0.0,0.0,0.0,0
1.0,0.0,0.0,0.0,0.0,0.0,0.0,1.0,0.0,0.0,0.0,0.0,0.0,1.0,0.0,0.0,0.0,1.0,0.0,1.0,0.0,0.0,1.0,0.0,0.0,0.0,-0.3499255539476859,0.1916120369759205,0.328008630396722,-0.195533448938226,-0.4521299300890601,-1.778329653827016,-0.3743262111571587,0.0,0.0,19.0,0.0,0.2062216193923824,1.0,0.0,0.0,0.0,0
1.0,0.0,0.0,0.0,0.0,0.0,0.0,0.0,0.0,0.0,1.0,0.0,0.0,1.0,0.0,0.0,1.0,0.0,0.0,1.0,0.0,0.0,1.0,0.0,0.0,0.0,-0.2211579475256421,1.1760041327048425,1.292434792146185,-0.195533448938226,2.01190849673024,0.4511829441745219,-0.3743262111571587,0.0,0.0,17.0,0.0,0.2929044929011327,2.0,0.0,0.0,0.0,0
1.0,0.0,0.0,0.0,0.0,0.0,1.0,0.0,0.0,0.0,0.0,0.0,0.0,1.0,0.0,0.0,1.0,0.0,0.0,1.0,0.0,0.0,0.0,0.0,1.0,0.0,-0.2498483078552715,1.6441053867801694,1.7846815228698174,-0.195533448938226,-0.5911903437494552,-0.8215347737129958,-0.3743262111571587,0.0,0.0,21.0,0.0,0.0372904419857371,2.0,0.0,0.0,1.0,0
1.0,0.0,0.0,0.0,0.0,0.0,0.0,0.0,0.0,1.0,0.0,0.0,0.0,0.0,1.0,0.0,1.0,0.0,0.0,1.0,0.0,0.0,1.0,0.0,0.0,0.0,-0.3394451454815619,-0.7573142131581184,-0.6520278468273034,-0.195533448938226,2.8277963975278486,1.1913450212438583,-0.3743262111571587,0.0,0.0,11.0,0.0,0.2597087179655156,2.0,0.0,0.0,0.0,0
0.0,1.0,0.0,0.0,0.0,0.0,0.0,0.0,0.0,0.0,0.0,1.0,1.0,0.0,0.0,1.0,0.0,0.0,0.0,1.0,0.0,0.0,0.0,0.0,0.0,1.0,-0.3657914588159955,-1.1489462006289846,-1.0450251483846715,-0.195533448938226,-0.5470642453203636,-1.7602769202399593,-0.3743262111571587,0.0,0.0,10.0,0.0,0.2641912541683239,2.0,1.0,1.0,0.0,0
1.0,0.0,0.0,0.0,0.0,0.0,0.0,0.0,0.0,1.0,0.0,0.0,0.0,1.0,0.0,0.0,1.0,0.0,0.0,1.0,0.0,0.0,1.0,0.0,0.0,0.0,-0.253974605458385,1.0009646146665303,1.1246565128743211,-0.195533448938226,-0.4894865893697762,-1.6700132523046742,-0.3743262111571587,0.0,0.0,13.0,0.0,0.2177883688579468,1.0,0.0,0.0,0.0,0
0.0,1.0,0.0,0.0,0.0,0.0,0.0,0.0,0.0,1.0,0.0,0.0,1.0,0.0,0.0,1.0,0.0,0.0,0.0,1.0,0.0,0.0,0.0,0.0,0.0,1.0,-0.1895036269458889,1.2987678115866128,1.4068742033155517,-0.195533448938226,-0.5911071811063547,-0.7673765729518248,-0.3743262111571587,0.0,0.0,6.0,0.0,0.1331695119937279,1.0,0.0,0.0,1.0,0
1.0,0.0,0.0,0.0,0.0,0.0,1.0,0.0,0.0,0.0,0.0,0.0,0.0,0.0,1.0,0.0,1.0,0.0,0.0,1.0,0.0,0.0,0.0,0.0,0.0,1.0,-0.4033349553175632,-1.3815595943529104,-1.2702586649278125,-0.195533448938226,-0.5098614369293831,0.4602093109680504,-0.3743262111571587,0.0,0.0,8.0,0.0,0.1073994960049018,1.0,0.0,0.0,0.0,0
1.0,0.0,0.0,0.0,0.0,0.0,0.0,1.0,0.0,0.0,0.0,0.0,0.0,1.0,0.0,0.0,1.0,0.0,0.0,1.0,0.0,0.0,1.0,0.0,0.0,0.0,-0.3716225178701605,-0.1153077281205176,0.020411494833896,-0.195533448938226,-0.6047915940285316,-1.3992222484988197,-0.3743262111571587,0.0,0.0,9.0,0.0,0.2581723600772241,2.0,0.0,0.0,1.0,0
0.0,0.0,1.0,0.0,0.0,0.0,0.0,0.0,0.0,1.0,0.0,0.0,0.0,1.0,0.0,0.0,1.0,0.0,0.0,1.0,0.0,1.0,0.0,0.0,0.0,0.0,-0.1549047184052284,0.3112687556059341,0.378137020432724,-0.195533448938226,2.049244365350181,0.4872884113486359,0.0989054085105514,0.0,0.0,11.0,0.0,0.19835586561334,2.0,0.0,0.0,1.0,0
1.0,0.0,0.0,0.0,0.0,1.0,0.0,0.0,0.0,0.0,0.0,0.0,1.0,0.0,0.0,0.0,1.0,0.0,0.0,0.0,1.0,0.0,0.0,1.0,0.0,0.0,-0.0830141531228146,-1.3277831145305543,-1.3347726056680884,-0.195533448938226,-0.5141276805204357,0.6587893804256773,3.4115267461845225,0.0,0.0,4.0,0.0,0.3087666221992866,2.0,1.0,0.0,0.0,1
1.0,0.0,0.0,0.0,0.0,1.0,0.0,0.0,0.0,0.0,0.0,0.0,1.0,0.0,0.0,0.0,1.0,0.0,0.0,1.0,0.0,0.0,0.0,0.0,1.0,0.0,0.0063114724544448,1.8173624536989923,1.8670741304047755,-0.195533448938226,0.7739577078014515,-0.6680865382230113,-0.3743262111571587,0.0,0.0,16.0,0.0,0.2589455972151129,2.0,0.0,0.0,1.0,0
1.0,0.0,0.0,0.0,0.0,0.0,1.0,0.0,0.0,0.0,0.0,0.0,0.0,1.0,0.0,0.0,1.0,0.0,0.0,1.0,0.0,0.0,0.0,0.0,1.0,0.0,-0.3756132094487586,0.0780706051906346,0.2208235951744482,-0.0674483648887879,-0.6210083094331167,0.5594993456968639,-0.3743262111571587,0.0,0.0,14.0,0.0,0.2211515598007557,2.0,0.0,0.0,1.0,0
0.0,1.0,0.0,0.0,0.0,0.0,0.0,0.0,0.0,1.0,0.0,0.0,1.0,0.0,0.0,1.0,0.0,0.0,0.0,1.0,0.0,0.0,0.0,0.0,0.0,1.0,0.3190189649871109,0.8806808677770923,0.786570706373016,1.528211770324956,-0.6297445450908176,-1.5797495843693894,-0.3743262111571587,0.0,0.0,10.0,0.0,0.0942684561955888,2.0,0.0,0.0,1.0,0
1.0,0.0,0.0,0.0,0.0,0.0,0.0,0.0,1.0,0.0,0.0,0.0,0.0,1.0,0.0,0.0,1.0,0.0,0.0,1.0,0.0,1.0,0.0,0.0,0.0,0.0,-0.380088208257769,-0.5636329336092666,-0.4375925522233908,-0.195533448938226,1.8045174973663716,0.2616292415104235,0.5721370281782616,0.0,0.0,22.0,0.0,0.9010685014463417,2.0,0.0,0.0,0.0,0
1.0,0.0,0.0,0.0,0.0,0.0,0.0,1.0,0.0,0.0,0.0,0.0,0.0,1.0,0.0,0.0,1.0,0.0,0.0,1.0,0.0,0.0,1.0,0.0,0.0,0.0,-0.4055240239990272,-1.4453614810647215,-1.3350697379496377,0.4242438684584312,-0.6816089274604048,0.6587893804256773,-0.3743262111571587,1.0,0.0,23.0,0.0,0.3087666221992866,2.0,1.0,1.0,0.0,0
1.0,0.0,0.0,1.0,0.0,0.0,0.0,0.0,0.0,0.0,0.0,0.0,1.0,0.0,0.0,0.0,1.0,0.0,0.0,1.0,0.0,0.0,0.0,0.0,1.0,0.0,0.0564469569467345,-0.3954414095952349,-0.4278886467357217,-0.195533448938226,-0.5928203315542238,1.0830286197215164,-0.3743262111571587,0.0,0.0,18.0,0.0,0.9139602211780458,1.0,0.0,0.0,0.0,0
1.0,0.0,0.0,0.0,0.0,0.0,0.0,0.0,0.0,1.0,0.0,0.0,0.0,1.0,0.0,0.0,1.0,0.0,0.0,1.0,0.0,0.0,0.0,0.0,1.0,0.0,0.1832385898686958,1.2314292036811916,1.1981641404780754,-0.195533448938226,-0.205802181225567,-1.552670483988804,-0.3743262111571587,0.0,0.0,11.0,0.0,0.0814657731970158,2.0,0.0,0.0,0.0,0
1.0,0.0,0.0,0.0,0.0,0.0,1.0,0.0,0.0,0.0,0.0,0.0,0.0,0.0,1.0,0.0,1.0,0.0,0.0,1.0,0.0,0.0,0.0,0.0,0.0,1.0,-0.4000222938615426,-1.1361942776002325,-1.019102168601705,-0.195533448938226,3.0636207045677564,1.4079778242885423,-0.3743262111571587,0.0,0.0,2.0,0.0,0.099238510631555,2.0,0.0,0.0,0.0,0
1.0,0.0,0.0,0.0,0.0,0.0,0.0,1.0,0.0,0.0,0.0,0.0,0.0,1.0,0.0,0.0,1.0,0.0,0.0,1.0,0.0,0.0,1.0,0.0,0.0,0.0,-0.2538389994338695,0.0669038659637993,0.1637814442458127,-0.1366715010639554,-0.6806109757431996,0.5685257124903923,-0.3743262111571587,1.0,0.0,12.0,0.0,0.2211515598007557,2.0,0.0,0.0,1.0,0
0.0,1.0,0.0,0.0,0.0,0.0,0.0,0.0,0.0,0.0,0.0,1.0,1.0,0.0,0.0,1.0,0.0,0.0,0.0,1.0,0.0,0.0,0.0,0.0,0.0,1.0,-0.1698794979695792,0.2739429610168025,0.3453437625300337,-0.195533448938226,-0.5588483918476954,-1.4714331828470475,-0.3743262111571587,0.0,0.0,10.0,0.0,0.2685711783509356,1.0,0.0,0.0,1.0,0
1.0,0.0,0.0,0.0,0.0,0.0,1.0,0.0,0.0,0.0,0.0,0.0,0.0,1.0,0.0,0.0,0.0,1.0,0.0,1.0,0.0,0.0,0.0,0.0,1.0,0.0,-0.3702664576250059,-0.2063395499185867,-0.0737359556443029,-0.195533448938226,-0.5890489056896189,0.1081810060204391,-0.3743262111571587,0.0,0.0,16.0,0.0,0.2651037608807262,1.0,0.0,0.0,0.0,0
1.0,0.0,0.0,0.0,0.0,0.0,0.0,0.0,0.0,0.0,1.0,0.0,1.0,0.0,0.0,0.0,1.0,0.0,0.0,1.0,0.0,0.0,0.0,1.0,0.0,0.0,-0.2730369380474163,-1.2970869108641054,-1.2321097788284174,-0.195533448938226,-0.5405734010263744,0.9747122181991746,0.0989054085105514,0.0,0.0,13.0,0.0,0.2415296014007472,2.0,0.0,0.0,1.0,0
0.0,1.0,0.0,0.0,1.0,0.0,0.0,0.0,0.0,0.0,0.0,0.0,0.0,1.0,0.0,1.0,0.0,0.0,1.0,0.0,0.0,1.0,0.0,0.0,0.0,0.0,5.751609402258085,0.7913399087010677,-1.337649715808943,-0.195533448938226,-0.5993444409054529,0.34286654265218,3.8847583658522327,0.0,0.0,1.0,0.0,1.0,1.0,1.0,0.0,0.0,1
1.0,0.0,0.0,1.0,0.0,0.0,0.0,0.0,0.0,0.0,0.0,0.0,0.0,1.0,0.0,0.0,1.0,0.0,0.0,1.0,0.0,0.0,0.0,0.0,1.0,0.0,-0.1391550472722178,0.1018976790487777,0.1568749304819973,-0.195533448938226,-0.0927134610054383,-1.4533804492599904,-0.3743262111571587,0.0,0.0,19.0,0.0,0.2922226422574833,2.0,0.0,0.0,1.0,0
1.0,0.0,0.0,0.0,0.0,0.0,0.0,0.0,0.0,0.0,1.0,0.0,0.0,1.0,0.0,0.0,1.0,0.0,0.0,1.0,0.0,0.0,0.0,0.0,0.0,1.0,-0.3576163527666345,0.6962218353247247,0.8499540950176413,-0.195533448938226,2.1620960720374733,0.5865784460774494,-0.3743262111571587,0.0,0.0,18.0,0.0,0.2306548579158424,2.0,0.0,0.0,1.0,0
1.0,0.0,0.0,0.0,0.0,0.0,0.0,0.0,0.0,1.0,0.0,0.0,0.0,1.0,0.0,0.0,1.0,0.0,0.0,1.0,0.0,0.0,0.0,0.0,1.0,0.0,-0.2880892067686331,0.6324481296582809,0.7583431396258384,-0.195533448938226,0.7519237655119906,-0.6861392718100684,-0.3743262111571587,0.0,0.0,11.0,0.0,0.0937357922924795,1.0,0.0,0.0,1.0,0
1.0,0.0,0.0,0.0,0.0,1.0,0.0,0.0,0.0,0.0,0.0,0.0,1.0,0.0,0.0,0.0,0.0,1.0,0.0,1.0,0.0,0.0,0.0,0.0,1.0,0.0,-0.1893099040537239,0.5595155842474292,0.6463677522546851,-0.195533448938226,0.5969959195480324,-0.8305611405065243,-0.3743262111571587,0.0,0.0,22.0,0.0,0.2990528660471629,1.0,0.0,0.0,1.0,0
1.0,0.0,0.0,0.0,0.0,0.0,0.0,1.0,0.0,0.0,0.0,0.0,0.0,1.0,0.0,0.0,1.0,0.0,0.0,1.0,0.0,0.0,1.0,0.0,0.0,0.0,-0.3347376792019536,0.2181163101439675,0.3495905800175424,-0.195533448938226,0.0729257333898562,-1.299932213770006,-0.3743262111571587,0.0,0.0,10.0,0.0,0.01061038052451,2.0,0.0,0.0,0.0,0
1.0,0.0,0.0,0.0,0.0,0.0,0.0,0.0,0.0,1.0,0.0,0.0,0.0,1.0,0.0,0.0,1.0,0.0,0.0,1.0,0.0,0.0,0.0,0.0,0.0,1.0,-0.1885350124850641,0.2426549553976378,0.3201382485000765,-0.195533448938226,2.687338851463366,1.0649758861344596,-0.3743262111571587,0.0,0.0,9.0,0.0,0.2773702540926478,2.0,0.0,0.0,0.0,0
1.0,0.0,0.0,1.0,0.0,0.0,0.0,0.0,0.0,0.0,0.0,0.0,1.0,0.0,0.0,0.0,1.0,0.0,0.0,1.0,0.0,0.0,0.0,0.0,1.0,0.0,-0.0726693506812061,-0.0376548576106256,-0.0115483432546927,-0.195533448938226,-0.6180310868101211,-0.5597701367006694,-0.3743262111571587,0.0,0.0,14.0,0.0,0.0361110947126189,1.0,0.0,0.0,0.0,0
0.0,0.0,1.0,0.0,0.0,0.0,0.0,0.0,0.0,1.0,0.0,0.0,0.0,1.0,0.0,0.0,1.0,0.0,0.0,1.0,0.0,1.0,0.0,0.0,0.0,0.0,-0.2850283850724269,1.4232082626677434,1.570615831835637,-0.195533448938226,-0.5120777213680099,-1.6339077851305603,0.0989054085105514,0.0,0.0,15.0,0.0,0.2320175064143674,1.0,0.0,0.0,1.0,0
1.0,0.0,0.0,0.0,0.0,0.0,1.0,0.0,0.0,0.0,0.0,0.0,0.0,1.0,0.0,0.0,1.0,0.0,0.0,1.0,0.0,0.0,0.0,0.0,0.0,1.0,-0.4047685047195838,-1.4040198875107344,-1.2928262240679178,-0.195533448938226,-0.5042022190663985,1.4350569246691278,-0.3743262111571587,0.0,0.0,0.0,0.0,0.956920142406184,2.0,0.0,0.0,0.0,0
1.0,0.0,0.0,0.0,0.0,0.0,0.0,0.0,0.0,1.0,0.0,0.0,0.0,0.0,1.0,0.0,1.0,0.0,0.0,1.0,0.0,0.0,0.0,0.0,1.0,0.0,-0.39014242636113,-1.0273027183005687,-0.91078658128378,-0.195533448938226,-0.6070161947314683,0.5594993456968639,-0.3743262111571587,0.0,0.0,10.0,0.0,0.2179713657704712,1.0,1.0,1.0,1.0,0
1.0,0.0,0.0,0.0,0.0,0.0,0.0,0.0,0.0,1.0,0.0,0.0,0.0,1.0,0.0,0.0,1.0,0.0,0.0,1.0,0.0,0.0,0.0,0.0,0.0,1.0,-0.3758069323409235,0.7017030486486854,0.862397415198618,0.3556520591689815,-0.6314244304814464,1.0830286197215164,-0.3743262111571587,0.0,0.0,13.0,0.0,0.1628343025349496,1.0,0.0,0.0,0.0,0
1.0,0.0,0.0,0.0,0.0,0.0,0.0,1.0,0.0,0.0,0.0,0.0,0.0,1.0,0.0,0.0,1.0,0.0,0.0,1.0,0.0,0.0,1.0,0.0,0.0,0.0,-0.3498674370800363,1.9043784765322065,2.0898291288920663,-0.195533448938226,0.7025209973781763,-0.7312711057777108,-0.3743262111571587,0.0,0.0,12.0,0.0,0.0284093041313212,1.0,0.0,0.0,0.0,0
0.0,1.0,0.0,0.0,0.0,0.0,0.0,0.0,0.0,0.0,0.0,1.0,1.0,0.0,0.0,1.0,0.0,0.0,0.0,1.0,0.0,0.0,0.0,0.0,0.0,1.0,-0.0941532194222994,1.726295405594214,1.810981353351334,-0.195533448938226,-0.5898223182704531,-0.9479039088223948,-0.3743262111571587,0.0,0.0,11.0,0.0,0.2431950715320402,2.0,0.0,0.0,1.0,0
1.0,0.0,0.0,0.0,0.0,1.0,0.0,0.0,0.0,0.0,0.0,0.0,0.0,1.0,0.0,0.0,1.0,0.0,0.0,1.0,0.0,0.0,0.0,0.0,1.0,0.0,-0.3721455696790059,0.0359751686730692,0.1762247644267891,-0.195533448938226,-0.5087096343224421,-1.5255913836082184,-0.3743262111571587,0.0,0.0,17.0,0.0,0.2797682409679856,2.0,0.0,0.0,1.0,0
1.0,0.0,0.0,0.0,0.0,0.0,1.0,0.0,0.0,0.0,0.0,0.0,1.0,0.0,0.0,0.0,1.0,0.0,0.0,1.0,0.0,0.0,0.0,0.0,1.0,0.0,-0.0295466348852877,1.527534492617887,1.5823561805212407,-0.195533448938226,0.9852490351267308,-0.478532835558913,-0.3743262111571587,0.0,0.0,20.0,0.0,0.1971142300718864,2.0,0.0,0.0,1.0,0
1.0,0.0,0.0,0.0,0.0,0.0,0.0,1.0,0.0,0.0,0.0,0.0,0.0,1.0,0.0,0.0,1.0,0.0,0.0,1.0,0.0,0.0,1.0,0.0,0.0,0.0,-0.3969227275869033,0.1920840694858246,0.3460757225406795,-0.0583126934836961,-0.6903867444396559,-1.299932213770006,-0.3743262111571587,1.0,0.0,8.0,0.0,0.01061038052451,2.0,0.0,0.0,0.0,0
1.0,0.0,0.0,0.0,0.0,1.0,0.0,0.0,0.0,0.0,0.0,0.0,1.0,0.0,0.0,0.0,1.0,0.0,0.0,1.0,0.0,0.0,0.0,0.0,1.0,0.0,-0.3211577044611904,0.547214557944556,0.6830382240751524,-0.195533448938226,-0.5011709407253876,-1.7512505534464309,-0.3743262111571587,0.0,0.0,14.0,0.0,0.1837730892861691,2.0,0.0,0.0,1.0,0
1.0,0.0,0.0,0.0,0.0,1.0,0.0,0.0,0.0,0.0,0.0,0.0,1.0,0.0,0.0,0.0,0.0,1.0,0.0,0.0,1.0,0.0,0.0,1.0,0.0,0.0,0.774945791697326,-1.0292401651695782,-1.3486363630974467,0.0903833565406441,-0.6233035983826888,-0.2889791328948146,3.4115267461845225,0.0,0.0,3.0,0.0,0.4090047366876417,1.0,1.0,0.0,1.0,1
0.0,1.0,0.0,0.0,0.0,0.0,0.0,0.0,0.0,0.0,0.0,1.0,1.0,0.0,0.0,1.0,0.0,0.0,0.0,1.0,0.0,0.0,1.0,0.0,0.0,0.0,-0.303063986332984,-0.4445257453639175,-0.3438871766031067,-0.1898886438423968,-0.6368341604151297,0.360919276239237,-0.3743262111571587,0.0,0.0,9.0,1.0,1.0,1.0,1.0,1.0,0.0,0
1.0,0.0,0.0,0.0,0.0,0.0,1.0,0.0,0.0,0.0,0.0,0.0,0.0,0.0,1.0,0.0,1.0,0.0,0.0,1.0,0.0,0.0,0.0,0.0,0.0,1.0,-0.3821610432039339,0.2394000446577023,0.3892251275246835,-0.0830458526535789,-0.6244886660468699,1.1371868204826874,-0.3743262111571587,0.0,0.0,0.0,1.0,0.246864074681517,1.0,0.0,0.0,0.0,0
1.0,0.0,0.0,0.0,0.0,0.0,0.0,0.0,0.0,1.0,0.0,0.0,0.0,1.0,0.0,0.0,1.0,0.0,0.0,1.0,0.0,0.0,1.0,0.0,0.0,0.0,-0.264028823561746,1.0699024968965518,1.1993309282178175,-0.195533448938226,0.4453363654579212,-0.9659566424094516,-0.3743262111571587,0.0,0.0,17.0,1.0,0.2377402325775376,2.0,0.0,0.0,1.0,0
1.0,0.0,0.0,0.0,0.0,0.0,1.0,0.0,0.0,0.0,0.0,0.0,1.0,0.0,0.0,0.0,1.0,0.0,0.0,1.0,0.0,0.0,0.0,0.0,1.0,0.0,-0.3916534649200166,-1.073132143329316,-0.957363878198828,-0.195533448938226,-0.0626667980532506,-1.426301348879405,-0.3743262111571587,0.0,0.0,20.0,1.0,0.1757262535412135,1.0,0.0,0.0,0.0,0
1.0,0.0,0.0,0.0,0.0,0.0,0.0,1.0,0.0,0.0,0.0,0.0,0.0,1.0,0.0,0.0,1.0,0.0,0.0,1.0,0.0,0.0,1.0,0.0,0.0,0.0,-0.0570359132834944,0.7922064758461156,0.8362425272934667,-0.195533448938226,-0.5387271903495447,-0.604901970668312,-0.3743262111571587,0.0,0.0,12.0,1.0,0.0288536928527474,1.0,0.0,0.0,0.0,0
1.0,0.0,0.0,0.0,0.0,0.0,0.0,0.0,0.0,0.0,1.0,0.0,1.0,0.0,0.0,0.0,1.0,0.0,0.0,1.0,0.0,0.0,0.0,0.0,0.0,1.0,0.025877484563105,-0.6442166328373691,-0.6723560431625621,-0.195533448938226,2.1308477088924844,0.5594993456968639,0.0989054085105514,0.0,0.0,15.0,1.0,0.9654760279285493,1.0,0.0,0.0,1.0,0
1.0,0.0,0.0,0.0,1.0,0.0,0.0,0.0,0.0,0.0,0.0,0.0,0.0,1.0,0.0,1.0,0.0,0.0,0.0,1.0,0.0,1.0,0.0,0.0,0.0,0.0,-0.3971164504790683,1.825802676786532,2.0266776483696263,-0.195533448938226,-0.4462461730897043,0.0540228052592681,2.465063506849102,0.0,0.0,2.0,1.0,0.1108084554640649,1.0,1.0,0.0,0.0,1
1.0,0.0,0.0,0.0,0.0,0.0,0.0,0.0,0.0,0.0,1.0,0.0,0.0,1.0,0.0,0.0,0.0,1.0,0.0,1.0,0.0,0.0,0.0,0.0,0.0,1.0,-0.3646484937522223,0.3769939986640709,0.5242101488938569,-0.195533448938226,-0.4863513577248897,0.3518929094457085,-0.3743262111571587,0.0,0.0,18.0,1.0,0.2537001528119603,2.0,0.0,0.0,0.0,0
1.0,0.0,0.0,1.0,0.0,0.0,0.0,0.0,0.0,0.0,0.0,0.0,0.0,1.0,0.0,0.0,1.0,0.0,0.0,1.0,0.0,0.0,0.0,0.0,1.0,0.0,-0.343280858746428,-0.6003105641549478,-0.4890906496060466,-0.195533448938226,-0.5079320636094531,-0.3341109668624571,-0.3743262111571587,0.0,0.0,13.0,1.0,0.1143421835130449,2.0,0.0,0.0,0.0,0
0.0,1.0,0.0,0.0,0.0,0.0,0.0,0.0,0.0,1.0,0.0,0.0,1.0,0.0,0.0,1.0,0.0,0.0,0.0,1.0,0.0,0.0,0.0,0.0,0.0,1.0,-0.0543044205039686,-0.0949539681039074,-0.0773595200534399,-0.195533448938226,-0.5710441934583744,0.5685257124903923,-0.3743262111571587,0.0,0.0,10.0,1.0,0.1522839013234708,2.0,0.0,0.0,1.0,0
1.0,0.0,0.0,0.0,0.0,0.0,1.0,0.0,0.0,0.0,0.0,0.0,0.0,0.0,1.0,0.0,1.0,0.0,0.0,1.0,0.0,0.0,0.0,0.0,0.0,1.0,-0.4045554095382024,-1.4590363333292564,-1.3494987714268214,-0.195533448938226,-0.5278328841033876,1.3899250907014853,-0.3743262111571587,0.0,0.0,7.0,1.0,0.2823419375107649,2.0,1.0,1.0,1.0,0
0.0,0.0,1.0,0.0,0.0,0.0,0.0,0.0,0.0,1.0,0.0,0.0,0.0,1.0,0.0,0.0,1.0,0.0,0.0,1.0,0.0,1.0,0.0,0.0,0.0,0.0,-0.2038003763876623,0.3237952302717468,0.4093141686089392,-0.195533448938226,-0.5910198603310992,1.398951457495014,0.0989054085105514,0.0,0.0,11.0,1.0,0.0980903010644899,2.0,0.0,0.0,0.0,0
1.0,0.0,0.0,0.0,0.0,0.0,0.0,1.0,0.0,0.0,0.0,0.0,0.0,1.0,0.0,0.0,1.0,0.0,0.0,1.0,0.0,0.0,1.0,0.0,0.0,0.0,-0.3921958890180785,0.1934297144021183,0.3456916247133109,-0.195533448938226,-0.4392521948049575,-0.8305611405065243,-0.3743262111571587,0.0,0.0,12.0,1.0,0.745065288179806,2.0,0.0,0.0,0.0,0
0.0,1.0,0.0,0.0,0.0,0.0,0.0,0.0,0.0,0.0,0.0,1.0,1.0,0.0,0.0,1.0,0.0,0.0,0.0,1.0,0.0,0.0,0.0,0.0,0.0,1.0,-0.3701308516004904,-1.3149818746724096,-1.2141948763896435,-0.195533448938226,0.7040636644076894,-0.7312711057777108,-0.3743262111571587,0.0,0.0,16.0,1.0,0.1082148969955817,2.0,0.0,0.0,0.0,0
1.0,0.0,0.0,0.0,0.0,0.0,0.0,0.0,0.0,1.0,0.0,0.0,0.0,1.0,0.0,0.0,0.0,1.0,0.0,1.0,0.0,0.0,0.0,0.0,1.0,0.0,-0.3694528214779131,-0.1768480859415945,-0.043703853821375,0.1142623675710265,-0.6253327668743394,-0.1174781638177732,-0.3743262111571587,0.0,0.0,21.0,1.0,0.1281839825224429,2.0,0.0,0.0,1.0,0
1.0,0.0,0.0,1.0,0.0,0.0,0.0,0.0,0.0,0.0,0.0,0.0,1.0,0.0,0.0,0.0,1.0,0.0,0.0,1.0,0.0,0.0,0.0,0.0,1.0,0.0,-0.2609486295763233,-0.3425455874406106,-0.254740245009517,-0.195533448938226,0.6954895959040345,-0.7402974725712393,-0.3743262111571587,0.0,0.0,19.0,1.0,0.1284150387260398,1.0,0.0,0.0,0.0,0
1.0,0.0,0.0,1.0,0.0,0.0,0.0,0.0,0.0,0.0,0.0,0.0,0.0,1.0,0.0,0.0,1.0,0.0,0.0,0.0,1.0,0.0,0.0,1.0,0.0,0.0,2.354949700194677,0.1022781231612377,-0.7757725713993338,-0.195533448938226,-0.597269532960097,1.4170041910820708,2.938295126516812,0.0,0.0,4.0,1.0,0.3823419432931173,2.0,1.0,0.0,1.0,1
1.0,0.0,0.0,0.0,0.0,0.0,0.0,1.0,0.0,0.0,0.0,0.0,0.0,1.0,0.0,0.0,1.0,0.0,0.0,1.0,0.0,0.0,1.0,0.0,0.0,0.0,-0.3821029263362844,-0.5390167904808358,-0.4115173827352406,-0.195533448938226,-0.5116452756238876,0.4511829441745219,-0.3743262111571587,0.0,0.0,19.0,1.0,0.1026415568983308,2.0,1.0,1.0,1.0,0
1.0,0.0,0.0,0.0,0.0,0.0,0.0,0.0,0.0,1.0,0.0,0.0,1.0,0.0,0.0,1.0,0.0,0.0,0.0,1.0,0.0,0.0,0.0,0.0,0.0,1.0,-0.3566477383058097,-0.6143658605319424,-0.4985481527138943,-0.195533448938226,-0.5209428591225164,0.288708341891009,-0.3743262111571587,0.0,0.0,11.0,1.0,0.1846148198564568,1.0,0.0,0.0,0.0,0
1.0,0.0,0.0,0.0,0.0,0.0,0.0,1.0,0.0,0.0,0.0,0.0,0.0,1.0,0.0,0.0,0.0,1.0,0.0,1.0,0.0,0.0,1.0,0.0,0.0,0.0,-0.392099027571996,-0.6550804258265048,-0.5271670644172587,-0.195533448938226,-0.612313655096966,-0.4514537351783275,-0.3743262111571587,0.0,0.0,8.0,1.0,0.1629868474246943,2.0,0.0,0.0,1.0,0
1.0,0.0,0.0,0.0,0.0,0.0,0.0,0.0,0.0,0.0,1.0,0.0,1.0,0.0,0.0,0.0,1.0,0.0,0.0,1.0,0.0,0.0,0.0,0.0,0.0,1.0,-0.1193565676929596,-0.6477322182469532,-0.62164063569228,2.2729546742180933,-0.6299940330201188,0.5324202453162784,0.0989054085105514,0.0,0.0,14.0,1.0,0.2061660365519345,1.0,0.0,0.0,1.0,0
1.0,0.0,0.0,0.0,0.0,1.0,0.0,0.0,0.0,0.0,0.0,0.0,0.0,1.0,0.0,0.0,1.0,0.0,0.0,1.0,0.0,0.0,0.0,0.0,1.0,0.0,-0.3982206709644085,1.428478118151449,1.6183816578768813,-0.195533448938226,-0.5246144898154006,-1.408248615292348,-0.3743262111571587,0.0,0.0,1.0,1.0,0.0823538727055917,1.0,0.0,0.0,1.0,0
1.0,0.0,0.0,0.0,0.0,0.0,0.0,1.0,0.0,0.0,0.0,0.0,1.0,0.0,0.0,0.0,1.0,0.0,0.0,1.0,0.0,0.0,0.0,0.0,0.0,1.0,-0.2213322981285905,1.5406104976683646,1.6675534269088714,-0.195533448938226,-0.5323943550774465,1.2274504884179724,-0.3743262111571587,0.0,0.0,10.0,0.0,0.2007693899522658,1.0,0.0,0.0,1.0,0
1.0,0.0,0.0,1.0,0.0,0.0,0.0,0.0,0.0,0.0,0.0,0.0,0.0,1.0,0.0,0.0,1.0,0.0,0.0,1.0,0.0,0.0,0.0,0.0,1.0,0.0,-0.1168575423840318,0.9890933493055102,1.0611499230397854,-0.195533448938226,0.2754392437358843,-1.119404877899436,-0.3743262111571587,0.0,0.0,17.0,0.0,0.0577873983873713,2.0,0.0,0.0,0.0,0
1.0,0.0,0.0,0.0,0.0,0.0,0.0,0.0,0.0,0.0,1.0,0.0,1.0,0.0,0.0,0.0,1.0,0.0,0.0,1.0,0.0,0.0,0.0,0.0,0.0,1.0,-0.3282479623144277,-1.3281424228589889,-1.2434008055272885,-0.1261617652605367,-0.6771763585831515,-0.7222447389841824,0.0989054085105514,0.0,0.0,22.0,0.0,0.1082148969955817,2.0,0.0,0.0,0.0,0
1.0,0.0,0.0,0.0,0.0,0.0,1.0,0.0,0.0,0.0,0.0,0.0,0.0,1.0,0.0,0.0,1.0,0.0,0.0,1.0,0.0,0.0,0.0,0.0,0.0,1.0,-0.404342314356821,-1.3378367024653772,-1.224906132783053,-0.195533448938226,1.5161177673583677,0.0088909712916256,-0.3743262111571587,0.0,0.0,0.0,0.0,0.2619685553722352,1.0,0.0,0.0,0.0,0
1.0,0.0,0.0,0.0,0.0,0.0,0.0,0.0,0.0,1.0,0.0,0.0,0.0,1.0,0.0,0.0,1.0,0.0,0.0,1.0,0.0,0.0,1.0,0.0,0.0,0.0,-0.4041098468862231,-1.4726266424576888,-1.3636451668800924,-0.195533448938226,-0.4472981805249247,-1.119404877899436,-0.3743262111571587,0.0,0.0,16.0,0.0,0.0653897202417576,1.0,0.0,0.0,1.0,0
0.0,1.0,0.0,0.0,0.0,0.0,0.0,0.0,0.0,1.0,0.0,0.0,0.0,0.0,1.0,1.0,0.0,0.0,1.0,0.0,0.0,1.0,0.0,0.0,0.0,0.0,1.7043119945694682,-0.7178466591210638,-1.3759942743864315,-0.195533448938226,-0.4384039358453331,-1.245774013008835,3.8847583658522327,0.0,0.0,1.0,0.0,0.1544922225829945,1.0,1.0,0.0,1.0,1
1.0,0.0,0.0,0.0,0.0,0.0,1.0,0.0,0.0,0.0,0.0,0.0,1.0,0.0,0.0,0.0,1.0,0.0,0.0,1.0,0.0,0.0,0.0,0.0,1.0,0.0,-0.262382178978344,-0.8630917669446836,-0.7896653173439651,-0.195533448938226,-0.5987498280072849,1.398951457495014,0.0989054085105514,0.0,0.0,10.0,0.0,0.1614731058958141,1.0,0.0,0.0,1.0,0
1.0,0.0,0.0,0.0,0.0,0.0,0.0,0.0,0.0,1.0,0.0,0.0,0.0,1.0,0.0,0.0,1.0,0.0,0.0,1.0,0.0,0.0,0.0,0.0,1.0,0.0,-0.1576555834739707,1.308504362761052,1.4049754555651637,-0.195533448938226,-0.5400702670356168,1.3177141563532573,-0.3743262111571587,0.0,0.0,11.0,0.0,0.1360641285530219,2.0,0.0,0.0,1.0,0
1.0,0.0,0.0,1.0,0.0,0.0,0.0,0.0,0.0,0.0,0.0,0.0,0.0,0.0,1.0,0.0,1.0,0.0,0.0,1.0,0.0,0.0,0.0,0.0,1.0,0.0,0.0301781327691669,0.7503012613847801,0.7605100311425023,-0.195533448938226,-0.4982644063490273,-1.7241714530658452,-0.3743262111571587,0.0,0.0,20.0,0.0,0.1285982026003014,2.0,0.0,0.0,0.0,0
1.0,0.0,0.0,0.0,0.0,0.0,0.0,0.0,0.0,1.0,0.0,0.0,1.0,0.0,0.0,0.0,1.0,0.0,0.0,1.0,0.0,0.0,0.0,0.0,1.0,0.0,-0.1031032170403201,0.688070467952202,0.7463563885604131,-0.195533448938226,-0.5182567057503723,-1.6068286847499749,0.0989054085105514,0.0,0.0,13.0,0.0,0.2402333239590166,1.0,0.0,0.0,0.0,0
1.0,0.0,0.0,0.0,0.0,0.0,0.0,0.0,0.0,1.0,0.0,0.0,0.0,1.0,0.0,0.0,1.0,0.0,0.0,1.0,0.0,0.0,1.0,0.0,0.0,0.0,-0.3121108453970872,-0.0899659230738763,0.0242162374634899,-0.195533448938226,-0.392664482140093,-1.7241714530658452,0.0989054085105514,0.0,0.0,18.0,0.0,0.069422558880521,2.0,0.0,0.0,1.0,0
1.0,0.0,0.0,0.0,0.0,0.0,0.0,0.0,0.0,0.0,1.0,0.0,1.0,0.0,0.0,0.0,1.0,0.0,0.0,1.0,0.0,0.0,0.0,0.0,0.0,1.0,-0.1645327461458265,-0.7180157453932683,-0.6770376883791672,-0.195533448938226,0.2275250869135678,-1.1645367118670786,0.0989054085105514,0.0,0.0,21.0,0.0,0.2701377513176486,1.0,0.0,0.0,0.0,0
1.0,0.0,0.0,0.0,0.0,0.0,0.0,0.0,1.0,0.0,0.0,0.0,0.0,1.0,0.0,0.0,0.0,1.0,0.0,1.0,0.0,0.0,0.0,0.0,1.0,0.0,-0.4013008649498312,-1.1525322386519872,-1.0354299498292767,-0.195533448938226,1.0347931797538157,-0.4334010015912705,0.5721370281782616,0.0,0.0,19.0,0.0,0.2332435223828453,2.0,0.0,0.0,1.0,0
1.0,0.0,0.0,0.0,0.0,1.0,0.0,0.0,0.0,0.0,0.0,0.0,1.0,0.0,0.0,0.0,1.0,0.0,0.0,1.0,0.0,0.0,0.0,0.0,1.0,0.0,0.3698905964696273,1.454073552606397,1.3573618192291028,-0.195533448938226,-0.5499749378288789,0.0630491720527966,0.0989054085105514,0.0,0.0,15.0,0.0,0.1951563366940096,1.0,0.0,0.0,1.0,0
1.0,0.0,0.0,0.0,0.0,0.0,0.0,1.0,0.0,0.0,0.0,0.0,0.0,1.0,0.0,0.0,1.0,0.0,0.0,1.0,0.0,0.0,0.0,0.0,0.0,1.0,-0.3712931889534801,-0.668297336103819,-0.5485460944311673,-0.195533448938226,-0.4842431847222937,0.252602874716895,-0.3743262111571587,0.0,0.0,10.0,0.0,0.1790823071928497,2.0,0.0,0.0,1.0,0
1.0,0.0,0.0,0.0,1.0,0.0,0.0,0.0,0.0,0.0,0.0,0.0,0.0,1.0,0.0,1.0,0.0,0.0,0.0,1.0,0.0,1.0,0.0,0.0,0.0,0.0,-0.1873920474212909,1.6672983871175462,1.7851743276294596,0.5954820019904575,-0.6327176095816581,-0.6139283374618404,0.0989054085105514,0.0,0.0,9.0,0.0,0.2589455972151129,2.0,0.0,0.0,1.0,0
0.0,1.0,0.0,0.0,0.0,0.0,0.0,0.0,0.0,0.0,0.0,1.0,1.0,0.0,0.0,1.0,0.0,0.0,0.0,1.0,0.0,0.0,0.0,0.0,0.0,1.0,-0.0906080904956807,1.0339927998371323,1.0975160154498846,-0.195533448938226,2.190350580030847,0.6136575464580348,-0.3743262111571587,0.0,0.0,14.0,0.0,0.1718547546368919,2.0,0.0,0.0,0.0,0
1.0,0.0,0.0,0.0,0.0,0.0,0.0,1.0,0.0,0.0,0.0,0.0,0.0,1.0,0.0,0.0,0.0,1.0,0.0,1.0,0.0,0.0,0.0,0.0,0.0,1.0,-0.3954116890280167,-0.9511293526724656,-0.8304594054620301,-0.195533448938226,0.7262223506618007,-0.7132183721906539,0.0989054085105514,0.0,0.0,21.0,0.0,0.1467355344217469,1.0,0.0,0.0,1.0,0
1.0,0.0,0.0,1.0,0.0,0.0,0.0,0.0,0.0,0.0,0.0,0.0,0.0,0.0,1.0,0.0,1.0,0.0,0.0,1.0,0.0,0.0,0.0,0.0,1.0,0.0,-0.227686408991601,1.730740965500923,1.8655087505800283,-0.195533448938226,0.5245986805969474,-0.8937457080612238,-0.3743262111571587,0.0,0.0,16.0,0.0,0.0532557484630996,2.0,0.0,0.0,0.0,0
1.0,0.0,0.0,0.0,0.0,0.0,1.0,0.0,0.0,0.0,0.0,0.0,0.0,1.0,0.0,0.0,1.0,0.0,0.0,1.0,0.0,0.0,0.0,0.0,1.0,0.0,-0.3583137551784283,0.6651804138525248,0.8182841420817836,0.474044418678871,-0.6472793883885446,-0.568796503494198,-0.3743262111571587,0.0,0.0,18.0,0.0,0.0288536928527474,1.0,0.0,0.0,0.0,0
1.0,0.0,0.0,0.0,0.0,0.0,0.0,0.0,0.0,0.0,1.0,0.0,1.0,0.0,0.0,0.0,1.0,0.0,0.0,1.0,0.0,0.0,0.0,0.0,0.0,1.0,-0.0538007409843398,-0.6017055259006344,-0.5988194270435349,-0.195533448938226,-0.5897225230987325,1.1371868204826874,0.0989054085105514,0.0,0.0,11.0,0.0,0.2297099168724586,2.0,0.0,0.0,1.0,0
1.0,0.0,0.0,0.0,0.0,0.0,0.0,1.0,0.0,0.0,0.0,0.0,0.0,1.0,0.0,0.0,1.0,0.0,0.0,1.0,0.0,0.0,0.0,0.0,1.0,0.0,-0.3083526212890871,-0.2450955325601143,-0.1367642349768328,-0.195533448938226,2.400993238739943,0.8032112491221332,-0.3743262111571587,0.0,0.0,17.0,0.0,0.0672360237288377,1.0,0.0,0.0,1.0,0
1.0,0.0,0.0,0.0,0.0,0.0,1.0,0.0,0.0,0.0,0.0,0.0,0.0,1.0,0.0,0.0,1.0,0.0,0.0,1.0,0.0,0.0,0.0,0.0,0.0,1.0,-0.4010683974792333,-0.8809233234009108,-0.7561256051729925,-0.195533448938226,-0.5246976524585011,-0.5507437699071409,-0.3743262111571587,0.0,0.0,6.0,0.0,0.0392837214130572,2.0,0.0,0.0,1.0,0
1.0,0.0,0.0,0.0,0.0,0.0,1.0,0.0,0.0,0.0,0.0,0.0,0.0,1.0,0.0,0.0,0.0,1.0,0.0,1.0,0.0,0.0,0.0,0.0,1.0,0.0,-0.2907432103912929,1.2846209268121738,1.4301954638527576,-0.195533448938226,-0.2810685313636171,-1.6248814183370317,0.0989054085105514,0.0,0.0,22.0,0.0,0.0731838801931464,2.0,0.0,0.0,1.0,0
1.0,0.0,0.0,1.0,0.0,0.0,0.0,0.0,0.0,0.0,0.0,0.0,1.0,0.0,0.0,0.0,1.0,0.0,0.0,1.0,0.0,0.0,0.0,0.0,1.0,0.0,-0.1900654233331672,-0.2066918129856793,-0.1415111043528023,-0.195533448938226,2.509387427757052,0.9025012838509466,0.0989054085105514,0.0,0.0,13.0,0.0,0.2967251112188257,2.0,0.0,0.0,1.0,0
1.0,0.0,0.0,0.0,0.0,0.0,0.0,1.0,0.0,0.0,0.0,0.0,0.0,1.0,0.0,0.0,1.0,0.0,0.0,1.0,0.0,0.0,1.0,0.0,0.0,0.0,-0.3488019611731291,-1.052524753904399,-0.9521966753513986,-0.195533448938226,-0.6000388489753417,-1.7151450862723168,-0.3743262111571587,0.0,0.0,14.0,0.0,0.2915183290471522,2.0,0.0,0.0,1.0,0
1.0,0.0,0.0,0.0,0.0,0.0,1.0,0.0,0.0,0.0,0.0,0.0,1.0,0.0,0.0,0.0,1.0,0.0,0.0,1.0,0.0,0.0,0.0,0.0,0.0,1.0,-0.3926414516700579,0.9690213997425736,1.1436729788934723,-0.195533448938226,-0.4367781061727196,1.18231865445033,-0.3743262111571587,0.0,0.0,2.0,0.0,0.957965239423994,2.0,0.0,0.0,1.0,0
1.0,0.0,0.0,1.0,0.0,0.0,0.0,0.0,0.0,0.0,0.0,0.0,0.0,1.0,0.0,0.0,1.0,0.0,0.0,1.0,0.0,0.0,0.0,0.0,1.0,0.0,-0.2047108739808376,-0.623235844561334,-0.5645115192178252,-0.0746900556367266,-0.6570343664242257,-0.3070318664818716,-0.3743262111571587,0.0,0.0,19.0,0.0,0.1143421835130449,2.0,0.0,0.0,0.0,0
1.0,0.0,0.0,0.0,0.0,0.0,0.0,1.0,0.0,0.0,0.0,0.0,0.0,1.0,0.0,0.0,0.0,1.0,0.0,1.0,0.0,0.0,1.0,0.0,0.0,0.0,-0.4014170986851302,-0.9235471545191152,-0.7998402862048221,-0.195533448938226,-0.0774281672035781,-1.4353277156729334,-0.3743262111571587,0.0,0.0,8.0,0.0,0.1544331753545235,1.0,0.0,0.0,0.0,0
1.0,0.0,0.0,0.0,0.0,0.0,0.0,0.0,0.0,0.0,1.0,0.0,1.0,0.0,0.0,0.0,1.0,0.0,0.0,1.0,0.0,0.0,0.0,0.0,0.0,1.0,1.3175636126513577,-0.1242270289793023,-0.620684014688268,-0.0149368227473251,-0.6725525156267673,-1.7061187194787883,0.0989054085105514,0.0,0.0,11.0,0.0,0.069422558880521,2.0,0.0,0.0,1.0,0
1.0,0.0,0.0,0.0,0.0,0.0,1.0,0.0,0.0,0.0,0.0,0.0,1.0,0.0,0.0,0.0,0.0,1.0,0.0,1.0,0.0,0.0,0.0,0.0,1.0,0.0,-0.3706539034093358,-0.4366280073997015,-0.310477912750863,-0.195533448938226,-0.0315514951372222,-1.3992222484988197,0.0989054085105514,0.0,0.0,22.0,0.0,0.1145227202231968,2.0,0.0,0.0,0.0,0
0.0,1.0,0.0,0.0,0.0,0.0,0.0,0.0,0.0,0.0,0.0,1.0,1.0,0.0,0.0,1.0,0.0,0.0,0.0,1.0,0.0,0.0,1.0,0.0,0.0,0.0,0.4981932679504753,1.2238203214319916,1.072513421026839,-0.195533448938226,-0.5505529181984269,0.6497630136321488,-0.3743262111571587,0.0,0.0,10.0,0.0,0.1594127196893995,1.0,0.0,0.0,1.0,0
1.0,0.0,0.0,0.0,0.0,0.0,0.0,0.0,0.0,0.0,1.0,0.0,0.0,1.0,0.0,0.0,1.0,0.0,0.0,1.0,0.0,0.0,0.0,0.0,0.0,1.0,-0.3461479575504693,1.2180713881770402,1.382465873455604,0.2811554866542897,-0.6547266030781886,1.3447932567338428,0.0989054085105514,0.0,0.0,23.0,0.0,0.1360641285530219,2.0,0.0,0.0,1.0,0
1.0,0.0,0.0,0.0,0.0,1.0,0.0,0.0,0.0,0.0,0.0,0.0,0.0,1.0,0.0,0.0,1.0,0.0,0.0,1.0,0.0,0.0,0.0,0.0,1.0,0.0,-0.2573066392036222,0.6502374145464571,0.7651264521997431,-0.195533448938226,-0.5719132430787739,-1.0020621095835658,-0.3743262111571587,0.0,0.0,15.0,0.0,0.0595196527757423,2.0,0.0,0.0,1.0,0
1.0,0.0,0.0,0.0,0.0,0.0,0.0,0.0,0.0,1.0,0.0,0.0,0.0,1.0,0.0,0.0,1.0,0.0,0.0,1.0,0.0,0.0,1.0,0.0,0.0,0.0,-0.3660820431542429,-1.045289270506317,-0.9382894351491304,-0.195533448938226,-0.5707531242075229,1.200371388037387,0.0989054085105514,0.0,0.0,13.0,0.0,0.2122951936048218,1.0,0.0,0.0,0.0,0
1.0,0.0,0.0,0.0,0.0,1.0,0.0,0.0,0.0,0.0,0.0,0.0,1.0,0.0,0.0,0.0,1.0,0.0,0.0,0.0,1.0,0.0,0.0,1.0,0.0,0.0,3.62441581255161,0.0759358910040533,-1.277773937512363,-0.195533448938226,0.3197358255833317,-1.0742730439317936,2.938295126516812,0.0,0.0,3.0,0.0,0.4050585656753955,1.0,1.0,0.0,1.0,1
1.0,0.0,0.0,0.0,0.0,0.0,0.0,1.0,0.0,0.0,0.0,0.0,0.0,1.0,0.0,0.0,1.0,0.0,0.0,1.0,0.0,0.0,1.0,0.0,0.0,0.0,-0.3784803082527999,1.0133431388441645,1.1839670151230768,-0.195533448938226,3.027935614413359,1.3718723571144282,-0.3743262111571587,0.0,0.0,12.0,0.0,0.0402817341083263,1.0,0.0,0.0,1.0,0
1.0,0.0,0.0,1.0,0.0,0.0,0.0,0.0,0.0,0.0,0.0,0.0,0.0,1.0,0.0,0.0,1.0,0.0,0.0,1.0,0.0,0.0,0.0,0.0,1.0,0.0,-0.3852799817677897,-1.389950500611056,-1.2856443194090084,7.531424852863576,-0.6742074522244659,-1.0652466771382652,-0.3743262111571587,0.0,0.0,17.0,0.0,0.4050585656753955,1.0,1.0,1.0,1.0,0
1.0,0.0,0.0,0.0,0.0,0.0,0.0,0.0,0.0,0.0,0.0,1.0,1.0,0.0,0.0,1.0,0.0,0.0,0.0,1.0,0.0,0.0,0.0,0.0,0.0,1.0,-0.3671281467719336,-1.2324043664845628,-1.1303745844774855,-0.195533448938226,-0.4475019290005209,0.9386067510250606,-0.3743262111571587,0.0,0.0,9.0,0.0,0.2151138471037736,2.0,0.0,0.0,0.0,0
1.0,0.0,0.0,0.0,0.0,1.0,0.0,0.0,0.0,0.0,0.0,0.0,1.0,0.0,0.0,0.0,1.0,0.0,0.0,1.0,0.0,0.0,0.0,0.0,1.0,0.0,-0.266062913929478,1.8830947420184716,2.036584473464207,-0.195533448938226,1.0933978943466935,-0.3792428008300996,-0.3743262111571587,0.0,0.0,16.0,0.0,0.0052683928841093,1.0,0.0,0.0,0.0,0
1.0,0.0,0.0,0.0,0.0,0.0,1.0,0.0,0.0,0.0,0.0,0.0,0.0,1.0,0.0,0.0,1.0,0.0,0.0,1.0,0.0,0.0,0.0,0.0,1.0,0.0,-0.3681355058111914,0.4664335913988813,0.617516932429136,-0.195533448938226,-0.5012333127077129,0.7039212143933198,-0.3743262111571587,0.0,0.0,20.0,0.0,0.0652420897338096,1.0,0.0,0.0,1.0,0
1.0,0.0,0.0,0.0,0.0,0.0,0.0,0.0,0.0,0.0,1.0,0.0,0.0,1.0,0.0,0.0,1.0,0.0,0.0,1.0,0.0,0.0,0.0,0.0,0.0,1.0,-0.3999254324154601,-1.5019067485944255,-1.395329614073587,-0.195533448938226,-0.4039953922625274,-0.9840093759965088,0.0989054085105514,0.0,0.0,14.0,0.0,0.411993964975517,1.0,1.0,1.0,1.0,0
1.0,0.0,0.0,0.0,0.0,0.0,1.0,0.0,0.0,0.0,0.0,0.0,1.0,0.0,0.0,0.0,1.0,0.0,0.0,1.0,0.0,0.0,0.0,0.0,0.0,1.0,-0.4029281372440168,-0.2830694911926963,-0.140445776416516,-0.195533448938226,-0.5328933309360491,1.1732922876568015,-0.3743262111571587,0.0,0.0,1.0,0.0,0.2356746215304183,1.0,0.0,0.0,1.0,0
1.0,0.0,0.0,1.0,0.0,0.0,0.0,0.0,0.0,0.0,0.0,0.0,0.0,1.0,0.0,0.0,1.0,0.0,0.0,1.0,0.0,0.0,0.0,0.0,1.0,0.0,-0.2706347741845709,0.7256851182563494,0.847721979341613,-0.195533448938226,1.2612325825198396,-0.2257945653401151,-0.3743262111571587,0.0,0.0,11.0,0.0,0.2995135981009242,2.0,0.0,0.0,0.0,0
1.0,0.0,0.0,0.0,0.0,0.0,0.0,1.0,0.0,0.0,0.0,0.0,1.0,0.0,0.0,0.0,1.0,0.0,0.0,1.0,0.0,0.0,0.0,0.0,0.0,1.0,-0.3074227514066954,-0.4897774589626325,-0.3888048810187696,-0.195533448938226,2.1982385567289238,0.6226839132515634,-0.3743262111571587,0.0,0.0,9.0,0.0,0.2235876840982851,2.0,0.0,0.0,1.0,0
0.0,1.0,0.0,0.0,1.0,0.0,0.0,0.0,0.0,0.0,0.0,0.0,0.0,1.0,0.0,1.0,0.0,0.0,0.0,1.0,0.0,1.0,0.0,0.0,0.0,0.0,-0.3434164647709435,-1.0599222783133435,-0.9618208624220664,-0.1184001582537717,-0.6810184726943918,1.2093977548309154,0.0989054085105514,1.0,0.0,10.0,0.0,0.2122951936048218,1.0,0.0,0.0,0.0,0
0.0,1.0,0.0,0.0,0.0,0.0,0.0,0.0,0.0,1.0,0.0,0.0,1.0,0.0,0.0,1.0,0.0,0.0,0.0,1.0,0.0,0.0,0.0,0.0,0.0,1.0,-0.2878567392980352,-0.9019322927223136,-0.8200887641230798,5.097845392799885,-0.636322710160062,1.4621360250497133,-0.3743262111571587,0.0,0.0,12.0,0.0,0.3823419432931173,2.0,1.0,1.0,1.0,0
1.0,0.0,0.0,0.0,0.0,0.0,0.0,0.0,1.0,0.0,0.0,0.0,0.0,1.0,0.0,0.0,1.0,0.0,0.0,1.0,0.0,0.0,0.0,0.0,1.0,0.0,-0.3854349600815216,-0.7580469203376712,-0.6355768644098212,-0.195533448938226,-0.1731067880906303,-1.5255913836082184,0.0989054085105514,0.0,0.0,18.0,0.0,0.1992938771356943,1.0,0.0,0.0,1.0,0
0.0,0.0,1.0,0.0,0.0,0.0,0.0,0.0,0.0,1.0,0.0,0.0,0.0,1.0,0.0,0.0,1.0,0.0,0.0,1.0,0.0,1.0,0.0,0.0,0.0,0.0,-0.1125568941779698,1.15336066275213,1.2285151159690075,-0.195533448938226,0.7815587733808312,-0.6590601714294829,0.0989054085105514,0.0,0.0,10.0,0.0,0.1644139530785626,1.0,0.0,0.0,0.0,0
1.0,0.0,0.0,0.0,1.0,0.0,0.0,0.0,0.0,0.0,0.0,0.0,1.0,0.0,0.0,0.0,1.0,0.0,0.0,1.0,0.0,1.0,0.0,0.0,0.0,0.0,-0.3992667745820993,1.0465263197642871,1.225877161079156,0.3676101331219879,-0.6935136598202323,-0.6590601714294829,1.518600267513682,1.0,1.0,1.0,0.0,0.2972967436942751,1.0,1.0,0.0,0.0,1
1.0,0.0,0.0,0.0,0.0,0.0,0.0,0.0,0.0,1.0,0.0,0.0,0.0,1.0,0.0,0.0,1.0,0.0,0.0,1.0,0.0,0.0,1.0,0.0,0.0,0.0,-0.339173933432531,-1.0734421348283574,-0.9773152238355364,-0.0852740651914062,-0.6697291438935075,-1.6970923526852597,0.0989054085105514,0.0,0.0,14.0,0.0,0.2915183290471522,2.0,0.0,0.0,1.0,0
1.0,0.0,0.0,0.0,0.0,0.0,0.0,1.0,0.0,0.0,0.0,0.0,0.0,1.0,0.0,0.0,0.0,1.0,0.0,1.0,0.0,0.0,1.0,0.0,0.0,0.0,-0.3809018444048617,1.562803070895198,1.7500764827625586,-0.195533448938226,3.048127504158145,1.3899250907014853,-0.3743262111571587,0.0,0.0,13.0,0.0,0.8065060183481829,2.0,0.0,0.0,0.0,0
1.0,0.0,0.0,1.0,0.0,0.0,0.0,0.0,0.0,0.0,0.0,0.0,0.0,1.0,0.0,0.0,1.0,0.0,0.0,1.0,0.0,0.0,0.0,0.0,1.0,0.0,-0.0115885227815967,1.4733352971150204,1.519885930107718,0.1590865764569852,-0.6455038659583503,1.2635559555920863,-0.3743262111571587,0.0,0.0,20.0,0.0,0.2007693899522658,1.0,0.0,0.0,1.0,0
1.0,0.0,0.0,0.0,0.0,0.0,0.0,0.0,0.0,0.0,1.0,0.0,1.0,0.0,0.0,0.0,1.0,0.0,0.0,1.0,0.0,0.0,0.0,0.0,0.0,1.0,-0.1248582978304443,-1.1518418030404858,-1.1381362594418571,-0.195533448938226,-0.5491474695300295,-0.7583502061582963,0.0989054085105514,0.0,0.0,16.0,0.0,0.0345872785453475,1.0,0.0,0.0,1.0,0
1.0,0.0,0.0,0.0,0.0,0.0,0.0,1.0,0.0,0.0,0.0,0.0,0.0,1.0,0.0,0.0,1.0,0.0,0.0,1.0,0.0,0.0,1.0,0.0,0.0,0.0,-0.4056015131558931,-1.4734298022506598,-1.3639133106463688,-0.1912998451163541,-0.6535165866210773,-1.0832994107253222,-0.3743262111571587,0.0,0.0,7.0,0.0,0.0653897202417576,1.0,0.0,0.0,1.0,0
0.0,1.0,0.0,0.0,0.0,0.0,0.0,0.0,0.0,0.0,0.0,1.0,1.0,0.0,0.0,1.0,0.0,0.0,0.0,1.0,0.0,0.0,0.0,0.0,0.0,1.0,-0.2140483173831883,0.230614603764413,0.317297374003313,-0.149223765027049,-0.6257153150326014,1.1913450212438583,-0.3743262111571587,0.0,0.0,10.0,0.0,0.246864074681517,1.0,0.0,0.0,0.0,0
1.0,0.0,0.0,0.0,0.0,0.0,1.0,0.0,0.0,0.0,0.0,0.0,1.0,0.0,0.0,0.0,1.0,0.0,0.0,1.0,0.0,0.0,0.0,0.0,1.0,0.0,-0.3854543323707381,-1.4542032840487458,-1.3516729100723035,-0.195533448938226,0.5819642718076286,-0.8395875073000528,0.0989054085105514,0.0,0.0,10.0,1.0,0.2041750373915655,2.0,0.0,0.0,0.0,0
1.0,0.0,0.0,0.0,0.0,1.0,0.0,0.0,0.0,0.0,0.0,0.0,0.0,1.0,0.0,0.0,1.0,0.0,0.0,1.0,0.0,0.0,0.0,0.0,1.0,0.0,-0.233788680094797,1.9685114905270844,2.112374946645718,-0.195533448938226,0.9958896953114316,-0.4695064687653845,0.0989054085105514,0.0,0.0,21.0,1.0,0.2321756962718156,1.0,0.0,0.0,1.0,0
1.0,0.0,0.0,0.0,0.0,0.0,0.0,0.0,0.0,0.0,1.0,0.0,0.0,1.0,0.0,0.0,1.0,0.0,0.0,1.0,0.0,0.0,1.0,0.0,0.0,0.0,-0.3863454576746969,-1.154356961339527,-1.0429017396409173,-0.1859149981499382,-0.650027913743014,-0.3972955344171565,-0.3743262111571587,0.0,0.0,18.0,1.0,0.2332435223828453,2.0,0.0,0.0,1.0,0
1.0,0.0,0.0,1.0,0.0,0.0,0.0,0.0,0.0,0.0,0.0,0.0,0.0,1.0,0.0,0.0,1.0,0.0,0.0,0.0,1.0,0.0,0.0,1.0,0.0,0.0,5.635588762140495,1.8630439282395608,-0.1918351668668977,-0.195533448938226,-0.5597631809218002,-1.1103785111059077,3.8847583658522327,0.0,0.0,23.0,1.0,0.4433177122465759,2.0,1.0,0.0,0.0,1
1.0,0.0,0.0,0.0,0.0,0.0,0.0,1.0,0.0,0.0,0.0,0.0,0.0,1.0,0.0,0.0,0.0,1.0,0.0,1.0,0.0,0.0,0.0,0.0,0.0,1.0,-0.3180968827649842,0.6216054724531705,0.7584156109140211,-0.195533448938226,0.5956445265976503,-0.8305611405065243,-0.3743262111571587,0.0,0.0,19.0,1.0,0.1147247055552129,1.0,0.0,0.0,0.0,0
1.0,0.0,0.0,1.0,0.0,0.0,0.0,0.0,0.0,0.0,0.0,0.0,0.0,1.0,0.0,0.0,1.0,0.0,0.0,1.0,0.0,0.0,0.0,0.0,1.0,0.0,-0.219278835471642,1.8838485849820492,2.01985810015163,-0.195533448938226,-0.6091950559806997,-0.6590601714294829,-0.3743262111571587,0.0,0.0,14.0,1.0,0.0284093041313212,1.0,0.0,0.0,0.0,0
1.0,0.0,0.0,0.0,0.0,0.0,0.0,0.0,0.0,0.0,1.0,0.0,0.0,0.0,1.0,0.0,1.0,0.0,0.0,1.0,0.0,0.0,0.0,0.0,0.0,1.0,0.9207610126298856,0.6763401078180183,0.3512646667745637,0.0645732279774782,-0.6795797589687541,-0.2167681985465866,0.5721370281782616,0.0,0.0,12.0,1.0,0.2995135981009242,2.0,0.0,0.0,0.0,0
1.0,0.0,0.0,0.0,0.0,0.0,1.0,0.0,0.0,0.0,0.0,0.0,1.0,0.0,0.0,0.0,1.0,0.0,0.0,1.0,0.0,0.0,0.0,0.0,0.0,1.0,-0.3895806299738516,-0.2995694932553137,-0.1624118238647048,-0.195533448938226,-0.4751285590384859,-1.6158550515435033,-0.3743262111571587,0.0,0.0,0.0,1.0,0.2315030375641645,1.0,0.0,0.0,0.0,0
1.0,0.0,0.0,0.0,0.0,0.0,0.0,0.0,0.0,1.0,0.0,0.0,0.0,1.0,0.0,0.0,1.0,0.0,0.0,1.0,0.0,0.0,0.0,0.0,1.0,0.0,-0.3766593130664493,-1.3976016544283074,-1.296739673629786,3.6881295938678273,-0.6728602174062389,-1.047193943551208,0.0989054085105514,0.0,0.0,9.0,1.0,0.4050585656753955,1.0,1.0,1.0,1.0,0
0.0,1.0,0.0,0.0,0.0,0.0,0.0,0.0,0.0,1.0,0.0,0.0,1.0,0.0,0.0,1.0,0.0,0.0,0.0,1.0,0.0,0.0,0.0,0.0,0.0,1.0,-0.3342727442607577,1.7580554437232827,1.933479571766621,-0.195533448938226,0.7197107157070366,-0.7132183721906539,-0.3743262111571587,0.0,0.0,5.0,1.0,0.2590335147311037,1.0,0.0,0.0,1.0,0
1.0,0.0,0.0,0.0,0.0,0.0,0.0,0.0,0.0,1.0,0.0,0.0,0.0,1.0,0.0,0.0,1.0,0.0,0.0,1.0,0.0,0.0,1.0,0.0,0.0,0.0,-0.3748576901693152,-0.5637386125293943,-0.4396579839365989,-0.195533448938226,-0.5906165215120621,1.1732922876568015,-0.3743262111571587,0.0,0.0,17.0,1.0,0.9139602211780458,1.0,0.0,0.0,0.0,0
1.0,0.0,0.0,0.0,0.0,0.0,0.0,0.0,0.0,0.0,1.0,0.0,0.0,1.0,0.0,0.0,1.0,0.0,0.0,1.0,0.0,0.0,0.0,0.0,0.0,1.0,-0.3729592058260987,-0.7086314572859215,-0.589412653837415,-0.195533448938226,0.8995707220725058,-0.5507437699071409,0.0989054085105514,0.0,0.0,6.0,1.0,0.0421068848849939,1.0,0.0,0.0,1.0,0
1.0,0.0,0.0,0.0,0.0,0.0,0.0,1.0,0.0,0.0,0.0,0.0,0.0,1.0,0.0,0.0,0.0,1.0,0.0,1.0,0.0,0.0,1.0,0.0,0.0,0.0,-0.3287128972556236,1.3048690079086565,1.4652280845602947,-0.195533448938226,-0.3763562878280973,-1.6700132523046742,-0.3743262111571587,0.0,0.0,19.0,1.0,0.224876182348314,1.0,0.0,0.0,0.0,0
1.0,0.0,0.0,0.0,0.0,0.0,1.0,0.0,0.0,0.0,0.0,0.0,0.0,0.0,1.0,0.0,1.0,0.0,0.0,1.0,0.0,0.0,0.0,0.0,1.0,0.0,-0.4046910155627179,-1.399658870740128,-1.288369239844679,-0.195533448938226,-0.4855446800868155,-0.6139283374618404,0.0989054085105514,0.0,0.0,21.0,1.0,0.1179749565353476,1.0,0.0,0.0,0.0,0
1.0,0.0,0.0,1.0,0.0,0.0,0.0,0.0,0.0,0.0,0.0,0.0,0.0,1.0,0.0,0.0,1.0,0.0,0.0,1.0,0.0,0.0,0.0,0.0,1.0,0.0,-0.2679807705619111,-0.0800039235364976,0.017954718164501,-0.195533448938226,3.148870730010014,1.4801887586367704,-0.3743262111571587,0.0,0.0,15.0,1.0,0.1734967461618344,1.0,0.0,0.0,1.0,0
1.0,0.0,0.0,0.0,0.0,0.0,1.0,0.0,0.0,0.0,0.0,0.0,1.0,0.0,0.0,0.0,0.0,1.0,0.0,1.0,0.0,0.0,0.0,0.0,0.0,1.0,-0.3964771649349239,-0.3250451582674502,-0.1860374638122784,-0.195533448938226,-0.5424445604961343,0.9386067510250606,0.0989054085105514,0.0,0.0,22.0,1.0,0.2330246253840381,1.0,0.0,0.0,1.0,0
0.0,1.0,0.0,0.0,0.0,0.0,0.0,0.0,0.0,1.0,0.0,0.0,0.0,0.0,1.0,1.0,0.0,0.0,1.0,0.0,0.0,1.0,0.0,0.0,0.0,0.0,4.2360377276947965,0.1879555463394993,-1.3913509403523543,-0.195533448938226,-0.5926332156072478,-1.3811695149117624,3.8847583658522327,0.0,0.0,4.0,1.0,0.4222854140211227,1.0,1.0,0.0,1.0,1
1.0,0.0,0.0,0.0,0.0,1.0,0.0,0.0,0.0,0.0,0.0,0.0,1.0,0.0,0.0,0.0,1.0,0.0,0.0,1.0,0.0,0.0,0.0,0.0,1.0,0.0,-0.1832657498181774,0.5106285157963186,0.5938188211933797,-0.195533448938226,-0.4055588499528156,-0.0091617622954312,0.0989054085105514,0.0,0.0,13.0,1.0,0.9566462966299872,1.0,1.0,1.0,0.0,0
0.0,1.0,0.0,0.0,0.0,0.0,0.0,0.0,0.0,1.0,0.0,0.0,1.0,0.0,0.0,1.0,0.0,0.0,0.0,1.0,0.0,1.0,0.0,0.0,0.0,0.0,0.8614236907597608,1.0439618446358532,0.7516178040824799,0.0927972534566237,-0.6693881770567957,-0.6410074378424259,-0.3743262111571587,0.0,0.0,2.0,1.0,0.2972967436942751,1.0,1.0,1.0,0.0,0
1.0,0.0,0.0,0.0,0.0,0.0,0.0,1.0,0.0,0.0,0.0,0.0,0.0,1.0,0.0,0.0,1.0,0.0,0.0,1.0,0.0,0.0,1.0,0.0,0.0,0.0,-0.3670700299042842,1.3372913006038591,1.5129286864421747,-0.195533448938226,-0.4189979330778462,-1.299932213770006,-0.3743262111571587,0.0,0.0,8.0,1.0,0.2601398764882172,2.0,0.0,0.0,1.0,0
1.0,0.0,0.0,0.0,0.0,0.0,1.0,0.0,0.0,0.0,0.0,0.0,1.0,0.0,0.0,0.0,1.0,0.0,0.0,1.0,0.0,0.0,0.0,0.0,0.0,1.0,-0.3015335754848808,1.6583368146907105,1.8186560627698865,-0.195533448938226,-0.5478085509761125,1.2364768552115009,-0.3743262111571587,0.0,0.0,0.0,1.0,0.2668435738241782,2.0,0.0,0.0,1.0,0
1.0,0.0,0.0,0.0,0.0,1.0,0.0,0.0,0.0,0.0,0.0,0.0,1.0,0.0,0.0,0.0,1.0,0.0,0.0,1.0,0.0,0.0,0.0,0.0,1.0,0.0,-0.2582946259536635,-0.3210998119160132,-0.233672841534794,-0.195533448938226,-0.4393104086551279,0.0269437048786826,-0.3743262111571587,0.0,0.0,14.0,1.0,0.2465295822519579,2.0,0.0,0.0,0.0,0
1.0,0.0,0.0,0.0,0.0,1.0,0.0,0.0,0.0,0.0,0.0,0.0,1.0,0.0,0.0,0.0,1.0,0.0,0.0,0.0,1.0,0.0,0.0,1.0,0.0,0.0,4.414630861981666,0.4525473812940911,-1.185989051028921,-0.1223366670705999,-0.6765401643634332,0.7219739479803767,2.938295126516812,0.0,0.0,3.0,1.0,0.1782905076805715,1.0,1.0,0.0,1.0,1
1.0,0.0,0.0,0.0,0.0,0.0,0.0,1.0,0.0,0.0,0.0,0.0,0.0,1.0,0.0,0.0,1.0,0.0,0.0,1.0,0.0,0.0,1.0,0.0,0.0,0.0,0.2675274202496665,1.471144220837704,1.4132154410315414,-0.195533448938226,-0.4108604684504685,0.8483430830897757,-0.3743262111571587,0.0,0.0,17.0,1.0,0.0434267701695467,2.0,0.0,0.0,1.0,0
1.0,0.0,0.0,1.0,0.0,0.0,0.0,0.0,0.0,0.0,0.0,0.0,0.0,1.0,0.0,0.0,1.0,0.0,0.0,1.0,0.0,0.0,0.0,0.0,1.0,0.0,0.5241908800790119,1.3026286148019477,1.1438541571139291,-0.195533448938226,0.954882195998606,-0.5056119359394985,-0.3743262111571587,0.0,0.0,19.0,1.0,0.2627209946583683,1.0,0.0,0.0,1.0,0
0.0,1.0,0.0,0.0,0.0,0.0,0.0,0.0,0.0,0.0,0.0,1.0,1.0,0.0,0.0,1.0,0.0,0.0,0.0,1.0,0.0,0.0,1.0,0.0,0.0,0.0,0.1906194320601804,1.822456177649152,1.803364620963328,-0.195533448938226,-0.6167046426526691,0.1172073728139676,-0.3743262111571587,0.0,0.0,10.0,1.0,0.1108084554640649,1.0,1.0,1.0,0.0,0
1.0,0.0,0.0,0.0,0.0,0.0,0.0,0.0,0.0,0.0,1.0,0.0,1.0,0.0,0.0,0.0,1.0,0.0,0.0,1.0,0.0,0.0,0.0,0.0,0.0,1.0,1.4080903201600397,0.3678985662717402,-0.1483234054419799,-0.195533448938226,2.6588390136728464,1.037896785753874,0.0989054085105514,0.0,0.0,13.0,1.0,0.1404865220124373,1.0,0.0,0.0,0.0,0
1.0,0.0,0.0,0.0,0.0,0.0,1.0,0.0,0.0,0.0,0.0,0.0,1.0,0.0,0.0,0.0,0.0,1.0,0.0,1.0,0.0,0.0,0.0,0.0,1.0,0.0,-0.4002160167537075,-1.3696249216398133,-1.259148816449398,-0.195533448938226,-0.0123367664488663,-1.3811695149117624,0.0989054085105514,0.0,0.0,21.0,1.0,0.2349139933106467,1.0,0.0,0.0,0.0,0
1.0,0.0,0.0,0.0,0.0,0.0,0.0,0.0,0.0,0.0,1.0,0.0,0.0,1.0,0.0,0.0,1.0,0.0,0.0,1.0,0.0,0.0,0.0,0.0,0.0,1.0,-0.2674964633314987,0.7773127933694406,0.899654904453365,-0.195533448938226,-0.5537713124864138,0.5143675117292213,0.0989054085105514,0.0,0.0,23.0,1.0,0.0755913660052042,2.0,0.0,0.0,1.0,0
1.0,0.0,0.0,0.0,1.0,0.0,0.0,0.0,0.0,0.0,0.0,0.0,0.0,0.0,1.0,0.0,0.0,1.0,0.0,1.0,0.0,1.0,0.0,0.0,0.0,0.0,-0.3979494589153776,0.0047364798832976,0.1537441708325028,-0.195533448938226,-0.5962674231107369,-1.3631167813247054,2.465063506849102,0.0,0.0,4.0,1.0,0.45066717070898,2.0,1.0,0.0,1.0,1
1.0,0.0,0.0,1.0,0.0,0.0,0.0,0.0,0.0,0.0,0.0,0.0,0.0,1.0,0.0,0.0,1.0,0.0,0.0,1.0,0.0,0.0,0.0,0.0,1.0,0.0,-0.3550979551684901,-0.7723347103389469,-0.6616230453826981,-0.195533448938226,1.7416714879753716,0.2074710407492525,-0.3743262111571587,0.0,0.0,15.0,0.0,0.2078227255199341,2.0,0.0,0.0,1.0,0
1.0,0.0,0.0,0.0,0.0,0.0,0.0,1.0,0.0,0.0,0.0,0.0,0.0,1.0,0.0,0.0,0.0,1.0,0.0,1.0,0.0,0.0,0.0,0.0,0.0,1.0,-0.1834207281319094,1.0975974192313718,1.1976640885896146,-0.195533448938226,-0.3864854977577305,-0.9840093759965088,-0.3743262111571587,0.0,0.0,19.0,0.0,0.3978259922675418,2.0,1.0,1.0,1.0,0
1.0,0.0,0.0,0.0,0.0,0.0,0.0,0.0,0.0,0.0,0.0,1.0,1.0,0.0,0.0,1.0,0.0,0.0,0.0,1.0,0.0,0.0,0.0,0.0,0.0,1.0,-0.1163732351536194,0.5915574328301719,0.652042254119394,0.6412346327671776,-0.6342685928754813,-1.6700132523046742,-0.3743262111571587,0.0,0.0,9.0,0.0,0.1285982026003014,2.0,0.0,0.0,0.0,0
1.0,0.0,0.0,0.0,0.0,1.0,0.0,0.0,0.0,0.0,0.0,0.0,0.0,1.0,0.0,0.0,1.0,0.0,0.0,1.0,0.0,0.0,0.0,0.0,1.0,0.0,-0.2320064294868794,2.0043859612797945,2.1486105907370883,-0.195533448938226,1.5706433543071687,0.0540228052592681,-0.3743262111571587,0.0,0.0,12.0,0.0,0.2029300472234796,2.0,0.0,0.0,1.0,0
1.0,0.0,0.0,0.0,0.0,0.0,1.0,0.0,0.0,0.0,0.0,0.0,0.0,1.0,0.0,0.0,1.0,0.0,0.0,1.0,0.0,0.0,0.0,0.0,0.0,1.0,-0.4025406914596869,-1.345558308896047,-1.233522968947981,-0.195533448938226,-0.5844666440547849,1.074002252927988,-0.3743262111571587,0.0,0.0,2.0,0.0,0.2415296014007472,2.0,0.0,0.0,1.0,0
1.0,0.0,0.0,0.0,0.0,0.0,0.0,1.0,0.0,0.0,0.0,0.0,0.0,1.0,0.0,0.0,1.0,0.0,0.0,1.0,0.0,0.0,1.0,0.0,0.0,0.0,-0.3076358465880768,1.7453528375239238,1.9104481963821465,-0.195533448938226,-0.4636022167047653,1.3718723571144282,-0.3743262111571587,0.0,0.0,11.0,0.0,0.8549033066437608,1.0,0.0,0.0,0.0,0
1.0,0.0,0.0,0.0,0.0,0.0,0.0,0.0,0.0,0.0,1.0,0.0,1.0,0.0,0.0,0.0,1.0,0.0,0.0,1.0,0.0,0.0,0.0,0.0,0.0,1.0,0.7714394073491405,0.4295093767062354,0.1532223775575872,0.2320605370708285,-0.6769518194467804,-0.0001353955019028,0.0989054085105514,0.0,0.0,20.0,0.0,0.9566462966299872,1.0,1.0,1.0,0.0,0
1.0,0.0,0.0,0.0,0.0,0.0,0.0,0.0,0.0,1.0,0.0,0.0,1.0,0.0,0.0,0.0,1.0,0.0,0.0,1.0,0.0,0.0,1.0,0.0,0.0,0.0,-0.2238119511483019,-0.6324299106124508,-0.5668233533108546,-0.195533448938226,-0.5988828882362456,0.3699456430327654,0.0989054085105514,0.0,0.0,14.0,0.0,0.1846148198564568,1.0,0.0,0.0,0.0,0
1.0,0.0,0.0,0.0,0.0,0.0,0.0,0.0,0.0,0.0,1.0,0.0,0.0,1.0,0.0,0.0,1.0,0.0,0.0,1.0,0.0,0.0,1.0,0.0,0.0,0.0,-0.2871593368862413,-0.433986034396507,-0.3389953646507717,-0.195533448938226,1.0198779597137524,-0.442427368384799,-0.3743262111571587,0.0,0.0,7.0,0.0,0.0027081452551353,2.0,0.0,0.0,0.0,0
1.0,0.0,0.0,1.0,0.0,0.0,0.0,0.0,0.0,0.0,0.0,0.0,1.0,0.0,0.0,0.0,1.0,0.0,0.0,1.0,0.0,0.0,0.0,1.0,0.0,0.0,3.359422268359172,0.5895213523023768,-0.6503392658126455,-0.0264121173171356,-0.6666438098344812,-0.8034820401259388,1.991831887181392,0.0,0.0,2.0,0.0,0.2376696466662555,1.0,1.0,0.0,0.0,1
1.0,0.0,0.0,1.0,0.0,0.0,0.0,0.0,0.0,0.0,0.0,0.0,0.0,1.0,0.0,0.0,1.0,0.0,0.0,1.0,0.0,0.0,0.0,0.0,1.0,0.0,0.2658807756662645,1.1988096436684172,1.1336936825107091,-0.195533448938226,-0.0135135178487375,-1.3811695149117624,-0.3743262111571587,0.0,0.0,18.0,0.0,0.2366493718950961,1.0,0.0,0.0,1.0,0
1.0,0.0,0.0,0.0,0.0,0.0,1.0,0.0,0.0,0.0,0.0,0.0,1.0,0.0,0.0,0.0,1.0,0.0,0.0,1.0,0.0,0.0,0.0,0.0,1.0,0.0,0.2793251443825121,0.749455830023758,0.6664350519524862,-0.195533448938226,1.8393376960325245,0.2977347086845375,0.0989054085105514,0.0,0.0,10.0,0.0,0.2825293444795598,2.0,0.0,0.0,1.0,0
0.0,1.0,0.0,0.0,0.0,0.0,0.0,0.0,0.0,1.0,0.0,0.0,1.0,0.0,0.0,1.0,0.0,0.0,0.0,1.0,0.0,1.0,0.0,0.0,0.0,0.0,1.191178797802943,0.0114506139420826,-0.4338385394955248,-0.195533448938226,-0.5705119525425316,0.6768421140127343,-0.3743262111571587,0.0,0.0,11.0,0.0,0.2211515598007557,2.0,0.0,0.0,1.0,0
1.0,0.0,0.0,0.0,0.0,0.0,0.0,1.0,0.0,0.0,0.0,0.0,0.0,1.0,0.0,0.0,1.0,0.0,0.0,1.0,0.0,0.0,1.0,0.0,0.0,0.0,-0.3806887492234803,-0.4820769883159884,-0.3534751280296834,-0.195533448938226,-0.5882713349766299,0.4511829441745219,-0.3743262111571587,0.0,0.0,13.0,0.0,1.0,1.0,1.0,1.0,0.0,0
1.0,0.0,0.0,0.0,0.0,0.0,1.0,0.0,0.0,0.0,0.0,0.0,1.0,0.0,0.0,0.0,1.0,0.0,0.0,1.0,0.0,0.0,0.0,0.0,0.0,1.0,-0.3984531384350064,-1.4356108393675986,-1.3276849136838165,-0.195533448938226,-0.051714277956923,-1.4172749820858763,0.0989054085105514,0.0,0.0,22.0,0.0,0.2483551709265748,2.0,0.0,0.0,1.0,0
0.0,1.0,0.0,0.0,0.0,0.0,0.0,0.0,0.0,0.0,0.0,1.0,1.0,0.0,0.0,1.0,0.0,0.0,0.0,1.0,0.0,0.0,0.0,0.0,0.0,1.0,-0.1630023352977234,0.5894508996889584,0.6673192016683158,-0.195533448938226,-0.5677093714700469,-0.5778228702877265,-0.3743262111571587,0.0,0.0,16.0,0.0,0.0937357922924795,1.0,0.0,0.0,1.0,0
1.0,0.0,0.0,1.0,0.0,0.0,0.0,0.0,0.0,0.0,0.0,0.0,0.0,1.0,0.0,0.0,1.0,0.0,0.0,1.0,0.0,0.0,0.0,0.0,1.0,0.0,-0.2448308849481992,-0.4495983335300508,-0.370889978579996,-0.127164460902559,-0.6430214610618024,-1.354090414531177,-0.3743262111571587,0.0,0.0,15.0,0.0,0.1145227202231968,2.0,0.0,0.0,0.0,0
1.0,0.0,0.0,0.0,0.0,0.0,0.0,1.0,0.0,0.0,0.0,0.0,0.0,1.0,0.0,0.0,1.0,0.0,0.0,1.0,0.0,0.0,1.0,0.0,0.0,0.0,-0.3585268503598098,1.3790978814064083,1.5527371650409545,-0.195533448938226,-0.5712812069912107,-1.5255913836082184,-0.3743262111571587,0.0,0.0,12.0,0.0,0.2320175064143674,1.0,0.0,0.0,1.0,0
1.0,0.0,0.0,0.0,0.0,0.0,0.0,0.0,0.0,1.0,0.0,0.0,0.0,1.0,0.0,0.0,1.0,0.0,0.0,1.0,0.0,0.0,1.0,0.0,0.0,0.0,-0.2497514464091891,0.5162435890857748,0.6244669289658609,-0.195533448938226,-0.5712853651233657,-1.6429341519240888,-0.3743262111571587,0.0,0.0,11.0,0.0,0.1837730892861691,2.0,0.0,0.0,1.0,0
0.0,1.0,0.0,0.0,0.0,0.0,0.0,0.0,0.0,1.0,0.0,0.0,0.0,1.0,0.0,1.0,0.0,0.0,0.0,0.0,1.0,1.0,0.0,0.0,0.0,0.0,2.1327301705922608,-0.5137313475249291,-1.326300712079526,-0.195533448938226,0.4483759600632422,-0.9569302756159233,3.8847583658522327,0.0,0.0,1.0,0.0,0.3690693065278028,1.0,1.0,0.0,0.0,1
1.0,0.0,0.0,0.0,0.0,1.0,0.0,0.0,0.0,0.0,0.0,0.0,0.0,1.0,0.0,0.0,1.0,0.0,0.0,1.0,0.0,0.0,0.0,0.0,1.0,0.0,-0.3995186143419137,-1.163684887356139,-1.0475688905998857,-0.195533448938226,-0.5419040033159814,-1.6248814183370317,-0.3743262111571587,0.0,0.0,5.0,0.0,0.2641912541683239,2.0,1.0,1.0,0.0,0
1.0,0.0,0.0,0.0,0.0,0.0,0.0,0.0,0.0,0.0,1.0,0.0,1.0,0.0,0.0,0.0,1.0,0.0,0.0,1.0,0.0,0.0,0.0,0.0,0.0,1.0,0.4033659122357311,0.4456641609631018,0.3075354914850977,-0.195533448938226,-0.4020577026782873,-1.552670483988804,0.0989054085105514,0.0,0.0,14.0,0.0,0.2840633953278509,1.0,0.0,0.0,1.0,0
1.0,0.0,0.0,0.0,0.0,0.0,0.0,1.0,0.0,0.0,0.0,0.0,0.0,1.0,0.0,0.0,1.0,0.0,0.0,1.0,0.0,0.0,1.0,0.0,0.0,0.0,-0.3863454576746969,-1.0331855115210151,-0.9182583710954207,-0.195533448938226,-0.5708737100400184,0.6678157472192058,-0.3743262111571587,0.0,0.0,8.0,0.0,0.2179713657704712,1.0,1.0,1.0,1.0,0
1.0,0.0,0.0,0.0,0.0,0.0,1.0,0.0,0.0,0.0,0.0,0.0,0.0,1.0,0.0,0.0,1.0,0.0,0.0,1.0,0.0,0.0,0.0,0.0,1.0,0.0,-0.190917804058693,1.0937577518000627,1.1965190422363272,-0.195533448938226,-0.435522350261903,-1.5616968507823323,-0.3743262111571587,0.0,0.0,19.0,0.0,0.2522418631995818,2.0,0.0,0.0,0.0,0
1.0,0.0,0.0,0.0,0.0,0.0,0.0,0.0,0.0,0.0,0.0,1.0,1.0,0.0,0.0,1.0,0.0,0.0,0.0,1.0,0.0,0.0,0.0,0.0,0.0,1.0,-0.3492281515358921,-1.298876407244936,-1.205447591905987,-0.195533448938226,-0.5270386808617784,0.0179173380851541,-0.3743262111571587,0.0,0.0,10.0,0.0,0.3658759447175774,1.0,1.0,1.0,1.0,0
1.0,0.0,0.0,1.0,0.0,0.0,0.0,0.0,0.0,0.0,0.0,0.0,0.0,1.0,0.0,0.0,1.0,0.0,0.0,1.0,0.0,0.0,0.0,0.0,1.0,0.0,-0.1102515917612068,0.2771767359727123,0.3263635321549737,-0.195533448938226,3.129406513392357,1.4621360250497133,-0.3743262111571587,0.0,0.0,16.0,0.0,0.2984198829466785,1.0,0.0,0.0,0.0,0
1.0,0.0,0.0,0.0,0.0,0.0,0.0,1.0,0.0,0.0,0.0,0.0,0.0,1.0,0.0,0.0,1.0,0.0,0.0,1.0,0.0,0.0,1.0,0.0,0.0,0.0,-0.2570935440222407,1.196188806449248,1.3266412401684389,-0.0801863132300339,-0.6344848157475425,1.398951457495014,-0.3743262111571587,0.0,0.0,12.0,0.0,0.1360641285530219,2.0,0.0,0.0,1.0,0
1.0,0.0,0.0,0.0,0.0,0.0,0.0,0.0,0.0,1.0,0.0,0.0,1.0,0.0,0.0,0.0,1.0,0.0,0.0,1.0,0.0,0.0,0.0,0.0,0.0,1.0,-0.3151716670932935,1.2451392822524354,1.3987211833949933,-0.195533448938226,-0.4008268955604008,-1.4172749820858763,0.0989054085105514,0.0,0.0,11.0,0.0,0.1907642478260222,2.0,0.0,0.0,1.0,0
1.0,0.0,0.0,0.0,0.0,1.0,0.0,0.0,0.0,0.0,0.0,0.0,1.0,0.0,0.0,0.0,1.0,0.0,0.0,1.0,0.0,0.0,0.0,0.0,0.0,1.0,0.1534052644752931,1.3905112047802086,1.372964887574847,-0.195533448938226,-0.5725411210341823,-0.370216434036571,0.0989054085105514,0.0,0.0,14.0,0.0,0.1971142300718864,2.0,0.0,0.0,1.0,0
1.0,0.0,0.0,0.0,0.0,0.0,0.0,0.0,0.0,0.0,1.0,0.0,1.0,0.0,0.0,0.0,1.0,0.0,0.0,1.0,0.0,0.0,0.0,0.0,0.0,1.0,-0.071293918146835,-1.2466569301791293,-1.255706430260718,-0.1204055495378162,-0.6381938696298219,0.9837385849927032,0.0989054085105514,0.0,0.0,13.0,0.0,0.2151138471037736,2.0,0.0,0.0,0.0,0
1.0,0.0,0.0,0.0,0.0,0.0,0.0,1.0,0.0,0.0,0.0,0.0,0.0,1.0,0.0,0.0,1.0,0.0,0.0,1.0,0.0,0.0,1.0,0.0,0.0,0.0,-0.3832846359784906,0.5763114872864044,0.7362104082148294,-0.195533448938226,-0.5022894782750885,-1.372143148118234,-0.3743262111571587,0.0,0.0,22.0,0.0,0.2423099277033597,2.0,0.0,0.0,0.0,0
1.0,0.0,0.0,0.0,0.0,0.0,1.0,0.0,0.0,0.0,0.0,0.0,1.0,0.0,0.0,0.0,1.0,0.0,0.0,1.0,0.0,0.0,0.0,0.0,0.0,1.0,-0.2286550234524257,-0.0816736504745164,0.0015254771334737,-0.195533448938226,-0.5185768819263089,0.0449964384657396,-0.3743262111571587,0.0,0.0,20.0,0.0,0.0919652735661293,1.0,0.0,0.0,0.0,0
0.0,1.0,0.0,0.0,0.0,0.0,0.0,0.0,0.0,0.0,0.0,1.0,1.0,0.0,0.0,1.0,0.0,0.0,0.0,1.0,0.0,0.0,0.0,0.0,0.0,1.0,-0.2948113911267569,0.1045466973133142,0.2178305309725009,-0.195533448938226,-0.469248960171285,0.5053411449356929,-0.3743262111571587,0.0,0.0,9.0,0.0,0.2363816900703764,2.0,0.0,0.0,1.0,0
1.0,0.0,0.0,1.0,0.0,0.0,0.0,0.0,0.0,0.0,0.0,0.0,0.0,1.0,0.0,0.0,1.0,0.0,0.0,1.0,0.0,0.0,0.0,0.0,1.0,0.0,-0.1047111170452892,-0.1462857422406407,-0.1113050714382358,0.1450488374686733,-0.6933431764018765,0.0449964384657396,-0.3743262111571587,1.0,0.0,11.0,0.0,0.0919652735661293,1.0,0.0,0.0,0.0,0
1.0,0.0,0.0,0.0,0.0,0.0,0.0,1.0,0.0,0.0,0.0,0.0,0.0,1.0,0.0,0.0,1.0,0.0,0.0,1.0,0.0,0.0,1.0,0.0,0.0,0.0,-0.3921183998612125,0.2037087506998804,0.3562361971438998,-0.195533448938226,-0.3847016590632262,1.3808987239079569,-0.3743262111571587,0.0,0.0,6.0,0.0,0.0502764735272282,1.0,0.0,0.0,1.0,0
1.0,0.0,0.0,0.0,0.0,0.0,0.0,0.0,0.0,1.0,0.0,0.0,1.0,0.0,0.0,0.0,1.0,0.0,0.0,1.0,0.0,0.0,0.0,0.0,0.0,1.0,0.4803707618712996,1.1698465742920636,1.0236605256628533,-0.195533448938226,1.4521989598713718,-0.0542935962630737,0.0989054085105514,0.0,0.0,15.0,0.0,0.2990783699921168,1.0,0.0,0.0,1.0,0
1.0,0.0,0.0,0.0,0.0,1.0,0.0,0.0,0.0,0.0,0.0,0.0,1.0,0.0,0.0,0.0,1.0,0.0,0.0,1.0,0.0,0.0,0.0,0.0,1.0,0.0,-0.3678836660513769,-1.3023638116091527,-1.2020559356190348,-0.195533448938226,-0.3790549155967065,-1.6068286847499749,0.0989054085105514,0.0,0.0,16.0,0.0,0.2515503609277085,2.0,0.0,0.0,1.0,0
1.0,0.0,0.0,0.0,0.0,0.0,0.0,0.0,0.0,0.0,1.0,0.0,1.0,0.0,0.0,0.0,1.0,0.0,0.0,1.0,0.0,0.0,0.0,0.0,0.0,1.0,1.2434452341090467,1.815826586726469,1.4026853628585891,0.1630230852738134,-0.6367925790935796,-0.6139283374618404,0.5721370281782616,0.0,0.0,21.0,0.0,0.0284093041313212,1.0,0.0,0.0,0.0,0
1.0,0.0,0.0,0.0,0.0,0.0,0.0,1.0,0.0,0.0,0.0,0.0,0.0,1.0,0.0,0.0,1.0,0.0,0.0,1.0,0.0,0.0,1.0,0.0,0.0,0.0,-0.3556984961342015,0.0168261483459154,0.1503742559320056,-0.195533448938226,1.4336495323278196,-0.0723463298501307,-0.3743262111571587,0.0,0.0,18.0,0.0,0.2720500623191298,1.0,0.0,0.0,1.0,0
1.0,0.0,0.0,0.0,0.0,0.0,0.0,1.0,0.0,0.0,0.0,0.0,0.0,1.0,0.0,0.0,1.0,0.0,0.0,1.0,0.0,0.0,1.0,0.0,0.0,0.0,-0.2037616318092293,0.1196235565848774,0.1992778811977193,-0.195533448938226,-0.2146340539228334,-1.5616968507823323,-0.3743262111571587,0.0,0.0,14.0,0.0,0.0431854536154177,1.0,0.0,0.0,1.0,0
0.0,1.0,0.0,0.0,0.0,0.0,0.0,0.0,0.0,0.0,0.0,1.0,1.0,0.0,0.0,1.0,0.0,0.0,0.0,1.0,0.0,0.0,0.0,0.0,0.0,1.0,-0.0170127637622153,0.209204054546525,0.2215628023139122,-0.195533448938226,0.5119288519205957,-0.9027720748547522,-0.3743262111571587,0.0,0.0,9.0,0.0,0.1612771421059085,1.0,0.0,0.0,1.0,0
1.0,0.0,0.0,1.0,0.0,0.0,0.0,0.0,0.0,0.0,0.0,0.0,0.0,1.0,0.0,0.0,0.0,1.0,0.0,1.0,0.0,0.0,0.0,0.0,1.0,0.0,0.009914718248713,-0.2559734160719337,-0.2670168812276731,0.2638497026104977,-0.6763405740199921,0.0540228052592681,-0.3743262111571587,1.0,0.0,19.0,0.0,0.0919652735661293,1.0,0.0,0.0,0.0,0
1.0,0.0,0.0,0.0,0.0,0.0,1.0,0.0,0.0,0.0,0.0,0.0,0.0,0.0,1.0,0.0,1.0,0.0,0.0,1.0,0.0,0.0,0.0,0.0,0.0,1.0,-0.3974651516849652,-0.8728917254711995,-0.7492118442803591,-0.195533448938226,2.853264956977357,1.218424121624444,-0.3743262111571587,0.0,0.0,0.0,0.0,0.2695091823757683,2.0,0.0,0.0,1.0,0
0.0,1.0,0.0,0.0,0.0,0.0,0.0,0.0,0.0,1.0,0.0,0.0,1.0,0.0,0.0,1.0,0.0,0.0,0.0,1.0,0.0,0.0,0.0,0.0,0.0,1.0,-0.3711575829289646,-1.346932134857708,-1.2466765077531483,-0.1882917581902873,-0.6559490939317651,1.1010813533085737,0.0989054085105514,0.0,0.0,11.0,0.0,0.2415296014007472,2.0,0.0,0.0,1.0,0
1.0,0.0,0.0,0.0,0.0,0.0,0.0,0.0,0.0,0.0,1.0,0.0,1.0,0.0,0.0,0.0,1.0,0.0,0.0,1.0,0.0,0.0,0.0,0.0,0.0,1.0,1.9965429774002987,0.9793356623470452,0.2604943783256805,-0.195533448938226,-0.4592819173956977,0.0901282724333821,0.0989054085105514,0.0,0.0,16.0,0.0,0.1654104345528008,2.0,0.0,0.0,1.0,0
1.0,0.0,0.0,0.0,0.0,1.0,0.0,0.0,0.0,0.0,0.0,0.0,1.0,0.0,0.0,0.0,1.0,0.0,0.0,0.0,1.0,0.0,0.0,1.0,0.0,0.0,0.5261281090006614,-1.1488264311861731,-1.378567005116919,-0.195533448938226,1.8962957902920128,0.3518929094457085,2.938295126516812,0.0,0.0,3.0,0.0,0.4133509592665563,1.0,1.0,0.0,1.0,1
1.0,0.0,0.0,0.0,0.0,0.0,0.0,1.0,0.0,0.0,0.0,0.0,0.0,1.0,0.0,0.0,1.0,0.0,0.0,1.0,0.0,0.0,1.0,0.0,0.0,0.0,-0.3970389613222023,0.1711032812097894,0.3245372556927687,-0.195533448938226,-0.524681019929881,-1.6248814183370317,-0.3743262111571587,0.0,0.0,8.0,0.0,0.2062216193923824,1.0,0.0,0.0,0.0,0
0.0,0.0,1.0,0.0,0.0,0.0,0.0,0.0,0.0,1.0,0.0,0.0,0.0,1.0,0.0,1.0,0.0,0.0,0.0,1.0,0.0,1.0,0.0,0.0,0.0,0.0,-0.2751872621504473,-0.5636470241319502,-0.4768502490319817,-0.195533448938226,1.7226438752339917,0.1894183071621955,0.0989054085105514,0.0,0.0,17.0,0.0,0.1542332136949342,1.0,0.0,0.0,0.0,0
1.0,0.0,0.0,0.0,0.0,0.0,0.0,0.0,0.0,0.0,0.0,1.0,0.0,1.0,0.0,0.0,1.0,0.0,0.0,1.0,0.0,0.0,1.0,0.0,0.0,0.0,-0.239890951197993,0.5001028953515918,0.6041749682746934,1.1188519902504546,-0.6563358002221822,0.3248138090651229,-0.3743262111571587,0.0,0.0,18.0,0.0,0.2825293444795598,2.0,0.0,0.0,1.0,0
0.0,1.0,0.0,0.0,1.0,0.0,0.0,0.0,0.0,0.0,0.0,0.0,0.0,1.0,0.0,1.0,0.0,0.0,0.0,1.0,0.0,1.0,0.0,0.0,0.0,0.0,-0.3545749033596447,-1.329220347844292,-1.23466076817245,-0.195533448938226,-0.3963818522866825,0.7400266815674338,0.0989054085105514,0.0,0.0,20.0,0.0,0.135526490229907,2.0,0.0,0.0,0.0,0
1.0,0.0,0.0,1.0,0.0,0.0,0.0,0.0,0.0,0.0,0.0,0.0,0.0,1.0,0.0,0.0,1.0,0.0,0.0,1.0,0.0,0.0,0.0,1.0,0.0,0.0,-0.0270088649979268,0.7817301722307818,0.8142329970723683,-0.195533448938226,-0.410586031728237,1.4260305578755994,-0.3743262111571587,0.0,0.0,13.0,0.0,0.0091253418905635,2.0,0.0,0.0,1.0,0
1.0,0.0,0.0,0.0,0.0,1.0,0.0,0.0,0.0,0.0,0.0,0.0,0.0,1.0,0.0,0.0,0.0,1.0,0.0,1.0,0.0,0.0,0.0,0.0,1.0,0.0,-0.2977559790876642,-1.2542024050762526,-1.1787491693394654,0.3440282170966492,-0.6206174450105446,-0.6951656386035969,0.0989054085105514,0.0,0.0,15.0,0.0,0.0345872785453475,1.0,0.0,0.0,1.0,0
1.0,0.0,0.0,0.0,0.0,0.0,0.0,0.0,1.0,0.0,0.0,0.0,1.0,0.0,0.0,0.0,1.0,0.0,0.0,1.0,0.0,0.0,0.0,0.0,1.0,0.0,-0.3612970877177686,-0.698803317714038,-0.5836656806845236,0.154333056376287,-0.6566393438694988,0.3970247434133509,0.5721370281782616,0.0,0.0,21.0,0.0,0.1846148198564568,1.0,0.0,0.0,0.0,0
1.0,0.0,0.0,0.0,0.0,0.0,0.0,0.0,0.0,1.0,0.0,0.0,0.0,1.0,0.0,0.0,1.0,0.0,0.0,1.0,0.0,0.0,0.0,0.0,0.0,1.0,0.1360670656265299,0.6742547104608302,0.6426717165573654,-0.195533448938226,1.3305860687334483,-0.1626099977854157,-0.3743262111571587,0.0,0.0,10.0,0.0,0.8137109535926391,2.0,0.0,0.0,0.0,0
1.0,0.0,0.0,0.0,0.0,0.0,0.0,0.0,0.0,0.0,1.0,0.0,1.0,0.0,0.0,0.0,1.0,0.0,0.0,1.0,0.0,0.0,0.0,0.0,0.0,1.0,-0.1203639267322174,-1.0447186043376269,-1.0296249996458389,-0.195533448938226,2.8182784330250032,1.18231865445033,0.0989054085105514,0.0,0.0,12.0,1.0,0.2705974217319591,2.0,0.0,0.0,0.0,0
1.0,0.0,0.0,0.0,0.0,0.0,0.0,1.0,0.0,0.0,0.0,0.0,0.0,1.0,0.0,0.0,1.0,0.0,0.0,1.0,0.0,0.0,1.0,0.0,0.0,0.0,-0.2782480838466535,1.587679888693277,1.7372635590118497,-0.195533448938226,-0.5783084503331976,-0.514638302733027,-0.3743262111571587,0.0,0.0,13.0,1.0,0.2589455972151129,2.0,0.0,0.0,1.0,0
1.0,0.0,0.0,0.0,1.0,0.0,0.0,0.0,0.0,0.0,0.0,0.0,1.0,0.0,0.0,0.0,0.0,1.0,0.0,1.0,0.0,1.0,0.0,0.0,0.0,0.0,-0.388108335993398,0.6906067620352686,0.8555851141094403,-0.195533448938226,-0.5445444172344203,1.218424121624444,1.991831887181392,0.0,0.0,2.0,1.0,0.2954011630419395,1.0,1.0,0.0,0.0,1
0.0,1.0,0.0,0.0,0.0,0.0,1.0,0.0,0.0,0.0,0.0,0.0,1.0,0.0,0.0,1.0,0.0,0.0,0.0,1.0,0.0,0.0,0.0,0.0,0.0,1.0,-0.1856097968133733,0.4891756950103795,0.5726282165287461,-0.195533448938226,0.1916736714729696,-1.191615812247664,-0.3743262111571587,0.0,0.0,7.0,1.0,0.93264492878,1.0,0.0,0.0,0.0,0
1.0,0.0,0.0,0.0,0.0,1.0,0.0,0.0,0.0,0.0,0.0,0.0,1.0,0.0,0.0,0.0,1.0,0.0,0.0,1.0,0.0,0.0,0.0,0.0,1.0,0.0,-0.2231726656041576,-0.4927576045102358,-0.4233881797395736,-0.195533448938226,-0.4463501263935798,-0.7854293065388818,-0.3743262111571587,0.0,0.0,19.0,1.0,0.0784739633368959,2.0,0.0,0.0,1.0,0
1.0,0.0,0.0,0.0,0.0,0.0,0.0,1.0,0.0,0.0,0.0,0.0,0.0,1.0,0.0,0.0,1.0,0.0,0.0,1.0,0.0,0.0,0.0,1.0,0.0,0.0,-0.2469812090512302,-0.463773399349857,-0.3846667704635351,-0.195533448938226,-0.351727671073903,-0.4514537351783275,0.0989054085105514,0.0,0.0,18.0,1.0,0.9214855655814652,1.0,0.0,0.0,0.0,0
1.0,0.0,0.0,0.0,0.0,0.0,1.0,0.0,0.0,0.0,0.0,0.0,1.0,0.0,0.0,0.0,1.0,0.0,0.0,1.0,0.0,0.0,0.0,0.0,1.0,0.0,-0.1760592582296412,1.832087049903464,1.9504451003302008,-0.195533448938226,-0.6074444823434355,-0.3070318664818716,0.0989054085105514,0.0,0.0,22.0,1.0,0.0052683928841093,1.0,0.0,0.0,0.0,0
1.0,0.0,0.0,0.0,0.0,0.0,0.0,0.0,0.0,0.0,0.0,1.0,0.0,1.0,0.0,0.0,1.0,0.0,0.0,1.0,0.0,0.0,0.0,0.0,0.0,1.0,-0.3618588841050469,-1.286455611499251,-1.187945775809855,-0.195533448938226,-0.4099872606979139,0.306761075478066,-0.3743262111571587,0.0,0.0,11.0,1.0,0.2391132747165187,2.0,1.0,1.0,1.0,0
1.0,0.0,0.0,0.0,0.0,0.0,1.0,0.0,0.0,0.0,0.0,0.0,0.0,1.0,0.0,0.0,1.0,0.0,0.0,1.0,0.0,0.0,0.0,0.0,1.0,0.0,-0.2907432103912929,1.9850608094190945,2.1507050109655688,-0.195533448938226,1.5010195895034837,-0.0091617622954312,-0.3743262111571587,0.0,0.0,12.0,1.0,0.7237620957090393,2.0,0.0,0.0,0.0,0
1.0,0.0,0.0,0.0,0.0,0.0,0.0,0.0,0.0,0.0,1.0,0.0,0.0,1.0,0.0,0.0,1.0,0.0,0.0,1.0,0.0,0.0,0.0,0.0,0.0,1.0,0.927502569277226,1.1774625018026057,0.864223691660823,-0.195533448938226,1.970776253452764,0.4150774770004079,0.0989054085105514,0.0,0.0,14.0,1.0,0.0035001238276776,2.0,0.0,0.0,1.0,0
1.0,0.0,0.0,1.0,0.0,0.0,0.0,0.0,0.0,0.0,0.0,0.0,0.0,0.0,1.0,0.0,1.0,0.0,0.0,1.0,0.0,0.0,1.0,0.0,0.0,0.0,-0.0957611194272684,1.7094642762485304,1.7942694742963936,-0.0063582044766901,-0.6360108502484354,1.4170041910820708,-0.3743262111571587,0.0,0.0,20.0,1.0,0.8549033066437608,1.0,0.0,0.0,0.0,0
1.0,0.0,0.0,0.0,0.0,0.0,1.0,0.0,0.0,0.0,0.0,0.0,0.0,1.0,0.0,0.0,1.0,0.0,0.0,1.0,0.0,0.0,0.0,0.0,1.0,0.0,-0.3217001285592523,0.1922531557580289,0.3181090524309596,-0.195533448938226,-0.3201549736208223,-0.5236646695265554,-0.3743262111571587,0.0,0.0,18.0,1.0,0.2083543684981106,2.0,0.0,0.0,1.0,0
1.0,0.0,0.0,0.0,0.0,0.0,0.0,1.0,0.0,0.0,0.0,0.0,0.0,1.0,0.0,0.0,0.0,1.0,0.0,1.0,0.0,0.0,0.0,0.0,0.0,1.0,-0.3493250129819745,-0.5751801169485619,-0.4609790369199614,-0.1352231629143676,-0.6274118329518503,1.2274504884179724,-0.3743262111571587,0.0,1.0,23.0,1.0,0.9139602211780458,1.0,0.0,0.0,0.0,0
1.0,0.0,0.0,0.0,0.0,0.0,0.0,0.0,0.0,1.0,0.0,0.0,0.0,1.0,0.0,0.0,1.0,0.0,0.0,1.0,0.0,0.0,1.0,0.0,0.0,0.0,0.0631691413048583,0.6168921926154716,0.6109365394621431,-0.195533448938226,-0.520294190506333,-1.426301348879405,-0.3743262111571587,0.0,0.0,10.0,1.0,0.0942684561955888,2.0,0.0,0.0,1.0,0
1.0,0.0,0.0,0.0,0.0,1.0,0.0,0.0,0.0,0.0,0.0,0.0,0.0,1.0,0.0,0.0,1.0,0.0,0.0,1.0,0.0,0.0,0.0,0.0,1.0,0.0,0.0454822412501982,1.9057663930165512,1.9433574083459288,0.1352075654266029,-0.622401283705049,-0.406321901210685,-0.3743262111571587,0.0,0.0,15.0,1.0,0.2321756962718156,1.0,0.0,0.0,1.0,0
1.0,0.0,0.0,0.0,0.0,0.0,1.0,0.0,0.0,0.0,0.0,0.0,0.0,1.0,0.0,0.0,1.0,0.0,0.0,1.0,0.0,0.0,0.0,0.0,0.0,1.0,-0.3883795480424289,-0.5855859679504771,-0.4570728344869115,-0.195533448938226,-0.4654068460600448,0.3699456430327654,-0.3743262111571587,0.0,0.0,0.0,1.0,0.1676778419924493,1.0,0.0,0.0,1.0,0
1.0,0.0,0.0,0.0,0.0,0.0,0.0,0.0,1.0,0.0,0.0,0.0,0.0,1.0,0.0,0.0,0.0,1.0,0.0,1.0,0.0,0.0,0.0,0.0,1.0,0.0,-0.3961865805966765,-1.148713707004703,-1.0334152480177965,0.3526439722429148,-0.6900540938672541,1.18231865445033,0.0989054085105514,1.0,0.0,11.0,1.0,0.2705974217319591,2.0,0.0,0.0,0.0,0
1.0,0.0,0.0,1.0,0.0,0.0,0.0,0.0,0.0,0.0,0.0,0.0,1.0,0.0,0.0,0.0,1.0,0.0,1.0,0.0,0.0,0.0,0.0,1.0,0.0,0.0,1.3910427056495238,-0.6340996375504697,-1.1726543340032969,-0.195533448938226,-0.4317633987937632,1.1371868204826874,3.8847583658522327,0.0,0.0,4.0,1.0,0.3599490349227463,1.0,1.0,0.0,1.0,1
0.0,1.0,0.0,0.0,0.0,0.0,0.0,0.0,0.0,1.0,0.0,0.0,1.0,0.0,0.0,1.0,0.0,0.0,0.0,1.0,0.0,0.0,0.0,0.0,0.0,1.0,0.2603403009503468,0.503005543024435,0.4200254250023484,-0.195533448938226,-0.3116183283065625,0.5143675117292213,-0.3743262111571587,0.0,0.0,9.0,1.0,0.1460481267813674,1.0,0.0,0.0,1.0,0
1.0,0.0,0.0,0.0,0.0,0.0,0.0,1.0,0.0,0.0,0.0,0.0,0.0,1.0,0.0,0.0,1.0,0.0,0.0,1.0,0.0,0.0,1.0,0.0,0.0,0.0,-0.2658498187480965,-0.6660005809063754,-0.585629652594276,-0.195533448938226,3.3293669305952016,1.6426633609202832,-0.3743262111571587,0.0,0.0,17.0,1.0,0.0644042898924655,1.0,0.0,0.0,1.0,0
1.0,0.0,0.0,0.0,0.0,0.0,0.0,0.0,0.0,0.0,1.0,0.0,0.0,1.0,0.0,0.0,1.0,0.0,0.0,1.0,0.0,0.0,0.0,0.0,0.0,1.0,0.1919754923053351,-0.7403351333242553,-0.8333655041181579,-0.195533448938226,-0.4516891680806278,1.5614260597785268,0.0989054085105514,0.0,0.0,21.0,1.0,0.1429412325508015,1.0,0.0,0.0,0.0,0
1.0,0.0,0.0,1.0,0.0,0.0,0.0,0.0,0.0,0.0,0.0,0.0,0.0,1.0,0.0,0.0,1.0,0.0,0.0,1.0,0.0,0.0,0.0,0.0,1.0,0.0,-0.1012241049863201,0.0676224826206682,0.1074277705549131,0.5507692037313903,-0.6569595200454355,-0.8756929744741667,-0.3743262111571587,0.0,0.0,16.0,1.0,0.1612771421059085,1.0,0.0,0.0,1.0,0
0.0,1.0,0.0,0.0,0.0,0.0,0.0,0.0,0.0,0.0,0.0,1.0,1.0,0.0,0.0,1.0,0.0,0.0,0.0,1.0,0.0,0.0,0.0,0.0,0.0,1.0,-0.186965857058528,0.4770014834116592,0.5606124769480477,0.8442247949632428,-0.6707146212142476,-0.1445572641983587,-0.3743262111571587,0.0,0.0,8.0,1.0,0.8137109535926391,2.0,0.0,0.0,0.0,0
1.0,0.0,0.0,0.0,0.0,0.0,0.0,0.0,0.0,1.0,0.0,0.0,1.0,0.0,0.0,0.0,1.0,0.0,0.0,1.0,0.0,0.0,0.0,0.0,1.0,0.0,-0.4001772721752745,-1.368497679825117,-1.2580037700961109,0.4467116782148563,-0.6493834032589857,1.019844052166817,0.0989054085105514,0.0,0.0,14.0,1.0,0.2151138471037736,2.0,0.0,0.0,0.0,0
1.0,0.0,0.0,0.0,0.0,0.0,0.0,0.0,0.0,0.0,1.0,0.0,0.0,1.0,0.0,0.0,1.0,0.0,0.0,1.0,0.0,0.0,0.0,0.0,0.0,1.0,0.0336845171173526,1.6830234104325594,1.718645685077704,-0.195533448938226,-0.3896124131383069,-1.3631167813247054,0.0989054085105514,0.0,0.0,12.0,1.0,0.9838834512611874,1.0,0.0,0.0,1.0,0
0.0,1.0,0.0,0.0,0.0,0.0,0.0,0.0,0.0,1.0,0.0,0.0,0.0,1.0,0.0,1.0,0.0,0.0,0.0,1.0,0.0,1.0,0.0,0.0,0.0,0.0,-0.2669734115226533,1.0165346422320234,1.145535490999769,0.2317634420657849,-0.6335242872197324,-0.9298511752353378,0.0989054085105514,0.0,0.0,10.0,1.0,0.3978259922675418,2.0,1.0,1.0,1.0,0
1.0,0.0,0.0,0.0,0.0,1.0,0.0,0.0,0.0,0.0,0.0,0.0,0.0,1.0,0.0,0.0,1.0,0.0,0.0,1.0,0.0,0.0,0.0,0.0,1.0,0.0,-0.1654626160282183,-0.7210874793383157,-0.6798495743606576,-0.195533448938226,1.4113702602412126,-0.0903990634371877,0.0989054085105514,0.0,0.0,13.0,1.0,0.2126393775894897,1.0,0.0,0.0,1.0,0
1.0,0.0,0.0,0.0,0.0,0.0,0.0,0.0,0.0,0.0,0.0,1.0,0.0,1.0,0.0,0.0,1.0,0.0,0.0,1.0,0.0,0.0,1.0,0.0,0.0,0.0,-0.2160824077509203,0.4593037869209272,0.5533001239704093,0.1046067799071082,-0.6473126534457848,-1.6068286847499749,-0.3743262111571587,0.0,0.0,17.0,1.0,0.1837730892861691,2.0,0.0,0.0,1.0,0
1.0,0.0,0.0,0.0,0.0,0.0,0.0,1.0,0.0,0.0,0.0,0.0,0.0,1.0,0.0,0.0,0.0,1.0,0.0,1.0,0.0,0.0,1.0,0.0,0.0,0.0,-0.2987827104161385,1.74145680800188,1.903128596275689,0.6705727645152368,-0.6832680221902586,-0.3972955344171565,-0.3743262111571587,1.0,0.0,7.0,1.0,0.2321756962718156,1.0,0.0,0.0,1.0,0
0.0,1.0,0.0,0.0,0.0,0.0,0.0,0.0,0.0,1.0,0.0,0.0,0.0,1.0,0.0,1.0,0.0,0.0,1.0,0.0,0.0,1.0,0.0,0.0,0.0,0.0,0.5974568778957967,-1.148685525959336,-1.4051059908494383,-0.195533448938226,-0.4424456403000143,0.4602093109680504,3.8847583658522327,0.0,0.0,23.0,1.0,0.4084357580053124,2.0,2.0,1.0,1.0,1
1.0,0.0,0.0,0.0,0.0,0.0,1.0,0.0,0.0,0.0,0.0,0.0,1.0,0.0,0.0,0.0,1.0,0.0,0.0,1.0,0.0,0.0,0.0,0.0,1.0,0.0,-0.2987633381269219,-1.0827982418903366,-1.002056921621124,-0.195533448938226,-0.599926579407156,1.2906350559726718,0.0989054085105514,0.0,0.0,10.0,1.0,0.2122951936048218,1.0,0.0,0.0,0.0,0
1.0,0.0,0.0,0.0,1.0,0.0,0.0,0.0,0.0,0.0,0.0,0.0,0.0,1.0,0.0,0.0,1.0,0.0,0.0,1.0,0.0,1.0,0.0,0.0,0.0,0.0,-0.3983756492781404,-1.459677452111365,-1.3524700942423138,-0.195533448938226,-0.5436379444246255,1.5162942258108842,0.0989054085105514,0.0,0.0,22.0,1.0,0.2823419375107649,2.0,1.0,1.0,1.0,0
1.0,0.0,0.0,1.0,0.0,0.0,0.0,0.0,0.0,0.0,0.0,0.0,0.0,1.0,0.0,0.0,1.0,0.0,0.0,1.0,0.0,0.0,0.0,0.0,1.0,0.0,-0.3275699321918504,-0.801396413374086,-0.7018156218088465,-0.195533448938226,-0.5501495793793897,0.6858684808062627,-0.3743262111571587,0.0,0.0,15.0,1.0,0.9654760279285493,1.0,0.0,0.0,1.0,0
1.0,0.0,0.0,0.0,0.0,0.0,1.0,0.0,0.0,0.0,0.0,0.0,0.0,0.0,1.0,0.0,1.0,0.0,0.0,1.0,0.0,0.0,0.0,0.0,0.0,1.0,-0.3517271768448199,0.9640474452352265,1.1232505698835762,-0.195533448938226,-0.5803334606926931,1.2816086891791434,-0.3743262111571587,0.0,0.0,1.0,1.0,0.957965239423994,2.0,0.0,0.0,1.0,0
1.0,0.0,0.0,0.0,0.0,0.0,0.0,1.0,0.0,0.0,0.0,0.0,0.0,1.0,0.0,0.0,1.0,0.0,0.0,1.0,0.0,0.0,1.0,0.0,0.0,0.0,-0.1768147775090845,0.0001429694884101,0.0662930673823893,-0.195533448938226,2.258893230474227,0.6768421140127343,-0.3743262111571587,0.0,0.0,11.0,0.0,0.2798981105788387,2.0,0.0,0.0,0.0,0
1.0,0.0,0.0,0.0,0.0,0.0,0.0,1.0,0.0,0.0,0.0,0.0,0.0,1.0,0.0,0.0,1.0,0.0,0.0,1.0,0.0,0.0,1.0,0.0,0.0,0.0,-0.2056794884416624,0.2198353539113794,0.3030785072618593,-0.195533448938226,-0.5002519935191277,0.6587893804256773,-0.3743262111571587,0.0,0.0,10.0,0.0,0.19835586561334,2.0,0.0,0.0,1.0,0
1.0,0.0,0.0,0.0,0.0,0.0,1.0,0.0,0.0,0.0,0.0,0.0,1.0,0.0,0.0,0.0,1.0,0.0,0.0,1.0,0.0,0.0,0.0,0.0,0.0,1.0,-0.4047103878519343,-1.4002506726928436,-1.288970751536596,-0.195533448938226,-0.6186381741047543,-0.5417174031136125,-0.3743262111571587,0.0,0.0,0.0,0.0,0.1179749565353476,1.0,0.0,0.0,0.0,0
1.0,0.0,0.0,1.0,0.0,0.0,0.0,0.0,0.0,0.0,0.0,0.0,0.0,1.0,0.0,0.0,1.0,0.0,0.0,1.0,0.0,0.0,0.0,1.0,0.0,0.0,-0.166508719645909,-0.4913978690712585,-0.4431873356710984,-0.1464013624791345,-0.6295782198046167,0.5053411449356929,-0.3743262111571587,0.0,0.0,14.0,0.0,1.0,1.0,1.0,1.0,0.0,0
0.0,1.0,0.0,0.0,0.0,0.0,0.0,0.0,0.0,0.0,0.0,1.0,1.0,0.0,0.0,1.0,0.0,0.0,0.0,1.0,0.0,0.0,0.0,0.0,0.0,1.0,0.4589062654194229,1.1047624500160351,0.9647413683702852,-0.195533448938226,-0.3074726705480057,-0.3341109668624571,-0.3743262111571587,0.0,0.0,9.0,0.0,0.236210396538569,2.0,0.0,0.0,1.0,0
1.0,0.0,0.0,0.0,0.0,0.0,0.0,1.0,0.0,0.0,0.0,0.0,0.0,1.0,0.0,0.0,1.0,0.0,0.0,1.0,0.0,0.0,1.0,0.0,0.0,0.0,-0.4035674227881612,-1.016967319912072,-0.8951327830363082,-0.195533448938226,0.5114964061764735,-0.9027720748547522,-0.3743262111571587,0.0,0.0,8.0,0.0,0.0705769536330207,1.0,0.0,0.0,1.0,0
1.0,0.0,0.0,0.0,0.0,1.0,0.0,0.0,0.0,0.0,0.0,0.0,1.0,0.0,0.0,0.0,0.0,1.0,0.0,0.0,1.0,0.0,0.0,1.0,0.0,0.0,-0.2645712476598079,-1.4588390660116843,-1.4016636046607585,-0.195533448938226,-0.5199906468590164,-0.1355308974048302,2.938295126516812,0.0,0.0,3.0,0.0,0.59080568402517,1.0,2.0,1.0,1.0,1
1.0,0.0,0.0,0.0,0.0,0.0,0.0,0.0,0.0,0.0,1.0,0.0,1.0,0.0,0.0,0.0,1.0,0.0,0.0,1.0,0.0,0.0,0.0,0.0,0.0,1.0,2.196348768379231,1.1869524688300803,0.3993131308397211,0.8774622986524996,-0.6376990519033743,-0.3250846000689286,0.0989054085105514,0.0,0.0,19.0,0.0,0.1971142300718864,2.0,0.0,0.0,1.0,0
1.0,0.0,0.0,0.0,0.0,0.0,1.0,0.0,0.0,0.0,0.0,0.0,0.0,0.0,1.0,0.0,0.0,1.0,0.0,1.0,0.0,0.0,0.0,0.0,1.0,0.0,-0.3069190718870664,0.8926366762742152,1.033031063224882,-0.195533448938226,-0.4671948428867042,-0.1265045306113017,-0.3743262111571587,0.0,0.0,21.0,0.0,0.192208575275786,2.0,0.0,0.0,1.0,0
0.0,1.0,0.0,0.0,0.0,0.0,0.0,0.0,0.0,0.0,1.0,0.0,0.0,1.0,0.0,1.0,0.0,0.0,0.0,1.0,0.0,0.0,1.0,0.0,0.0,0.0,-0.3808243552479958,-1.0539760777408205,-0.9417100799513558,-0.195533448938226,-0.3590958812526017,0.6407366468386203,-0.3743262111571587,0.0,0.0,7.0,0.0,0.3656939359519358,2.0,1.0,1.0,1.0,0
1.0,0.0,0.0,1.0,0.0,0.0,0.0,0.0,0.0,0.0,0.0,0.0,0.0,0.0,1.0,0.0,1.0,0.0,0.0,1.0,0.0,0.0,0.0,0.0,1.0,0.0,-0.2800497067437876,-0.7520936745038062,-0.6688774213297907,-0.195533448938226,-0.5292757559611801,0.6768421140127343,-0.3743262111571587,0.0,0.0,16.0,0.0,0.2061660365519345,1.0,0.0,0.0,1.0,0
1.0,0.0,0.0,0.0,0.0,0.0,0.0,1.0,0.0,0.0,0.0,0.0,0.0,1.0,0.0,0.0,1.0,0.0,0.0,1.0,0.0,0.0,1.0,0.0,0.0,0.0,-0.3954116890280167,-0.5257435181127867,-0.3928850145434578,-0.195533448938226,-0.5791151279712718,0.7219739479803767,-0.3743262111571587,0.0,0.0,11.0,0.0,0.2235876840982851,2.0,0.0,0.0,1.0,0
0.0,1.0,0.0,0.0,0.0,0.0,0.0,0.0,0.0,0.0,0.0,1.0,1.0,0.0,0.0,1.0,0.0,0.0,0.0,1.0,0.0,0.0,0.0,0.0,0.0,1.0,-0.3905298721454598,-1.2877589848474935,-1.1785607439901902,3.250025872055354,-0.6660533550684682,1.1552395540697444,-0.3743262111571587,0.0,0.0,13.0,0.0,0.3599490349227463,1.0,1.0,1.0,1.0,0
1.0,0.0,0.0,0.0,0.0,0.0,0.0,0.0,0.0,1.0,0.0,0.0,0.0,1.0,0.0,0.0,1.0,0.0,0.0,1.0,0.0,0.0,1.0,0.0,0.0,0.0,-0.3228237213338091,0.169504006885189,0.2951284069482124,0.3720294213220121,-0.6303391579889858,1.5162942258108842,-0.3743262111571587,0.0,0.0,15.0,0.0,0.2984198829466785,1.0,0.0,0.0,0.0,0
1.0,0.0,0.0,0.0,0.0,1.0,0.0,0.0,0.0,0.0,0.0,0.0,0.0,1.0,0.0,0.0,1.0,0.0,0.0,1.0,0.0,0.0,0.0,0.0,1.0,0.0,-0.3905879890131093,-1.0404491759644643,-0.9241430396958596,-0.1572453301632272,-0.6260729143979332,0.7219739479803767,-0.3743262111571587,0.0,0.0,17.0,0.0,0.2179713657704712,1.0,1.0,1.0,1.0,0
0.0,0.0,1.0,0.0,0.0,0.0,0.0,0.0,0.0,1.0,0.0,0.0,0.0,1.0,0.0,0.0,1.0,0.0,0.0,1.0,0.0,0.0,0.0,0.0,0.0,1.0,-0.3624013082031088,0.0799798710142765,0.2178450252301375,-0.195533448938226,-0.342771054411986,1.3899250907014853,-0.3743262111571587,0.0,0.0,10.0,0.0,0.0604805895154762,2.0,0.0,0.0,0.0,0
1.0,0.0,0.0,0.0,0.0,0.0,0.0,1.0,0.0,0.0,0.0,0.0,0.0,1.0,0.0,0.0,1.0,0.0,0.0,1.0,0.0,0.0,1.0,0.0,0.0,0.0,-0.3830327962186762,1.304699921636452,1.4853751026750963,-0.195533448938226,-0.4215302355602545,-1.281879480182949,-0.3743262111571587,0.0,0.0,12.0,0.0,0.2859596708448945,1.0,0.0,0.0,1.0,0
1.0,0.0,0.0,0.0,0.0,0.0,0.0,0.0,0.0,0.0,1.0,0.0,1.0,0.0,0.0,0.0,1.0,0.0,0.0,1.0,0.0,0.0,0.0,1.0,0.0,0.0,0.0067376628172077,-0.5159435595862707,-0.5332474054957907,-0.195533448938226,2.0595232680373954,0.4963147781421644,0.0989054085105514,0.0,0.0,11.0,0.0,0.2887084179744588,1.0,0.0,0.0,1.0,0
1.0,0.0,0.0,0.0,0.0,0.0,0.0,0.0,0.0,1.0,0.0,0.0,0.0,1.0,0.0,0.0,1.0,0.0,0.0,1.0,0.0,0.0,0.0,0.0,1.0,0.0,-0.4032768384499138,-0.7816344553101915,-0.6531656460517724,-0.195533448938226,-0.4838606365640318,1.3808987239079569,1.518600267513682,0.0,0.0,2.0,0.0,0.4116504615586187,2.0,1.0,0.0,0.0,1
1.0,0.0,0.0,0.0,0.0,0.0,1.0,0.0,0.0,0.0,0.0,0.0,0.0,1.0,0.0,0.0,1.0,0.0,0.0,1.0,0.0,0.0,0.0,0.0,1.0,0.0,-0.4013977263959137,-1.293500872841103,-1.1804015147100315,1.5423980568157896,-0.6868149089184922,1.1552395540697444,-0.3743262111571587,1.0,0.0,20.0,0.0,0.3599490349227463,1.0,1.0,1.0,1.0,0
1.0,0.0,0.0,0.0,0.0,0.0,0.0,0.0,0.0,0.0,1.0,0.0,1.0,0.0,0.0,0.0,1.0,0.0,0.0,1.0,0.0,0.0,0.0,0.0,0.0,1.0,-0.0829754085443816,0.1625080623727302,0.1982053061326147,-0.195533448938226,-0.3189865384852612,0.3157874422715945,0.0989054085105514,0.0,0.0,14.0,0.0,0.2374398743911713,1.0,0.0,0.0,1.0,0
0.0,1.0,0.0,0.0,0.0,0.0,0.0,0.0,0.0,1.0,0.0,0.0,0.0,1.0,0.0,1.0,0.0,0.0,0.0,1.0,0.0,0.0,0.0,0.0,0.0,1.0,-0.4018239167586766,-1.4083879495426828,-1.2984210075156255,-0.195533448938226,-0.5912527157317805,-0.9569302756159233,-0.3743262111571587,0.0,0.0,6.0,0.0,0.4050585656753955,1.0,1.0,1.0,1.0,0
1.0,0.0,0.0,0.0,0.0,0.0,1.0,0.0,0.0,0.0,0.0,0.0,0.0,0.0,1.0,0.0,1.0,0.0,0.0,1.0,0.0,0.0,0.0,0.0,1.0,0.0,-0.3180193936081182,1.158327571998136,1.310487390032506,-0.195533448938226,1.0044845544758618,-0.460480101971856,-0.3743262111571587,0.0,0.0,18.0,0.0,0.2310381594162066,1.0,0.0,0.0,1.0,0
1.0,0.0,0.0,0.0,0.0,0.0,0.0,0.0,0.0,0.0,0.0,1.0,0.0,1.0,0.0,0.0,1.0,0.0,0.0,1.0,0.0,0.0,1.0,0.0,0.0,0.0,-0.3809405889832947,-1.0978610106392162,-0.9868089625874756,-0.195533448938226,-0.569439154446536,-1.5887759511629178,-0.3743262111571587,0.0,0.0,16.0,0.0,0.2915183290471522,2.0,0.0,0.0,1.0,0
1.0,0.0,0.0,0.0,0.0,0.0,0.0,0.0,0.0,1.0,0.0,0.0,0.0,1.0,0.0,0.0,1.0,0.0,0.0,1.0,0.0,0.0,0.0,0.0,0.0,1.0,-0.4009521637439343,-1.3007222657165012,-1.187996505711583,-0.195533448938226,-0.5844167464689246,0.8122376159156617,-0.3743262111571587,0.0,0.0,17.0,0.0,0.1782905076805715,1.0,1.0,1.0,1.0,0
1.0,0.0,0.0,0.0,0.0,0.0,0.0,1.0,0.0,0.0,0.0,0.0,0.0,1.0,0.0,0.0,0.0,1.0,0.0,1.0,0.0,0.0,1.0,0.0,0.0,0.0,-0.3429709021189641,0.5772273712608452,0.7220712598903765,-0.195533448938226,0.0469290911566597,-1.3270113141505917,-0.3743262111571587,0.0,0.0,19.0,0.0,0.0090316606017358,1.0,0.0,0.0,1.0,0
1.0,0.0,0.0,1.0,0.0,0.0,0.0,0.0,0.0,0.0,0.0,0.0,0.0,1.0,0.0,0.0,1.0,0.0,0.0,1.0,0.0,0.0,1.0,0.0,0.0,0.0,-0.3318318358194793,-0.9154380587146436,-0.817530527650229,-0.195533448938226,-0.5255084882287303,1.5433733261914695,-0.3743262111571587,0.0,0.0,21.0,0.0,0.1614731058958141,1.0,0.0,0.0,1.0,0
0.0,1.0,0.0,0.0,0.0,0.0,0.0,0.0,0.0,1.0,0.0,0.0,1.0,0.0,0.0,1.0,0.0,0.0,0.0,1.0,0.0,0.0,0.0,0.0,0.0,1.0,-0.3728042275123667,-1.1111201924845815,-1.0034918531271426,-0.195533448938226,-0.3834001636987043,-0.5778228702877265,0.0989054085105514,0.0,0.0,14.0,0.0,0.2692947563713633,1.0,0.0,0.0,1.0,0
1.0,0.0,0.0,0.0,0.0,0.0,1.0,0.0,0.0,0.0,0.0,0.0,1.0,0.0,0.0,0.0,1.0,0.0,0.0,1.0,0.0,0.0,0.0,0.0,1.0,0.0,-0.4057177468911921,-1.4736904769203083,-1.364137971639735,-0.195533448938226,-0.5637799365835513,-0.9749830092029802,-0.3743262111571587,0.0,0.0,22.0,0.0,0.0653897202417576,1.0,0.0,0.0,1.0,0
1.0,0.0,0.0,0.0,0.0,0.0,0.0,0.0,0.0,0.0,1.0,0.0,0.0,1.0,0.0,0.0,1.0,0.0,0.0,1.0,0.0,0.0,0.0,0.0,0.0,1.0,-0.406260170989254,-1.5103892432500152,-1.4016853460472132,0.0761970700498105,-0.6656458581172761,-0.1174781638177732,-0.3743262111571587,0.0,0.0,13.0,0.0,0.59080568402517,1.0,2.0,2.0,1.0,0
1.0,0.0,0.0,0.0,0.0,0.0,0.0,0.0,0.0,1.0,0.0,0.0,0.0,1.0,0.0,0.0,1.0,0.0,0.0,1.0,0.0,0.0,0.0,0.0,1.0,0.0,-0.3276280490594999,0.5267198927011086,0.6643768673680965,-0.195533448938226,0.1329400547832862,-1.245774013008835,-0.3743262111571587,0.0,0.0,10.0,0.0,0.1333990360376432,1.0,0.0,0.0,1.0,0
1.0,0.0,0.0,0.0,0.0,0.0,0.0,0.0,0.0,0.0,0.0,1.0,0.0,1.0,0.0,0.0,1.0,0.0,0.0,1.0,0.0,0.0,0.0,0.0,1.0,0.0,-0.276194621189705,1.1117654397898362,1.2469445645538784,-0.195533448938226,2.4687541603381784,0.8663958166768326,-0.3743262111571587,0.0,0.0,11.0,0.0,0.1580716349087068,1.0,0.0,0.0,1.0,0
1.0,0.0,0.0,1.0,0.0,0.0,0.0,0.0,0.0,0.0,0.0,0.0,1.0,0.0,0.0,0.0,1.0,0.0,1.0,0.0,0.0,0.0,0.0,1.0,0.0,0.0,4.327552421953521,1.6127680643316122,0.0400512139314187,-0.195533448938226,-0.5032707974636736,-0.7764029397453533,3.4115267461845225,0.0,0.0,4.0,0.0,0.3918340858384483,2.0,1.0,0.0,1.0,1
1.0,0.0,0.0,0.0,0.0,0.0,0.0,1.0,0.0,0.0,0.0,0.0,0.0,1.0,0.0,0.0,1.0,0.0,0.0,1.0,0.0,0.0,1.0,0.0,0.0,0.0,-0.3044200465781386,1.57091216669967,1.7298062634578455,-0.195533448938226,-0.3229825034862372,1.200371388037387,-0.3743262111571587,0.0,0.0,9.0,0.0,0.1381486151223167,2.0,0.0,0.0,1.0,0
1.0,0.0,0.0,1.0,0.0,0.0,0.0,0.0,0.0,0.0,0.0,0.0,0.0,1.0,0.0,0.0,1.0,0.0,0.0,1.0,0.0,0.0,1.0,0.0,0.0,0.0,-0.2441334825364054,0.1677286010270424,0.263864293226178,-0.1777448855112382,-0.6365472492964332,-1.5797495843693894,-0.3743262111571587,0.0,0.0,16.0,0.0,0.2062216193923824,1.0,0.0,0.0,0.0,0
1.0,0.0,0.0,0.0,0.0,0.0,1.0,0.0,0.0,0.0,0.0,0.0,0.0,1.0,0.0,0.0,1.0,0.0,0.0,1.0,0.0,0.0,0.0,0.0,1.0,0.0,-0.3111422309362625,0.7900999427049019,0.9291362244861044,1.4631108273447688,-0.6681615280710642,-0.3160582332754001,-0.3743262111571587,0.0,0.0,12.0,0.0,0.236210396538569,2.0,0.0,0.0,1.0,0
1.0,0.0,0.0,0.0,0.0,0.0,0.0,0.0,0.0,1.0,0.0,0.0,1.0,0.0,0.0,0.0,1.0,0.0,0.0,1.0,0.0,0.0,0.0,0.0,1.0,0.0,-0.2350672511830856,1.5965216916773013,1.7302048555428509,0.3998078042935921,-0.6524396303929267,1.4531096582561849,-0.3743262111571587,0.0,0.0,14.0,0.0,0.8549033066437608,1.0,0.0,0.0,0.0,0
0.0,1.0,0.0,0.0,1.0,0.0,0.0,0.0,0.0,0.0,0.0,0.0,0.0,1.0,0.0,1.0,0.0,0.0,0.0,1.0,0.0,1.0,0.0,0.0,0.0,0.0,-0.1421964966792075,0.4037166749337153,0.4684797282813292,-0.195533448938226,0.4462885777214213,-0.9659566424094516,0.5721370281782616,0.0,0.0,20.0,0.0,0.1359321032078859,1.0,0.0,0.0,1.0,0
1.0,0.0,0.0,0.0,0.0,0.0,0.0,1.0,0.0,0.0,0.0,0.0,0.0,1.0,0.0,0.0,1.0,0.0,0.0,1.0,0.0,0.0,1.0,0.0,0.0,0.0,-0.3986856059056044,-0.1279257911837745,0.0175561260794959,-0.195533448938226,-0.4679058834852129,-1.2006421790411923,-0.3743262111571587,0.0,0.0,15.0,0.0,0.2581723600772241,2.0,0.0,0.0,1.0,0
0.0,1.0,0.0,0.0,0.0,0.0,0.0,0.0,0.0,1.0,0.0,0.0,1.0,0.0,0.0,1.0,0.0,0.0,0.0,1.0,0.0,1.0,0.0,0.0,0.0,0.0,-0.1002748628147118,-0.2807234191658597,-0.251254376047927,-0.195533448938226,-0.5427065228219007,0.9386067510250606,-0.3743262111571587,0.0,0.0,10.0,0.0,0.0672360237288377,1.0,0.0,0.0,1.0,0
1.0,0.0,0.0,0.0,0.0,0.0,0.0,0.0,0.0,1.0,0.0,0.0,0.0,1.0,0.0,0.0,1.0,0.0,0.0,1.0,0.0,0.0,1.0,0.0,0.0,0.0,-0.3958959962584291,-1.1384839875363344,-1.0230011239059364,-0.195533448938226,-0.4766462772750688,1.597531526952641,-0.3743262111571587,0.0,0.0,11.0,0.0,0.099238510631555,2.0,0.0,0.0,0.0,0
1.0,0.0,0.0,0.0,0.0,1.0,0.0,0.0,0.0,0.0,0.0,0.0,1.0,0.0,0.0,0.0,1.0,0.0,0.0,1.0,0.0,0.0,0.0,0.0,1.0,0.0,-0.3249934177260565,-0.3342603601025927,-0.2222586136460123,-0.195533448938226,-0.5728155577564137,-1.0020621095835658,-0.3743262111571587,0.0,0.0,16.0,0.0,0.4433177122465759,2.0,1.0,1.0,0.0,0
1.0,0.0,0.0,0.0,0.0,0.0,0.0,0.0,0.0,0.0,1.0,0.0,1.0,0.0,0.0,0.0,1.0,0.0,0.0,1.0,0.0,0.0,0.0,0.0,0.0,1.0,-0.3401425478933558,-1.3168911404960513,-1.2273774037100844,-0.195533448938226,-0.2564232820808028,-0.1626099977854157,0.0989054085105514,0.0,0.0,13.0,0.0,0.3581711866055946,1.0,1.0,1.0,1.0,0
1.0,0.0,0.0,0.0,0.0,0.0,1.0,0.0,0.0,0.0,0.0,0.0,0.0,1.0,0.0,0.0,1.0,0.0,0.0,1.0,0.0,0.0,0.0,0.0,1.0,0.0,-0.3787127757233978,-0.0833222416285099,0.0559659088163487,0.24442711665577,-0.6582526991456472,0.7039212143933198,-0.3743262111571587,0.0,0.0,15.0,0.0,0.2798981105788387,2.0,0.0,0.0,0.0,0
1.0,0.0,0.0,0.0,0.0,0.0,0.0,1.0,0.0,0.0,0.0,0.0,0.0,1.0,0.0,0.0,1.0,0.0,0.0,1.0,0.0,0.0,1.0,0.0,0.0,0.0,-0.3758069323409235,-0.1307016241524642,0.0061418981907142,-0.1809015199398268,-0.6776670181774441,-1.191615812247664,-0.3743262111571587,0.0,0.0,20.0,0.0,0.2581723600772241,2.0,0.0,0.0,1.0,0
1.0,0.0,0.0,0.0,0.0,0.0,1.0,0.0,0.0,0.0,0.0,0.0,0.0,0.0,1.0,0.0,1.0,0.0,0.0,1.0,0.0,0.0,0.0,0.0,1.0,0.0,-0.39804632036146,-0.7656417120641875,-0.6386713884152242,-0.195533448938226,-0.5536923079754683,-1.3992222484988197,-0.3743262111571587,0.0,0.0,9.0,0.0,0.1992938771356943,1.0,0.0,0.0,1.0,0
1.0,0.0,0.0,0.0,0.0,0.0,0.0,0.0,0.0,1.0,0.0,0.0,0.0,1.0,0.0,0.0,1.0,0.0,0.0,1.0,0.0,0.0,1.0,0.0,0.0,0.0,-0.3645322600169233,1.0154214909400108,1.1808869853753103,-0.195533448938226,-0.6039599675975272,-1.480459549640576,-0.3743262111571587,0.0,0.0,10.0,0.0,0.2522418631995818,2.0,0.0,0.0,0.0,0
0.0,1.0,0.0,0.0,0.0,0.0,0.0,0.0,0.0,1.0,0.0,0.0,0.0,1.0,0.0,1.0,0.0,0.0,0.0,0.0,1.0,1.0,0.0,0.0,0.0,0.0,0.0041417760621974,-1.3586202234238405,-1.3990981210590894,-0.195533448938226,0.4684597383719975,-0.9388775420288662,2.938295126516812,0.0,0.0,1.0,0.0,0.1512320528770018,1.0,1.0,0.0,1.0,1
1.0,0.0,0.0,0.0,0.0,1.0,0.0,0.0,0.0,0.0,0.0,0.0,0.0,1.0,0.0,0.0,1.0,0.0,0.0,1.0,0.0,0.0,0.0,0.0,1.0,0.0,-0.3457217671877064,-0.7827405613408622,-0.6758346649953337,-0.1897029594642446,-0.6559574101960751,1.4079778242885423,-0.3743262111571587,0.0,0.0,11.0,0.0,0.4116504615586187,2.0,1.0,1.0,0.0,0
1.0,0.0,0.0,0.0,0.0,0.0,0.0,0.0,0.0,1.0,0.0,0.0,0.0,1.0,0.0,0.0,1.0,0.0,0.0,1.0,0.0,0.0,0.0,0.0,0.0,1.0,-0.355640379266552,-0.5959072758162903,-0.4799375259085665,-0.0862767608334284,-0.6324057496700315,1.2816086891791434,-0.3743262111571587,0.0,0.0,17.0,0.0,0.9139602211780458,1.0,0.0,0.0,0.0,0
1.0,0.0,0.0,0.0,0.0,1.0,0.0,0.0,0.0,0.0,0.0,0.0,1.0,0.0,0.0,0.0,1.0,0.0,0.0,1.0,0.0,0.0,1.0,0.0,0.0,0.0,-0.3438813997121394,-0.9498189340628812,-0.8483888021584401,-0.195533448938226,-0.3928349655584489,0.8483430830897757,-0.3743262111571587,0.0,0.0,20.0,0.0,0.2298861947029832,1.0,0.0,0.0,1.0,0
1.0,0.0,0.0,0.0,0.0,0.0,0.0,1.0,0.0,0.0,0.0,0.0,0.0,1.0,0.0,0.0,1.0,0.0,0.0,1.0,0.0,0.0,1.0,0.0,0.0,0.0,-0.1401624063114755,0.6335049188595587,0.7040911332922384,-0.195533448938226,0.1063196927268365,-1.2728531133894203,-0.3743262111571587,0.0,0.0,18.0,0.0,0.1403183288116792,2.0,0.0,0.0,1.0,0
1.0,0.0,0.0,0.0,0.0,0.0,0.0,0.0,0.0,0.0,1.0,0.0,0.0,1.0,0.0,0.0,1.0,0.0,0.0,1.0,0.0,0.0,1.0,0.0,0.0,0.0,-0.3508554238300777,0.1634521273925384,0.2993897186933577,-0.195533448938226,-0.4805757121615645,1.254529588798558,-0.3743262111571587,0.0,0.0,8.0,0.0,0.2773702540926478,2.0,0.0,0.0,0.0,0
1.0,0.0,0.0,0.0,0.0,1.0,0.0,0.0,0.0,0.0,0.0,0.0,1.0,0.0,0.0,0.0,1.0,0.0,1.0,0.0,0.0,0.0,0.0,0.0,1.0,0.0,1.5784502315298987,-0.7511637000066818,-1.363181350635723,-0.195533448938226,-0.5435963631030754,-1.5707232175758608,3.4115267461845225,0.0,0.0,3.0,0.0,0.1833070706566252,2.0,1.0,0.0,1.0,1
1.0,0.0,0.0,0.0,0.0,0.0,1.0,0.0,0.0,0.0,0.0,0.0,1.0,0.0,0.0,0.0,0.0,1.0,0.0,1.0,0.0,0.0,0.0,0.0,0.0,1.0,-0.2934165863031693,1.2199172466486057,1.36463793656265,-0.195533448938226,-0.4544252190386322,-0.5597701367006694,-0.3743262111571587,0.0,0.0,20.0,0.0,0.1331695119937279,1.0,0.0,0.0,1.0,0
0.0,1.0,0.0,0.0,0.0,0.0,0.0,0.0,0.0,0.0,0.0,1.0,1.0,0.0,0.0,1.0,0.0,0.0,0.0,1.0,0.0,0.0,1.0,0.0,0.0,0.0,-0.1998096848090643,0.8295956777873239,0.9281143793227274,-0.195533448938226,0.5022362458672399,-0.9117984416482808,-0.3743262111571587,0.0,0.0,10.0,0.0,0.1203850946285781,2.0,0.0,0.0,1.0,0
1.0,0.0,0.0,0.0,0.0,0.0,0.0,1.0,0.0,0.0,0.0,0.0,0.0,1.0,0.0,0.0,1.0,0.0,0.0,1.0,0.0,0.0,1.0,0.0,0.0,0.0,-0.3951017324005528,-0.158452908578019,-0.0151864019214664,-0.195533448938226,-0.3339308654504096,-0.3792428008300996,-0.3743262111571587,0.0,0.0,7.0,0.0,0.0942231848373984,1.0,0.0,0.0,1.0,0
1.0,0.0,0.0,1.0,0.0,0.0,0.0,0.0,0.0,0.0,0.0,0.0,0.0,0.0,1.0,0.0,1.0,0.0,0.0,1.0,0.0,0.0,0.0,0.0,0.0,1.0,-0.31292448154418,-1.017967747022615,-0.9300711910692075,-0.1902600125987014,-0.6471546444238939,-0.8666666076806383,-0.3743262111571587,0.0,0.0,15.0,0.0,0.0705769536330207,1.0,0.0,0.0,1.0,0
1.0,0.0,0.0,0.0,0.0,0.0,0.0,0.0,0.0,0.0,1.0,0.0,0.0,1.0,0.0,0.0,1.0,0.0,0.0,1.0,0.0,0.0,1.0,0.0,0.0,0.0,-0.3099605212940562,0.1512004179190577,0.2714882727430024,-0.195533448938226,-0.5887079388529072,-1.4624068160535189,-0.3743262111571587,0.0,0.0,17.0,1.0,0.2840633953278509,1.0,0.0,0.0,1.0,0
1.0,0.0,0.0,0.0,0.0,0.0,0.0,0.0,0.0,1.0,0.0,0.0,0.0,1.0,0.0,0.0,1.0,0.0,0.0,1.0,0.0,0.0,0.0,0.0,0.0,1.0,-0.3912079022680372,-0.418183513206733,-0.2838157258284325,-0.195533448938226,-0.4147150569581737,1.074002252927988,-0.3743262111571587,0.0,0.0,0.0,1.0,0.8508490158121271,2.0,0.0,0.0,0.0,0
0.0,1.0,0.0,0.0,0.0,0.0,0.0,0.0,0.0,1.0,0.0,0.0,1.0,0.0,0.0,1.0,0.0,0.0,0.0,1.0,0.0,0.0,0.0,0.0,0.0,1.0,-0.3505067226241807,-0.3897206573856511,-0.2697635430497992,-0.195533448938226,-0.2745236313516128,-1.2728531133894203,-0.3743262111571587,0.0,0.0,9.0,1.0,0.21836438169054,1.0,0.0,0.0,0.0,0
1.0,0.0,0.0,0.0,0.0,0.0,0.0,0.0,0.0,1.0,0.0,0.0,1.0,0.0,0.0,0.0,1.0,0.0,1.0,0.0,0.0,0.0,0.0,1.0,0.0,0.0,-0.3995379866311301,-0.2843024119275205,-0.1429822715029119,-0.195533448938226,-0.538581655724119,1.3086877895597289,3.4115267461845225,0.0,0.0,4.0,1.0,0.382809545836502,1.0,1.0,0.0,1.0,1
1.0,0.0,0.0,0.0,0.0,0.0,0.0,1.0,0.0,0.0,0.0,0.0,0.0,1.0,0.0,0.0,0.0,1.0,0.0,1.0,0.0,0.0,1.0,0.0,0.0,0.0,-0.3623238190462428,0.2605569644672838,0.4035671954560479,1.082457852132609,-0.6257402638255315,0.5685257124903923,-0.3743262111571587,0.0,0.0,19.0,1.0,0.1460481267813674,1.0,0.0,0.0,1.0,0
1.0,0.0,0.0,0.0,0.0,1.0,0.0,0.0,0.0,0.0,0.0,0.0,1.0,0.0,0.0,0.0,1.0,0.0,0.0,1.0,0.0,0.0,0.0,0.0,0.0,1.0,-0.3041682068183242,-0.6113363981549461,-0.5150643592907411,-0.195533448938226,-0.6125423523654923,0.2616292415104235,-0.3743262111571587,0.0,0.0,11.0,1.0,0.1542332136949342,1.0,0.0,0.0,0.0,0
1.0,0.0,0.0,0.0,0.0,0.0,1.0,0.0,0.0,0.0,0.0,0.0,0.0,1.0,0.0,0.0,1.0,0.0,0.0,1.0,0.0,0.0,0.0,1.0,0.0,0.0,-0.3000612815044272,1.242588897646685,1.390444962284524,-0.195533448938226,-0.5219200201789465,-1.4714331828470475,-0.3743262111571587,0.0,0.0,18.0,1.0,0.0731838801931464,2.0,0.0,0.0,1.0,0
1.0,0.0,0.0,1.0,0.0,0.0,0.0,0.0,0.0,0.0,0.0,0.0,0.0,0.0,1.0,0.0,1.0,0.0,0.0,1.0,0.0,0.0,0.0,0.0,1.0,0.0,-0.2653461392284677,-0.5315558587198147,-0.4475211187044264,-0.195533448938226,-0.4238338407741366,0.8212639827091902,-0.3743262111571587,0.0,0.0,13.0,1.0,0.2754263913495592,2.0,0.0,0.0,0.0,0
0.0,1.0,0.0,0.0,0.0,0.0,0.0,0.0,0.0,1.0,0.0,0.0,1.0,0.0,0.0,1.0,0.0,0.0,0.0,1.0,0.0,1.0,0.0,0.0,0.0,0.0,-0.140298012335991,0.498102041130506,0.5648592944355564,-0.0446834601273193,-0.6597787336465403,-1.2186949126282496,-0.3743262111571587,0.0,0.0,10.0,1.0,0.1333990360376432,1.0,0.0,0.0,1.0,0
1.0,0.0,0.0,0.0,0.0,0.0,0.0,1.0,0.0,0.0,0.0,0.0,0.0,1.0,0.0,0.0,1.0,0.0,0.0,1.0,0.0,0.0,1.0,0.0,0.0,0.0,-0.4054077902637282,-1.4617910305139203,-1.3520135251267626,-0.195533448938226,-0.5492846878911452,-0.7132183721906539,-0.3743262111571587,0.0,0.0,12.0,1.0,0.2041750373915655,2.0,0.0,0.0,0.0,0
1.0,0.0,0.0,0.0,0.0,0.0,0.0,1.0,0.0,0.0,0.0,0.0,0.0,1.0,0.0,0.0,0.0,1.0,0.0,1.0,0.0,0.0,1.0,0.0,0.0,0.0,-0.3748964347477482,-0.0890429938380936,0.0486535558387102,-0.195533448938226,1.5909849368095357,0.0720755388463251,-0.3743262111571587,0.0,0.0,13.0,1.0,0.14750409601757,2.0,0.0,0.0,1.0,0
1.0,0.0,0.0,0.0,0.0,0.0,0.0,0.0,0.0,0.0,1.0,0.0,1.0,0.0,0.0,0.0,1.0,0.0,0.0,1.0,0.0,0.0,0.0,0.0,0.0,1.0,-0.3562796648106963,-1.3718441789624964,-1.2778681501870002,-0.195533448938226,-0.5618089819420709,-1.263826746595892,0.0989054085105514,0.0,0.0,16.0,1.0,0.2349139933106467,1.0,0.0,0.0,0.0,0
1.0,0.0,0.0,1.0,0.0,0.0,0.0,0.0,0.0,0.0,0.0,0.0,1.0,0.0,0.0,0.0,1.0,0.0,1.0,0.0,0.0,0.0,0.0,1.0,0.0,0.0,1.6559006438174466,-0.2919606110061134,-0.919794762404895,-0.195533448938226,-0.5645242422393001,1.1552395540697444,3.4115267461845225,0.0,0.0,2.0,1.0,0.2685838264149248,1.0,1.0,0.0,0.0,1
1.0,0.0,0.0,0.0,0.0,0.0,0.0,0.0,0.0,0.0,1.0,0.0,1.0,0.0,0.0,0.0,1.0,0.0,0.0,1.0,0.0,0.0,0.0,0.0,0.0,1.0,0.1548581861665303,-0.5897567626648536,-0.6645871210693723,-0.195533448938226,-0.249612261610877,-0.478532835558913,0.0989054085105514,0.0,0.0,21.0,1.0,0.8035206888347924,1.0,0.0,0.0,0.0,0
1.0,0.0,0.0,0.0,0.0,1.0,0.0,0.0,0.0,0.0,0.0,0.0,1.0,0.0,0.0,0.0,1.0,0.0,0.0,1.0,0.0,0.0,0.0,0.0,1.0,0.0,-0.3377403840305104,-0.8047781388181751,-0.7014895010120241,-0.1345546991530194,-0.6767647034998043,1.4170041910820708,-0.3743262111571587,0.0,0.0,19.0,1.0,0.4116504615586187,2.0,1.0,1.0,0.0,0
1.0,0.0,0.0,0.0,0.0,0.0,0.0,1.0,0.0,0.0,0.0,0.0,0.0,1.0,0.0,0.0,1.0,0.0,0.0,1.0,0.0,0.0,1.0,0.0,0.0,0.0,-0.3581200322862634,-0.7207633973165906,-0.607443510337281,-0.195533448938226,-0.5581581419099617,-0.4334010015912705,-0.3743262111571587,0.0,0.0,10.0,1.0,0.0421068848849939,1.0,0.0,0.0,1.0,0
1.0,0.0,0.0,0.0,0.0,0.0,0.0,0.0,0.0,1.0,0.0,0.0,0.0,1.0,0.0,0.0,1.0,0.0,0.0,1.0,0.0,0.0,1.0,0.0,0.0,0.0,-0.3675930817131295,-0.5786111592220438,-0.4576743461788284,0.2641839344911718,-0.6411835666492827,0.5504729789033354,-0.3743262111571587,0.0,0.0,11.0,1.0,1.0,1.0,1.0,1.0,0.0,0
1.0,0.0,0.0,0.0,0.0,0.0,1.0,0.0,0.0,0.0,0.0,0.0,0.0,0.0,1.0,0.0,1.0,0.0,0.0,1.0,0.0,0.0,0.0,0.0,1.0,0.0,-0.3797201347626556,-0.3081717573537147,-0.1749493567203189,-0.195533448938226,-0.2916842427553878,-0.2257945653401151,-0.3743262111571587,0.0,0.0,14.0,1.0,0.233086853362004,1.0,0.0,0.0,1.0,0
0.0,1.0,0.0,0.0,0.0,0.0,0.0,0.0,0.0,0.0,0.0,1.0,1.0,0.0,0.0,1.0,0.0,0.0,0.0,1.0,0.0,0.0,0.0,0.0,0.0,1.0,-0.170576900381373,1.91188872512262,2.03048239099922,-0.195533448938226,0.8509995803696957,-0.5958756038747834,-0.3743262111571587,0.0,0.0,9.0,1.0,0.2198923259224884,2.0,0.0,0.0,0.0,0
1.0,0.0,0.0,0.0,0.0,0.0,0.0,0.0,0.0,1.0,0.0,0.0,0.0,1.0,0.0,0.0,1.0,0.0,0.0,1.0,0.0,0.0,0.0,0.0,1.0,0.0,-0.1921576305685487,1.2641755783981194,1.3722836574659294,-0.195533448938226,2.299131475338373,0.7129475811868482,-0.3743262111571587,0.0,0.0,12.0,1.0,0.1221794082225092,1.0,0.0,0.0,1.0,0
1.0,0.0,0.0,0.0,0.0,0.0,1.0,0.0,0.0,0.0,0.0,0.0,0.0,1.0,0.0,0.0,1.0,0.0,0.0,1.0,0.0,0.0,0.0,0.0,1.0,0.0,-0.3236373574809018,1.215845085593015,1.3717546170621953,-0.195533448938226,-0.5922672999776057,-0.5236646695265554,-0.3743262111571587,0.0,0.0,15.0,1.0,0.0284093041313212,1.0,0.0,0.0,0.0,0
1.0,0.0,0.0,1.0,0.0,0.0,0.0,0.0,0.0,0.0,0.0,0.0,0.0,1.0,0.0,0.0,1.0,0.0,0.0,1.0,0.0,0.0,1.0,0.0,0.0,0.0,-0.3050593321222829,-0.5731722174661341,-0.4754732945565096,-0.195533448938226,-0.4423042638067436,0.4872884113486359,-0.3743262111571587,0.0,0.0,17.0,1.0,0.9010685014463417,2.0,0.0,0.0,0.0,0
1.0,0.0,0.0,0.0,0.0,0.0,0.0,1.0,0.0,0.0,0.0,0.0,0.0,1.0,0.0,0.0,1.0,0.0,0.0,1.0,0.0,0.0,1.0,0.0,0.0,0.0,-0.3789064986155627,-0.0933617390406489,0.0457112215384909,0.0509068577454709,-0.6627060586836756,0.7310003147739053,-0.3743262111571587,0.0,0.0,8.0,1.0,0.2798981105788387,2.0,0.0,0.0,0.0,0
1.0,0.0,0.0,0.0,0.0,0.0,0.0,0.0,0.0,1.0,0.0,0.0,0.0,1.0,0.0,0.0,1.0,0.0,0.0,1.0,0.0,0.0,0.0,0.0,0.0,1.0,-0.3280348671330463,1.329781052013445,1.4906002825530722,-0.195533448938226,-0.5318330072365186,1.4079778242885423,-0.3743262111571587,0.0,0.0,16.0,1.0,0.2007693899522658,1.0,0.0,0.0,1.0,0
0.0,1.0,0.0,0.0,1.0,0.0,0.0,0.0,0.0,0.0,0.0,0.0,0.0,1.0,0.0,1.0,0.0,0.0,1.0,0.0,0.0,1.0,0.0,0.0,0.0,0.0,6.216060036223558,1.2039456391866272,-1.086971529984842,0.0081623138948176,-0.6869396528831428,-1.4624068160535189,3.8847583658522327,1.0,0.0,1.0,1.0,0.1878206562317757,2.0,1.0,0.0,1.0,1
1.0,0.0,0.0,0.0,0.0,0.0,0.0,1.0,0.0,0.0,0.0,0.0,0.0,1.0,0.0,0.0,1.0,0.0,0.0,1.0,0.0,0.0,1.0,0.0,0.0,0.0,-0.3397163575305929,-0.5083276320757287,-0.3958056074572223,-0.195533448938226,-0.567726003998667,-1.245774013008835,-0.3743262111571587,0.0,0.0,20.0,1.0,0.1145227202231968,2.0,0.0,0.0,0.0,0
1.0,0.0,0.0,0.0,0.0,1.0,0.0,0.0,0.0,0.0,0.0,0.0,0.0,1.0,0.0,0.0,1.0,0.0,0.0,1.0,0.0,0.0,0.0,0.0,1.0,0.0,-0.3714675395564286,-0.1088331329473558,0.0270136291873436,8.879344890746559,-0.6467388312083917,-0.7402974725712393,-0.3743262111571587,0.0,0.0,11.0,1.0,0.3918340858384483,2.0,1.0,1.0,1.0,0
1.0,0.0,0.0,0.0,0.0,0.0,1.0,0.0,0.0,0.0,0.0,0.0,1.0,0.0,0.0,0.0,1.0,0.0,0.0,1.0,0.0,0.0,0.0,0.0,0.0,1.0,-0.3849312805618928,0.4271844404634241,0.5834264384679746,-0.195533448938226,-0.3330243926406149,0.7490530483609622,-0.3743262111571587,0.0,0.0,7.0,1.0,0.1657749574930738,2.0,0.0,0.0,1.0,0
1.0,0.0,0.0,0.0,0.0,0.0,0.0,0.0,0.0,0.0,1.0,0.0,0.0,1.0,0.0,0.0,1.0,0.0,0.0,1.0,0.0,0.0,0.0,0.0,0.0,1.0,-0.379933229944037,0.4013565123841949,0.5549887049850671,0.1348733335459288,-0.6770599308828109,-1.209668545834721,-0.3743262111571587,0.0,0.0,17.0,1.0,0.1333990360376432,1.0,0.0,0.0,1.0,0
1.0,0.0,0.0,0.0,0.0,0.0,0.0,0.0,0.0,0.0,0.0,1.0,0.0,1.0,0.0,0.0,0.0,1.0,0.0,1.0,0.0,0.0,0.0,0.0,0.0,1.0,-0.3348732852264691,0.6477222562474159,0.7915567309999886,-0.195533448938226,-0.5033331694459989,-0.3972955344171565,-0.3743262111571587,0.0,0.0,10.0,0.0,0.0288536928527474,1.0,0.0,0.0,0.0,0
1.0,0.0,0.0,0.0,0.0,0.0,0.0,0.0,0.0,1.0,0.0,0.0,0.0,1.0,0.0,0.0,1.0,0.0,0.0,1.0,0.0,0.0,0.0,0.0,0.0,1.0,-0.3561634310753973,1.5230043895750769,1.6998828685671918,-0.195533448938226,-0.6076565470833416,-1.2909058469764776,-0.3743262111571587,0.0,0.0,18.0,0.0,0.9838834512611874,1.0,0.0,0.0,1.0,0
1.0,0.0,0.0,0.0,0.0,0.0,0.0,1.0,0.0,0.0,0.0,0.0,0.0,1.0,0.0,0.0,1.0,0.0,0.0,1.0,0.0,0.0,1.0,0.0,0.0,0.0,-0.3917503263660991,-0.193763758423381,-0.0527627648442176,-0.195533448938226,-0.268660665013032,0.288708341891009,-0.3743262111571587,0.0,0.0,21.0,0.0,0.0135431276824813,1.0,0.0,0.0,1.0,0
1.0,0.0,0.0,0.0,0.0,0.0,0.0,0.0,0.0,1.0,0.0,0.0,0.0,1.0,0.0,0.0,1.0,0.0,0.0,1.0,0.0,0.0,0.0,0.0,0.0,1.0,-0.3831296576647587,-0.9550958348079284,-0.8391342186575041,-0.195533448938226,-0.5028050866623112,-0.5417174031136125,-0.3743262111571587,0.0,0.0,14.0,0.0,0.1467355344217469,1.0,0.0,0.0,1.0,0
0.0,1.0,0.0,0.0,0.0,0.0,0.0,0.0,0.0,0.0,0.0,1.0,1.0,0.0,0.0,1.0,0.0,0.0,0.0,1.0,0.0,0.0,1.0,0.0,0.0,0.0,-0.2995188574063653,-0.5926946366444058,-0.4976277673539734,0.0714435499691123,-0.6700867432588393,0.5685257124903923,-0.3743262111571587,0.0,0.0,10.0,0.0,1.0,1.0,1.0,1.0,0.0,0
1.0,0.0,0.0,0.0,0.0,0.0,0.0,1.0,0.0,0.0,0.0,0.0,0.0,1.0,0.0,0.0,1.0,0.0,0.0,1.0,0.0,0.0,1.0,0.0,0.0,0.0,-0.4031799770038313,-0.945014065827738,-0.8212627989916403,-0.195533448938226,-0.5215125232277543,1.6155842605396975,-0.3743262111571587,0.0,0.0,9.0,0.0,0.3823419432931173,2.0,1.0,1.0,1.0,0
1.0,0.0,0.0,1.0,0.0,0.0,0.0,0.0,0.0,0.0,0.0,0.0,0.0,1.0,0.0,0.0,1.0,0.0,0.0,1.0,0.0,0.0,1.0,0.0,0.0,0.0,-0.335260731010799,-0.2867682533971686,-0.1695647400083414,-0.1825355424675668,-0.6663236336585446,1.326740523146786,-0.3743262111571587,0.0,0.0,13.0,0.0,0.382809545836502,1.0,1.0,1.0,1.0,0
1.0,0.0,0.0,0.0,0.0,0.0,0.0,0.0,0.0,1.0,0.0,0.0,0.0,0.0,1.0,0.0,1.0,0.0,0.0,1.0,0.0,0.0,1.0,0.0,0.0,0.0,-0.2747029549200349,1.1419191583329626,1.2774042469770848,-0.195533448938226,-0.570395524842191,1.5072678590173558,-0.3743262111571587,0.0,0.0,11.0,0.0,0.1360641285530219,2.0,0.0,0.0,1.0,0
1.0,0.0,0.0,0.0,0.0,0.0,0.0,0.0,0.0,0.0,1.0,0.0,0.0,1.0,0.0,0.0,1.0,0.0,0.0,1.0,0.0,0.0,1.0,0.0,0.0,0.0,-0.3517271768448199,0.9643856177796352,1.1235984320668533,-0.195533448938226,-0.3319765433375494,-0.1626099977854157,-0.3743262111571587,0.0,0.0,9.0,0.0,0.0850750501129931,2.0,0.0,0.0,1.0,0
1.0,0.0,0.0,0.0,0.0,0.0,0.0,1.0,0.0,0.0,0.0,0.0,0.0,1.0,0.0,0.0,1.0,0.0,0.0,1.0,0.0,0.0,1.0,0.0,0.0,0.0,-0.3592823696392531,1.9039416703290115,2.0929019115110146,-0.195533448938226,2.816810612374281,1.18231865445033,-0.3743262111571587,0.0,0.0,9.0,0.0,0.1198936683161768,2.0,0.0,0.0,1.0,0
1.0,0.0,0.0,1.0,0.0,0.0,0.0,0.0,0.0,0.0,0.0,0.0,1.0,0.0,0.0,0.0,1.0,0.0,0.0,1.0,0.0,0.0,1.0,0.0,0.0,0.0,-0.3171282683041594,1.185775910185991,1.3383888359828613,-0.0370332637474456,-0.6778957154459704,-0.514638302733027,-0.3743262111571587,0.0,0.0,20.0,0.0,0.0284093041313212,1.0,0.0,0.0,0.0,0
1.0,0.0,0.0,0.0,0.0,0.0,1.0,0.0,0.0,0.0,0.0,0.0,0.0,1.0,0.0,0.0,1.0,0.0,0.0,1.0,0.0,0.0,0.0,0.0,0.0,1.0,-0.3658495756836449,-0.0453764640412953,0.090186851096239,-0.195533448938226,-0.3069362715000079,1.624610627333226,-0.3743262111571587,0.0,0.0,14.0,0.0,0.0974914148822994,1.0,0.0,0.0,1.0,0
1.0,0.0,0.0,0.0,0.0,0.0,0.0,1.0,0.0,0.0,0.0,0.0,0.0,1.0,0.0,0.0,1.0,0.0,0.0,1.0,0.0,0.0,1.0,0.0,0.0,0.0,-0.3880502191257485,0.1432815441708162,0.2925556762177254,-0.0892105740082344,-0.6481068566873939,1.2906350559726718,-0.3743262111571587,0.0,0.0,12.0,0.0,0.2773702540926478,2.0,0.0,0.0,0.0,0
1.0,0.0,0.0,0.0,0.0,1.0,0.0,0.0,0.0,0.0,0.0,0.0,1.0,0.0,0.0,0.0,1.0,0.0,0.0,1.0,0.0,0.0,1.0,0.0,0.0,0.0,-0.2720683235865916,0.3604446797720605,0.4725526146771992,-0.195533448938226,3.141643896324586,1.4711623918432415,-0.3743262111571587,0.0,0.0,22.0,0.0,0.120194017650164,2.0,0.0,0.0,1.0,0
1.0,0.0,0.0,0.0,0.0,0.0,0.0,1.0,0.0,0.0,0.0,0.0,0.0,1.0,0.0,0.0,1.0,0.0,0.0,1.0,0.0,0.0,1.0,0.0,0.0,0.0,-0.3600960057863459,-1.3196387924193735,-1.222739241266389,-0.195533448938226,-0.5584242623678832,0.1352601064010246,-0.3743262111571587,0.0,0.0,14.0,0.0,0.3658759447175774,1.0,1.0,1.0,1.0,0
1.0,0.0,0.0,0.0,0.0,0.0,1.0,0.0,0.0,0.0,0.0,0.0,1.0,0.0,0.0,0.0,1.0,0.0,0.0,1.0,0.0,0.0,0.0,0.0,0.0,1.0,-0.3692397262965316,1.1788574635482922,1.3507669320044735,0.0209002622360635,-0.658003211216346,-0.5236646695265554,-0.3743262111571587,0.0,0.0,0.0,0.0,0.1331695119937279,1.0,0.0,0.0,1.0,0
1.0,0.0,0.0,0.0,0.0,1.0,0.0,0.0,0.0,0.0,0.0,0.0,1.0,0.0,0.0,0.0,1.0,0.0,0.0,0.0,1.0,0.0,0.0,1.0,0.0,0.0,3.100453506113064,-0.1311877471850521,-1.2948191844929433,-0.195533448938226,-0.3434779368783398,0.0269437048786826,2.938295126516812,0.0,0.0,3.0,0.0,0.2588366035144872,2.0,1.0,0.0,1.0,1
1.0,0.0,0.0,0.0,0.0,0.0,0.0,1.0,0.0,0.0,0.0,0.0,0.0,1.0,0.0,0.0,0.0,1.0,0.0,1.0,0.0,0.0,1.0,0.0,0.0,0.0,-0.3505648394918302,1.0170207652646113,1.1773069037390829,-0.195533448938226,-0.4316386548291125,-1.317984947357063,-0.3743262111571587,0.0,0.0,8.0,0.0,0.0814657731970158,2.0,0.0,0.0,0.0,0
1.0,0.0,0.0,1.0,0.0,0.0,0.0,0.0,0.0,0.0,0.0,0.0,0.0,1.0,0.0,0.0,1.0,0.0,0.0,1.0,0.0,0.0,1.0,0.0,0.0,0.0,-0.4054465348421612,-1.5104103790340409,-1.4020114668440355,-0.1954220383113346,-0.6282767244400949,-0.0633199630566022,-0.3743262111571587,0.0,0.0,17.0,0.0,0.59080568402517,1.0,2.0,2.0,1.0,0
1.0,0.0,0.0,0.0,0.0,0.0,0.0,0.0,0.0,0.0,0.0,1.0,1.0,0.0,0.0,1.0,0.0,0.0,0.0,1.0,0.0,0.0,1.0,0.0,0.0,0.0,-0.146477772596053,-0.7299081465383144,-0.6960251658830454,-0.195533448938226,-0.4899065607174335,1.3177141563532573,-0.3743262111571587,0.0,0.0,11.0,0.0,0.2297099168724586,2.0,0.0,0.0,1.0,0
1.0,0.0,0.0,0.0,0.0,0.0,0.0,0.0,0.0,0.0,1.0,0.0,1.0,0.0,0.0,0.0,1.0,0.0,0.0,1.0,0.0,0.0,0.0,0.0,0.0,1.0,0.3005378010745744,-0.9461553981651182,-1.0856960353128258,-0.1895172750860923,-0.6750307623911602,1.624610627333226,0.0989054085105514,0.0,0.0,20.0,0.0,0.3823419432931173,2.0,1.0,1.0,1.0,0
1.0,0.0,0.0,0.0,0.0,1.0,0.0,0.0,0.0,0.0,0.0,0.0,1.0,0.0,0.0,0.0,1.0,0.0,0.0,1.0,0.0,0.0,0.0,0.0,1.0,0.0,-0.3996542203664291,-1.448158449817437,-1.3401427281224296,-0.195533448938226,-0.4246072533549707,0.5775520792839208,-0.3743262111571587,0.0,0.0,15.0,0.0,1.0,1.0,1.0,1.0,0.0,0
1.0,0.0,0.0,0.0,0.0,0.0,0.0,0.0,0.0,1.0,0.0,0.0,0.0,1.0,0.0,1.0,0.0,0.0,0.0,1.0,0.0,0.0,1.0,0.0,0.0,0.0,-0.3591855081931706,-0.6602516476514241,-0.5447993288321197,-0.195533448938226,-0.4608329006895208,-0.2438472989271721,-0.3743262111571587,0.0,0.0,6.0,0.0,0.1629868474246943,2.0,0.0,0.0,1.0,0
1.0,0.0,0.0,0.0,0.0,0.0,1.0,0.0,0.0,0.0,0.0,0.0,1.0,0.0,0.0,0.0,1.0,0.0,0.0,1.0,0.0,0.0,0.0,0.0,1.0,0.0,-0.3511653804575416,-0.715176505072502,-0.6042982564301501,-0.195533448938226,-0.5802627724460578,0.4963147781421644,-0.3743262111571587,0.0,0.0,21.0,0.0,0.1846148198564568,1.0,0.0,0.0,0.0,0
1.0,0.0,0.0,0.0,1.0,0.0,0.0,0.0,0.0,0.0,0.0,0.0,0.0,1.0,0.0,0.0,0.0,1.0,0.0,1.0,0.0,1.0,0.0,0.0,0.0,0.0,-0.2369269909478692,-0.2853380653447727,-0.2048799987397911,-0.195533448938226,-0.4881850940052544,1.0830286197215164,0.0989054085105514,0.0,0.0,18.0,0.0,0.2967251112188257,2.0,0.0,0.0,1.0,0
1.0,0.0,0.0,0.0,0.0,0.0,0.0,1.0,0.0,0.0,0.0,0.0,0.0,1.0,0.0,0.0,1.0,0.0,0.0,1.0,0.0,0.0,1.0,0.0,0.0,0.0,-0.3620138624187789,-1.302624486278801,-1.204519959417248,-0.195533448938226,-0.586774407400822,0.3970247434133509,-0.3743262111571587,0.0,0.0,19.0,0.0,0.2391132747165187,2.0,1.0,1.0,1.0,0
1.0,0.0,0.0,0.0,0.0,0.0,0.0,0.0,0.0,0.0,1.0,0.0,0.0,1.0,0.0,0.0,0.0,1.0,0.0,1.0,0.0,0.0,0.0,0.0,0.0,1.0,-0.3424091057316857,0.4194064719420196,0.5595181604964885,-0.154534338242204,-0.6534167914493568,0.7761321487415477,-0.3743262111571587,0.0,0.0,22.0,0.0,0.1657749574930738,2.0,0.0,0.0,1.0,0
1.0,0.0,0.0,0.0,0.0,0.0,0.0,0.0,0.0,1.0,0.0,0.0,1.0,0.0,0.0,0.0,1.0,0.0,0.0,1.0,0.0,0.0,0.0,0.0,0.0,1.0,-0.3994798697634807,0.5541893666729892,0.7195130234175259,-0.0740958656266393,-0.6276488464846866,-1.263826746595892,1.518600267513682,0.0,0.0,1.0,0.0,0.110837992722083,1.0,1.0,0.0,1.0,1
1.0,0.0,0.0,0.0,0.0,0.0,0.0,0.0,0.0,0.0,0.0,1.0,0.0,1.0,0.0,1.0,0.0,0.0,0.0,1.0,0.0,0.0,0.0,0.0,0.0,1.0,-0.2075392282064459,-0.3126102719990816,-0.2439275288126519,-0.1209254657966426,-0.6711595413548349,1.3447932567338428,-0.3743262111571587,0.0,0.0,10.0,0.0,0.382809545836502,1.0,1.0,1.0,1.0,0
1.0,0.0,0.0,0.0,0.0,0.0,0.0,0.0,0.0,1.0,0.0,0.0,0.0,1.0,0.0,0.0,1.0,0.0,0.0,1.0,0.0,0.0,1.0,0.0,0.0,0.0,-0.1334789665317846,-0.808681213601561,-0.7819181366372302,-0.195533448938226,-0.5897433137595076,-0.0001353955019028,-0.3743262111571587,0.0,0.0,13.0,0.0,0.2126393775894897,1.0,0.0,0.0,1.0,0
1.0,0.0,0.0,0.0,0.0,0.0,0.0,0.0,1.0,0.0,0.0,0.0,0.0,1.0,0.0,0.0,0.0,1.0,0.0,1.0,0.0,1.0,0.0,0.0,0.0,0.0,-0.3868685094835423,-0.1033307838393693,0.0384351042049436,-0.1429847699211327,-0.6450339970248329,0.7671057819480193,0.0989054085105514,0.0,0.0,19.0,0.0,0.2798981105788387,2.0,0.0,0.0,0.0,0
1.0,0.0,0.0,1.0,0.0,0.0,0.0,0.0,0.0,0.0,0.0,0.0,0.0,0.0,1.0,0.0,1.0,0.0,0.0,1.0,0.0,0.0,0.0,0.0,1.0,0.0,-0.373830958840841,-1.4100224501739922,-1.3105744425438712,-0.195533448938226,-0.6057479644241865,-0.8847193412676952,-0.3743262111571587,0.0,0.0,16.0,0.0,0.4050585656753955,1.0,1.0,1.0,1.0,0
1.0,0.0,0.0,0.0,0.0,0.0,1.0,0.0,0.0,0.0,0.0,0.0,0.0,1.0,0.0,0.0,1.0,0.0,0.0,1.0,0.0,0.0,0.0,0.0,1.0,0.0,-0.3778022781302225,-1.0461699281740484,-0.9348108133163588,-0.195533448938226,-0.5994483942093285,0.8032112491221332,-0.3743262111571587,0.0,0.0,18.0,0.0,0.2179713657704712,1.0,1.0,1.0,1.0,0
1.0,0.0,0.0,0.0,0.0,0.0,0.0,0.0,0.0,0.0,1.0,0.0,0.0,1.0,0.0,0.0,1.0,0.0,0.0,1.0,0.0,0.0,1.0,0.0,0.0,0.0,-0.3628081262766552,-1.1219135328602987,-1.0183339729469678,-0.195533448938226,-0.5813646774671386,1.3899250907014853,-0.3743262111571587,0.0,0.0,7.0,0.0,0.2122951936048218,1.0,0.0,0.0,0.0,0
1.0,0.0,0.0,0.0,0.0,0.0,0.0,0.0,0.0,1.0,0.0,0.0,1.0,0.0,0.0,0.0,1.0,0.0,0.0,1.0,0.0,0.0,0.0,0.0,0.0,1.0,-0.3967096324055219,-1.4008354293842171,-1.29256532743046,-0.195533448938226,-0.5841922073325535,-0.4514537351783275,-0.3743262111571587,0.0,0.0,14.0,0.0,0.1179749565353476,1.0,0.0,0.0,0.0,0
1.0,0.0,0.0,1.0,0.0,0.0,0.0,0.0,0.0,0.0,0.0,0.0,0.0,1.0,0.0,0.0,1.0,0.0,0.0,1.0,0.0,0.0,0.0,0.0,1.0,0.0,0.6425749394810143,1.5342415814153303,1.3378163128062175,-0.195533448938226,-0.5996937240064748,1.5343469593979413,-0.3743262111571587,0.0,0.0,15.0,0.0,0.8549033066437608,1.0,0.0,0.0,0.0,0
1.0,0.0,0.0,0.0,0.0,0.0,0.0,0.0,0.0,1.0,0.0,0.0,0.0,1.0,0.0,0.0,1.0,0.0,0.0,1.0,0.0,0.0,1.0,0.0,0.0,0.0,-0.2433585909677456,-0.5297100002482493,-0.4538478621627797,-0.195533448938226,-0.5895769884733066,0.8122376159156617,-0.3743262111571587,0.0,0.0,12.0,0.0,0.2235876840982851,2.0,0.0,0.0,1.0,0
1.0,0.0,0.0,0.0,0.0,1.0,0.0,0.0,0.0,0.0,0.0,0.0,0.0,1.0,0.0,0.0,1.0,0.0,0.0,1.0,0.0,0.0,0.0,0.0,1.0,0.0,-0.3829359347725938,-1.2936840496359912,-1.187496453823122,-0.195533448938226,-0.5508356711849683,-0.568796503494198,-0.3743262111571587,0.0,0.0,13.0,0.0,0.0345872785453475,1.0,0.0,0.0,1.0,0
1.0,0.0,0.0,1.0,0.0,0.0,0.0,0.0,0.0,0.0,0.0,0.0,0.0,1.0,0.0,0.0,1.0,0.0,0.0,0.0,1.0,0.0,0.0,1.0,0.0,0.0,0.1530371909801798,-1.204462860002778,-1.2962251274836885,6.253879194300307,-0.6283266220259551,-1.408248615292348,3.4115267461845225,0.0,0.0,4.0,1.0,0.3253847874781308,2.0,2.0,1.0,1.0,1
0.0,0.0,1.0,0.0,0.0,0.0,0.0,0.0,0.0,1.0,0.0,0.0,0.0,1.0,0.0,1.0,0.0,0.0,0.0,1.0,0.0,1.0,0.0,0.0,0.0,0.0,-0.2004295980639922,-0.7686500386571583,-0.7156938734958413,-0.195533448938226,-0.6071700456212041,-1.3270113141505917,0.0989054085105514,0.0,0.0,16.0,1.0,0.1992938771356943,1.0,0.0,0.0,1.0,0
1.0,0.0,0.0,0.0,0.0,0.0,0.0,1.0,0.0,0.0,0.0,0.0,0.0,1.0,0.0,0.0,0.0,1.0,0.0,1.0,0.0,0.0,0.0,0.0,0.0,1.0,-0.4054077902637282,-1.5042316848372368,-1.3956702291280458,-0.195533448938226,-0.4711367521696649,-0.7854293065388818,-0.3743262111571587,0.0,0.0,12.0,1.0,0.411993964975517,1.0,1.0,1.0,1.0,0
1.0,0.0,0.0,0.0,0.0,0.0,0.0,0.0,0.0,0.0,1.0,0.0,1.0,0.0,0.0,0.0,1.0,0.0,0.0,1.0,0.0,0.0,0.0,0.0,0.0,1.0,1.997957154513103,1.6053634946613258,0.9039307104561468,-0.195533448938226,-0.4850748111532981,0.2977347086845375,0.0989054085105514,0.0,0.0,22.0,1.0,0.1108084554640649,1.0,1.0,1.0,0.0,0
1.0,0.0,0.0,0.0,0.0,0.0,0.0,0.0,0.0,0.0,0.0,1.0,1.0,0.0,0.0,1.0,0.0,0.0,0.0,1.0,0.0,0.0,1.0,0.0,0.0,0.0,-0.2828780609693959,-0.876111409904426,-0.7953905491104017,-0.195533448938226,-0.5266103932498112,1.3628459903208998,-0.3743262111571587,0.0,0.0,9.0,1.0,0.2695091823757683,2.0,0.0,0.0,1.0,0
1.0,0.0,0.0,1.0,0.0,0.0,0.0,0.0,0.0,0.0,0.0,0.0,1.0,0.0,0.0,0.0,1.0,0.0,0.0,1.0,0.0,0.0,0.0,1.0,0.0,0.0,1.2404619015697065,0.1937115248557924,-0.264792012680463,-0.195533448938226,-0.4773198946841824,-0.0272144958824882,0.5721370281782616,0.0,0.0,19.0,1.0,0.2995135981009242,2.0,0.0,0.0,0.0,0
1.0,0.0,0.0,0.0,0.0,0.0,1.0,0.0,0.0,0.0,0.0,0.0,0.0,1.0,0.0,0.0,1.0,0.0,0.0,1.0,0.0,0.0,0.0,0.0,0.0,1.0,-0.3889607167189238,-0.886348174634137,-0.7662353498744849,-0.195533448938226,-0.3453657288767197,-0.2348209321336436,-0.3743262111571587,0.0,0.0,0.0,1.0,0.0603691501968914,2.0,0.0,0.0,1.0,0
1.0,0.0,0.0,0.0,0.0,1.0,0.0,0.0,0.0,0.0,0.0,0.0,0.0,0.0,1.0,0.0,1.0,0.0,0.0,1.0,0.0,0.0,0.0,0.0,1.0,0.0,-0.2223396571678483,-0.6810351686098873,-0.6173720768183165,-0.195533448938226,-0.4382459268234422,0.4782620445551074,-0.3743262111571587,0.0,0.0,14.0,1.0,0.1790823071928497,2.0,0.0,0.0,1.0,0
1.0,0.0,0.0,0.0,0.0,0.0,1.0,0.0,0.0,0.0,0.0,0.0,0.0,1.0,0.0,0.0,1.0,0.0,0.0,1.0,0.0,0.0,0.0,0.0,1.0,0.0,-0.2208479908981782,0.7309831547854221,0.8345466991499907,4.4134870486818665,-0.6942579654759812,0.2977347086845375,-0.3743262111571587,1.0,0.0,11.0,1.0,0.1108084554640649,1.0,1.0,1.0,0.0,0
1.0,0.0,0.0,0.0,1.0,0.0,0.0,0.0,0.0,0.0,0.0,0.0,1.0,0.0,0.0,1.0,0.0,0.0,0.0,1.0,0.0,1.0,0.0,0.0,0.0,0.0,-0.0849707543336806,-0.7382920075351181,-0.7276588831748119,-0.195533448938226,-0.617062242018001,-0.370216434036571,0.5721370281782616,0.0,0.0,17.0,1.0,0.0421068848849939,1.0,0.0,0.0,1.0,0
1.0,0.0,0.0,0.0,0.0,0.0,0.0,1.0,0.0,0.0,0.0,0.0,0.0,1.0,0.0,0.0,1.0,0.0,0.0,1.0,0.0,0.0,1.0,0.0,0.0,0.0,-0.3909366902190063,-0.9579209846060108,-0.8391197243998676,-0.195533448938226,-0.5638464666980316,1.678768828094397,-0.3743262111571587,0.0,0.0,12.0,1.0,0.1429412325508015,1.0,0.0,0.0,0.0,0
1.0,0.0,0.0,0.0,0.0,0.0,0.0,0.0,0.0,1.0,0.0,0.0,0.0,1.0,0.0,0.0,1.0,0.0,0.0,1.0,0.0,0.0,0.0,0.0,1.0,0.0,-0.3547492539625932,-1.1422743381382507,-1.042292980820182,-0.195533448938226,-0.6003091275654181,1.678768828094397,-0.3743262111571587,0.0,0.0,10.0,1.0,0.099238510631555,2.0,0.0,0.0,0.0,0
1.0,0.0,0.0,0.0,0.0,0.0,0.0,0.0,1.0,0.0,0.0,0.0,0.0,1.0,0.0,0.0,0.0,1.0,0.0,1.0,0.0,0.0,0.0,0.0,1.0,0.0,-0.2497320741199725,1.329823323581496,1.461350870642518,-0.195533448938226,-0.3115517981920822,0.2255237743363095,0.0989054085105514,0.0,0.0,15.0,1.0,0.1614676852294236,2.0,0.0,0.0,0.0,0
1.0,0.0,0.0,0.0,0.0,0.0,0.0,0.0,0.0,0.0,1.0,0.0,0.0,1.0,0.0,0.0,1.0,0.0,0.0,1.0,0.0,0.0,1.0,0.0,0.0,0.0,-0.3253227466427369,0.4461502839956896,0.5806362938729391,-0.195533448938226,-0.5408436796164509,-1.2909058469764776,-0.3743262111571587,0.0,0.0,8.0,1.0,0.0942684561955888,2.0,0.0,0.0,1.0,0
0.0,1.0,0.0,0.0,0.0,0.0,0.0,0.0,0.0,1.0,0.0,0.0,1.0,0.0,0.0,1.0,0.0,0.0,0.0,1.0,0.0,0.0,0.0,0.0,0.0,1.0,-0.4032768384499138,-1.5003638363605598,-1.3924887395768233,-0.195533448938226,-0.4752075635494313,-1.191615812247664,-0.3743262111571587,0.0,0.0,16.0,1.0,0.4222854140211227,1.0,1.0,1.0,1.0,0
1.0,0.0,0.0,1.0,0.0,0.0,0.0,0.0,0.0,0.0,0.0,0.0,0.0,1.0,0.0,0.0,1.0,0.0,0.0,1.0,0.0,0.0,1.0,0.0,0.0,0.0,0.1811657549225308,0.8564874403291729,0.8132546346819013,-0.195533448938226,-0.5615303870876845,-0.0091617622954312,-0.3743262111571587,0.0,0.0,18.0,1.0,0.192208575275786,2.0,0.0,0.0,1.0,0
1.0,0.0,0.0,0.0,0.0,0.0,1.0,0.0,0.0,0.0,0.0,0.0,1.0,0.0,0.0,0.0,1.0,0.0,0.0,1.0,0.0,0.0,0.0,0.0,0.0,1.0,-0.3733272793212121,-0.3178449011760775,-0.1872912170978397,-0.195533448938226,-0.6061055637895184,-0.1535836309918872,-0.3743262111571587,0.0,0.0,23.0,1.0,0.233086853362004,1.0,0.0,0.0,1.0,0
1.0,0.0,0.0,0.0,0.0,0.0,0.0,1.0,0.0,0.0,0.0,0.0,0.0,1.0,0.0,0.0,0.0,1.0,0.0,1.0,0.0,0.0,0.0,0.0,0.0,1.0,-0.0944244314713303,1.0032190982959237,1.0672882411488638,-0.195533448938226,-0.4568618844814749,1.5794787933655836,-0.3743262111571587,0.0,0.0,20.0,1.0,0.0402817341083263,1.0,0.0,0.0,1.0,0
0.0,1.0,0.0,0.0,0.0,0.0,0.0,0.0,0.0,1.0,0.0,0.0,0.0,1.0,0.0,1.0,0.0,0.0,0.0,1.0,0.0,1.0,0.0,0.0,0.0,0.0,-0.2690268741796018,0.1468675821938189,0.2517181053267505,-0.195533448938226,-0.5553929840268722,0.7761321487415477,-0.3743262111571587,0.0,0.0,21.0,1.0,0.19835586561334,2.0,0.0,0.0,1.0,0
0.0,1.0,0.0,0.0,0.0,0.0,0.0,0.0,0.0,1.0,0.0,0.0,1.0,0.0,0.0,1.0,0.0,0.0,0.0,0.0,1.0,1.0,0.0,0.0,0.0,0.0,4.044620137946608,0.3116210186730268,-1.1925332083518223,0.0618250991808245,-0.6479821127227433,1.5162942258108842,3.4115267461845225,0.0,0.0,2.0,1.0,0.2442328211801969,2.0,1.0,0.0,1.0,1
1.0,0.0,0.0,0.0,0.0,0.0,0.0,1.0,0.0,0.0,0.0,0.0,0.0,1.0,0.0,0.0,1.0,0.0,0.0,1.0,0.0,0.0,1.0,0.0,0.0,0.0,0.0903290907863847,-0.614337679486575,-0.6657321674226596,-0.195533448938226,-0.6021387057136276,1.3628459903208998,-0.3743262111571587,0.0,0.0,11.0,1.0,0.9139602211780458,1.0,0.0,0.0,0.0,0
1.0,0.0,0.0,0.0,0.0,0.0,0.0,0.0,0.0,0.0,1.0,0.0,0.0,1.0,0.0,0.0,0.0,1.0,0.0,1.0,0.0,0.0,0.0,0.0,0.0,1.0,-0.2388835921587352,0.2223152859037113,0.3180510754004135,-0.195533448938226,-0.2229794251579622,-1.354090414531177,-0.3743262111571587,0.0,0.0,5.0,1.0,0.1945772100546086,1.0,0.0,0.0,1.0,0
1.0,0.0,0.0,0.0,0.0,1.0,0.0,0.0,0.0,0.0,0.0,0.0,1.0,0.0,0.0,0.0,1.0,0.0,0.0,1.0,0.0,0.0,0.0,0.0,0.0,1.0,-0.2404721198744878,-0.7634788168322388,-0.6953946656758556,-0.195533448938226,-0.2149999695524753,1.18231865445033,-0.3743262111571587,0.0,0.0,10.0,1.0,0.9434765956938906,1.0,0.0,0.0,0.0,0
1.0,0.0,0.0,0.0,0.0,0.0,0.0,1.0,0.0,0.0,0.0,0.0,0.0,1.0,0.0,0.0,1.0,0.0,0.0,1.0,0.0,0.0,1.0,0.0,0.0,0.0,-0.4057952360480581,-1.5078952207349996,-1.3992937935371828,-0.195533448938226,-0.5965293854365031,-0.8576402408871098,-0.3743262111571587,0.0,0.0,9.0,1.0,0.1512320528770018,1.0,1.0,1.0,1.0,0
1.0,0.0,0.0,0.0,0.0,0.0,0.0,0.0,0.0,0.0,0.0,1.0,1.0,0.0,0.0,1.0,0.0,0.0,0.0,1.0,0.0,0.0,1.0,0.0,0.0,0.0,0.005807792934816,-0.0185974256809159,-0.0213029786440896,-0.195533448938226,-0.30828766445039,-1.4443540824664618,-0.3743262111571587,0.0,0.0,13.0,1.0,0.0238708057689544,2.0,0.0,0.0,1.0,0
1.0,0.0,0.0,0.0,0.0,0.0,0.0,0.0,0.0,1.0,0.0,0.0,0.0,0.0,1.0,0.0,1.0,0.0,0.0,1.0,0.0,0.0,0.0,0.0,0.0,1.0,-0.3380890852364073,0.1366378627254499,0.2670312885197637,-0.1605133752187073,-0.6360690640986058,1.3357668899403143,-0.3743262111571587,0.0,0.0,21.0,1.0,0.2773702540926478,2.0,0.0,0.0,0.0,0
1.0,0.0,0.0,0.0,0.0,0.0,0.0,1.0,0.0,0.0,0.0,0.0,0.0,1.0,0.0,0.0,1.0,0.0,0.0,1.0,0.0,0.0,1.0,0.0,0.0,0.0,-0.132200395443496,0.6979972411828714,0.7674527805504091,-0.195533448938226,1.7910368329197903,0.252602874716895,-0.3743262111571587,0.0,0.0,14.0,1.0,0.1564187412741616,2.0,0.0,0.0,0.0,0
0.0,1.0,0.0,0.0,0.0,0.0,0.0,0.0,0.0,0.0,0.0,1.0,1.0,0.0,0.0,1.0,0.0,0.0,0.0,1.0,0.0,0.0,1.0,0.0,0.0,0.0,0.259681643116986,0.5009624172352979,0.4181701600248703,-0.195533448938226,-0.5026429195082653,-0.406321901210685,-0.3743262111571587,0.0,0.0,10.0,1.0,0.0937357922924795,1.0,0.0,0.0,1.0,0
1.0,0.0,0.0,0.0,0.0,0.0,1.0,0.0,0.0,0.0,0.0,0.0,0.0,1.0,0.0,0.0,1.0,0.0,0.0,1.0,0.0,0.0,0.0,0.0,0.0,1.0,-0.3142417972109017,1.2728764761553069,1.426905267369261,0.1046439167827387,-0.6779871943533808,0.234550141129838,-0.3743262111571587,0.0,0.0,19.0,0.0,0.1614676852294236,2.0,0.0,0.0,0.0,0
1.0,0.0,0.0,0.0,0.0,0.0,0.0,0.0,0.0,1.0,0.0,0.0,0.0,1.0,0.0,0.0,1.0,0.0,0.0,1.0,0.0,0.0,1.0,0.0,0.0,0.0,-0.207190527000549,0.5517023894193156,0.6450197862944864,-0.1824241318406755,-0.6374246151811429,-1.2186949126282496,-0.3743262111571587,0.0,0.0,6.0,0.0,0.110837992722083,1.0,1.0,1.0,1.0,0
1.0,0.0,0.0,0.0,0.0,1.0,0.0,0.0,0.0,0.0,0.0,0.0,1.0,0.0,0.0,0.0,1.0,0.0,0.0,0.0,1.0,0.0,0.0,1.0,0.0,0.0,-0.3667988178552532,-1.5010894982787708,-1.4068815374099155,-0.195533448938226,-0.2531633064712656,0.5865784460774494,3.8847583658522327,0.0,0.0,3.0,0.0,0.6178026272878285,2.0,3.0,2.0,1.0,1
1.0,0.0,0.0,1.0,0.0,0.0,0.0,0.0,0.0,0.0,0.0,0.0,0.0,1.0,0.0,0.0,1.0,0.0,0.0,1.0,0.0,0.0,1.0,0.0,0.0,0.0,0.1912780898935414,1.826154939853624,1.8069229612131004,-0.195533448938226,-0.606775023066477,-0.5236646695265554,-0.3743262111571587,0.0,0.0,16.0,0.0,0.2198923259224884,2.0,0.0,0.0,0.0,0
1.0,0.0,0.0,0.0,0.0,0.0,0.0,0.0,0.0,0.0,1.0,0.0,1.0,0.0,0.0,0.0,1.0,0.0,0.0,1.0,0.0,0.0,0.0,0.0,0.0,1.0,0.7948605050118831,-0.4773214369102383,-0.7883535870278575,-0.195533448938226,-0.488488637652571,-0.2619000325142291,0.0989054085105514,0.0,0.0,11.0,0.0,0.0027081452551353,2.0,0.0,0.0,0.0,0
0.0,1.0,0.0,0.0,0.0,0.0,0.0,0.0,0.0,0.0,1.0,0.0,0.0,1.0,0.0,0.0,0.0,1.0,0.0,1.0,0.0,0.0,1.0,0.0,0.0,0.0,-0.3629631045903872,-1.1233084946059853,-1.01971092742244,-0.195533448938226,-0.5726284418094377,-0.4695064687653845,-0.3743262111571587,0.0,0.0,8.0,0.0,0.2692947563713633,1.0,0.0,0.0,1.0,0
1.0,0.0,0.0,0.0,0.0,0.0,0.0,1.0,0.0,0.0,0.0,0.0,0.0,1.0,0.0,0.0,1.0,0.0,0.0,1.0,0.0,0.0,1.0,0.0,0.0,0.0,-0.3303401695498092,1.9363357819788465,2.115396999362938,-0.195533448938226,2.938598145062715,1.2906350559726718,-0.3743262111571587,0.0,0.0,13.0,0.0,0.2422163829018166,2.0,0.0,0.0,0.0,0
0.0,1.0,0.0,0.0,0.0,0.0,0.0,0.0,0.0,0.0,0.0,1.0,1.0,0.0,0.0,1.0,0.0,0.0,0.0,1.0,0.0,0.0,1.0,0.0,0.0,0.0,-0.1269117604873928,-0.1625321148949514,-0.1197117408674337,-0.195533448938226,-0.5781504413113067,-0.2799527661012861,-0.3743262111571587,0.0,0.0,12.0,0.0,0.0942231848373984,1.0,0.0,0.0,1.0,0
1.0,0.0,0.0,0.0,0.0,1.0,0.0,0.0,0.0,0.0,0.0,0.0,0.0,1.0,0.0,0.0,1.0,0.0,0.0,1.0,0.0,0.0,1.0,0.0,0.0,0.0,-0.3390770719864485,-0.7022273147261782,-0.5955002420447654,-0.195533448938226,1.362699323366682,-0.1355308974048302,-0.3743262111571587,0.0,0.0,15.0,0.0,0.1029466775133599,2.0,0.0,0.0,1.0,0
1.0,0.0,0.0,0.0,0.0,0.0,0.0,1.0,0.0,0.0,0.0,0.0,0.0,1.0,0.0,0.0,0.0,1.0,0.0,1.0,0.0,0.0,1.0,0.0,0.0,0.0,-0.3171863851718089,0.6437839551573205,0.7808889573794893,-0.195533448938226,-0.507736631398167,1.5885051601591125,-0.3743262111571587,0.0,0.0,19.0,0.0,0.0091253418905635,2.0,0.0,0.0,1.0,0
1.0,0.0,0.0,0.0,0.0,0.0,0.0,0.0,0.0,1.0,0.0,0.0,0.0,1.0,0.0,0.0,1.0,0.0,0.0,1.0,0.0,0.0,0.0,0.0,0.0,1.0,-0.3785577974096658,0.5012653634729974,0.6572456926109147,-0.195533448938226,-0.2556166044427285,1.5885051601591125,-0.3743262111571587,0.0,0.0,0.0,0.0,0.1930202718904077,1.0,0.0,0.0,0.0,0
1.0,0.0,0.0,0.0,0.0,0.0,0.0,0.0,0.0,1.0,0.0,0.0,1.0,0.0,0.0,0.0,1.0,0.0,0.0,0.0,1.0,0.0,0.0,0.0,0.0,1.0,-0.3924864733563259,0.999386476125956,1.1748501270696876,-0.195533448938226,1.0385895544113506,-0.424374634797742,3.8847583658522327,0.0,0.0,4.0,0.0,0.4275975521110725,1.0,1.0,0.0,1.0,1
1.0,0.0,0.0,0.0,0.0,0.0,0.0,0.0,0.0,0.0,1.0,0.0,1.0,0.0,0.0,0.0,1.0,0.0,0.0,1.0,0.0,0.0,0.0,1.0,0.0,0.0,-0.2508169223160962,-1.203222894006612,-1.143868738337112,1.1595168690658022,-0.622596715916335,1.6877951948879255,0.0989054085105514,0.0,1.0,14.0,0.0,0.3823419432931173,2.0,1.0,1.0,1.0,0
1.0,0.0,0.0,1.0,0.0,0.0,0.0,0.0,0.0,0.0,0.0,0.0,0.0,1.0,0.0,0.0,1.0,0.0,0.0,1.0,0.0,0.0,1.0,0.0,0.0,0.0,-0.3685229515955213,-0.8926607287964363,-0.7803744981989378,-0.1622588083733386,-0.6527681228331734,-0.2077418317530582,-0.3743262111571587,0.0,0.0,17.0,0.0,0.0603691501968914,2.0,0.0,0.0,1.0,0
0.0,1.0,0.0,0.0,0.0,0.0,0.0,0.0,0.0,0.0,0.0,1.0,1.0,0.0,0.0,1.0,0.0,0.0,0.0,1.0,0.0,0.0,1.0,0.0,0.0,0.0,-0.126059379761867,-0.3849016986278244,-0.3487717414266235,0.1855280319058689,-0.6299025541127083,1.398951457495014,-0.3743262111571587,0.0,0.0,9.0,0.0,0.382809545836502,1.0,1.0,1.0,1.0,0
0.0,1.0,0.0,0.0,1.0,0.0,0.0,0.0,0.0,0.0,0.0,0.0,0.0,1.0,0.0,1.0,0.0,0.0,0.0,1.0,0.0,1.0,0.0,0.0,0.0,0.0,-0.1718167268912287,0.1882937188839082,0.257965130368103,-0.195533448938226,-0.3912673497360056,-0.5597701367006694,0.0989054085105514,0.0,0.0,10.0,0.0,0.745065288179806,2.0,0.0,0.0,0.0,0
0.0,0.0,1.0,0.0,0.0,0.0,0.0,0.0,1.0,0.0,0.0,0.0,0.0,0.0,1.0,0.0,1.0,0.0,0.0,1.0,0.0,1.0,0.0,0.0,0.0,0.0,-0.3901811709395629,-1.370731027670484,-1.2640406284017331,-0.195533448938226,-0.5169884754430906,1.1732922876568015,-0.3743262111571587,0.0,0.0,22.0,0.0,0.2151138471037736,2.0,0.0,0.0,0.0,0
1.0,0.0,0.0,0.0,0.0,0.0,0.0,1.0,0.0,0.0,0.0,0.0,0.0,1.0,0.0,0.0,1.0,0.0,0.0,1.0,0.0,0.0,1.0,0.0,0.0,0.0,-0.3916728372092331,-0.9850100144654316,-0.8667095438110373,-0.195533448938226,-0.3108074925363332,0.3699456430327654,-0.3743262111571587,0.0,0.0,12.0,0.0,0.0920448622502855,2.0,0.0,0.0,1.0,0
1.0,0.0,0.0,0.0,0.0,0.0,0.0,0.0,0.0,1.0,0.0,0.0,1.0,0.0,0.0,0.0,1.0,0.0,0.0,1.0,0.0,0.0,0.0,0.0,0.0,1.0,-0.2609292572871068,1.1262152708019748,1.2560976882513588,-0.195533448938226,-0.5528066258264487,-0.3341109668624571,-0.3743262111571587,0.0,0.0,11.0,0.0,0.2310381594162066,1.0,0.0,0.0,1.0,0
1.0,0.0,0.0,1.0,0.0,0.0,0.0,0.0,0.0,0.0,0.0,0.0,0.0,1.0,0.0,0.0,1.0,0.0,0.0,1.0,0.0,0.0,0.0,1.0,0.0,0.0,1.045479810605682,-0.5574401488897787,-0.9645240414712828,-0.195533448938226,-0.3026409209838703,-1.15551034507355,2.938295126516812,0.0,0.0,2.0,0.0,0.1291287406127334,1.0,1.0,0.0,0.0,1
1.0,0.0,0.0,0.0,0.0,0.0,0.0,1.0,0.0,0.0,0.0,0.0,0.0,0.0,1.0,0.0,1.0,0.0,0.0,1.0,0.0,0.0,1.0,0.0,0.0,0.0,-0.2388254752910857,0.9191761757489711,1.034857339687087,-0.195533448938226,-0.4019786981673418,0.8754221834703612,-0.3743262111571587,0.0,0.0,10.0,0.0,0.1718547546368919,2.0,0.0,0.0,0.0,0
1.0,0.0,0.0,0.0,0.0,0.0,0.0,0.0,0.0,1.0,0.0,0.0,0.0,1.0,0.0,0.0,1.0,0.0,0.0,1.0,0.0,0.0,0.0,0.0,0.0,1.0,-0.2980078188474787,1.1086655247994213,1.2519160949232149,-0.195533448938226,-0.3310492798669795,0.7761321487415477,-0.3743262111571587,0.0,0.0,15.0,0.0,0.2929044929011327,2.0,0.0,0.0,0.0,0
1.0,0.0,0.0,0.0,0.0,1.0,0.0,0.0,0.0,0.0,0.0,0.0,1.0,0.0,0.0,0.0,1.0,0.0,0.0,1.0,0.0,0.0,1.0,0.0,0.0,0.0,0.1410844885336022,-0.1902552182751387,-0.2484859728393463,-0.195533448938226,-0.3807763823088856,0.1623392067816101,0.0989054085105514,0.0,0.0,20.0,0.0,0.1281839825224429,2.0,0.0,0.0,1.0,0
1.0,0.0,0.0,1.0,0.0,0.0,0.0,0.0,0.0,0.0,0.0,0.0,0.0,1.0,0.0,0.0,1.0,0.0,0.0,1.0,0.0,0.0,1.0,0.0,0.0,0.0,-0.3068415827302005,-0.7938438932156209,-0.7018011275512098,-0.195533448938226,-0.5832233625404333,-0.3792428008300996,-0.3743262111571587,0.0,0.0,13.0,0.0,0.8035206888347924,1.0,0.0,0.0,0.0,0
0.0,1.0,0.0,0.0,0.0,0.0,0.0,0.0,0.0,1.0,0.0,0.0,1.0,0.0,0.0,1.0,0.0,0.0,0.0,1.0,0.0,1.0,0.0,0.0,0.0,0.0,0.7049924553365617,0.0992063892161905,-0.1616871109828773,-0.195533448938226,-0.0367990579168598,-1.3992222484988197,-0.3743262111571587,0.0,0.0,10.0,0.0,0.1779362819930361,1.0,0.0,0.0,1.0,0
1.0,0.0,0.0,0.0,0.0,0.0,1.0,0.0,0.0,0.0,0.0,0.0,0.0,1.0,0.0,0.0,0.0,1.0,0.0,1.0,0.0,0.0,0.0,0.0,0.0,1.0,-0.3370236093295,-0.67739276849615,-0.5707223086150862,-0.195533448938226,-0.6037146378003809,-0.1716363645789441,-0.3743262111571587,0.0,0.0,21.0,0.0,0.1629868474246943,2.0,0.0,0.0,1.0,0
0.0,1.0,0.0,0.0,1.0,0.0,0.0,0.0,0.0,0.0,0.0,0.0,0.0,1.0,0.0,1.0,0.0,0.0,1.0,0.0,0.0,1.0,0.0,0.0,0.0,0.0,3.9757129052035354,0.108745673073058,-1.3754434925962429,-0.195533448938226,-0.5562994568366669,-1.4533804492599904,3.8847583658522327,0.0,0.0,1.0,0.0,0.347465943270859,1.0,1.0,0.0,0.0,1
1.0,0.0,0.0,0.0,0.0,0.0,0.0,0.0,0.0,0.0,1.0,0.0,0.0,1.0,0.0,0.0,1.0,0.0,0.0,1.0,0.0,0.0,1.0,0.0,0.0,0.0,-0.3804756540420989,0.3618396415177473,0.5145424790502794,-0.195533448938226,-0.3850052027105428,0.6317102800450918,-0.3743262111571587,0.0,0.0,7.0,0.0,0.2537001528119603,2.0,0.0,0.0,0.0,0
1.0,0.0,0.0,0.0,0.0,0.0,0.0,1.0,0.0,0.0,0.0,0.0,0.0,1.0,0.0,0.0,1.0,0.0,0.0,1.0,0.0,0.0,1.0,0.0,0.0,0.0,-0.3544199250459128,1.178448838390465,1.3448025449870338,-0.195533448938226,-0.2004257163491238,-0.1445572641983587,-0.3743262111571587,0.0,0.0,12.0,0.0,0.930824773931368,2.0,0.0,0.0,1.0,0
1.0,0.0,0.0,0.0,0.0,0.0,0.0,0.0,0.0,0.0,1.0,0.0,0.0,1.0,0.0,0.0,1.0,0.0,0.0,1.0,0.0,0.0,0.0,0.0,0.0,1.0,-0.3826647227235628,-0.944161589205374,-0.8280606058231813,-0.195533448938226,-0.1950575677369906,-0.8576402408871098,-0.3743262111571587,0.0,0.0,5.0,0.0,0.9559582161807316,2.0,0.0,0.0,0.0,0
1.0,0.0,0.0,1.0,0.0,0.0,0.0,0.0,0.0,0.0,0.0,0.0,0.0,1.0,0.0,0.0,1.0,0.0,0.0,1.0,0.0,0.0,1.0,0.0,0.0,0.0,-0.3611808539824696,-1.107090302997042,-1.0036947727340544,-0.195533448938226,-0.5490601487547739,-1.4624068160535189,-0.3743262111571587,0.0,0.0,18.0,0.0,0.2915183290471522,2.0,0.0,0.0,1.0,0
1.0,0.0,0.0,0.0,0.0,0.0,0.0,1.0,0.0,0.0,0.0,0.0,0.0,1.0,0.0,0.0,1.0,0.0,0.0,1.0,0.0,0.0,1.0,0.0,0.0,0.0,-0.3907429673268414,-1.3286285458915768,-1.2205216198479971,-0.195533448938226,0.6364690680956546,-0.7944556733324103,-0.3743262111571587,0.0,0.0,21.0,0.0,0.0937359100739463,2.0,0.0,0.0,1.0,0
1.0,0.0,0.0,0.0,0.0,0.0,1.0,0.0,0.0,0.0,0.0,0.0,0.0,1.0,0.0,0.0,1.0,0.0,0.0,1.0,0.0,0.0,0.0,0.0,0.0,1.0,-0.4027731589302848,-1.302673803108194,-1.189322730285327,-0.195533448938226,-0.5468604968447675,0.947633117818589,-0.3743262111571587,0.0,0.0,0.0,0.0,0.1782905076805715,1.0,1.0,1.0,1.0,0
1.0,0.0,0.0,0.0,0.0,0.0,0.0,0.0,0.0,1.0,0.0,0.0,0.0,1.0,0.0,0.0,1.0,0.0,0.0,1.0,0.0,0.0,1.0,0.0,0.0,0.0,0.5345937993882699,1.5934006409028607,1.4390659495263252,-0.195533448938226,-0.2221727475198879,-0.4153482680042135,-0.3743262111571587,0.0,0.0,14.0,0.0,0.177215640935893,2.0,0.0,0.0,1.0,0
1.0,0.0,0.0,0.0,0.0,0.0,0.0,1.0,0.0,0.0,0.0,0.0,0.0,1.0,0.0,0.0,1.0,0.0,0.0,1.0,0.0,0.0,1.0,0.0,0.0,0.0,-0.3451405985112115,0.9543461203674962,1.1108072497025996,-0.195533448938226,-0.4646916473293811,-1.173563078660607,-0.3743262111571587,0.0,0.0,7.0,0.0,0.2366493718950961,1.0,0.0,0.0,1.0,0
0.0,1.0,0.0,0.0,0.0,0.0,0.0,0.0,0.0,0.0,0.0,1.0,1.0,0.0,0.0,1.0,0.0,0.0,0.0,1.0,0.0,0.0,1.0,0.0,0.0,0.0,-0.1031032170403201,1.2393903489974842,1.313473207105635,0.0428110188580318,-0.663541843246835,0.2616292415104235,-0.3743262111571587,0.0,0.0,10.0,0.0,0.1614676852294236,2.0,0.0,0.0,0.0,0
1.0,0.0,0.0,0.0,0.0,0.0,1.0,0.0,0.0,0.0,0.0,0.0,0.0,0.0,1.0,0.0,1.0,0.0,0.0,1.0,0.0,0.0,0.0,0.0,1.0,0.0,-0.3723005479927379,-0.8300354007287142,-0.7145415800137358,-0.195533448938226,-0.5097283767004225,0.8483430830897757,-0.3743262111571587,0.0,0.0,15.0,0.0,0.9654760279285493,1.0,0.0,0.0,1.0,0
1.0,0.0,0.0,0.0,0.0,1.0,0.0,0.0,0.0,0.0,0.0,0.0,0.0,1.0,0.0,0.0,1.0,0.0,0.0,1.0,0.0,0.0,1.0,0.0,0.0,0.0,0.194784474241727,0.6686607729553997,0.6149514488274669,-0.195533448938226,0.6043558134624211,-0.8215347737129958,0.0989054085105514,0.0,0.0,16.0,0.0,0.1580484902030955,2.0,0.0,0.0,1.0,0
1.0,0.0,0.0,0.0,0.0,0.0,0.0,1.0,0.0,0.0,0.0,0.0,0.0,1.0,0.0,0.0,1.0,0.0,0.0,1.0,0.0,0.0,1.0,0.0,0.0,0.0,-0.3841951335716659,1.1653728333399878,1.3424907108940043,-0.195533448938226,-0.5965709667580534,-0.442427368384799,-0.3743262111571587,0.0,0.0,8.0,0.0,0.1331695119937279,1.0,0.0,0.0,1.0,0
0.0,1.0,0.0,0.0,0.0,0.0,0.0,0.0,0.0,1.0,0.0,0.0,1.0,0.0,0.0,1.0,0.0,0.0,0.0,1.0,0.0,0.0,1.0,0.0,0.0,0.0,0.0775240076142813,1.4153457510102367,1.4268980202404429,-0.195533448938226,2.727323450266056,1.1010813533085737,-0.3743262111571587,0.0,0.0,9.0,0.0,0.7887346266164071,1.0,0.0,0.0,0.0,0
0.0,0.0,1.0,0.0,0.0,0.0,0.0,0.0,1.0,0.0,0.0,0.0,0.0,1.0,0.0,0.0,0.0,1.0,0.0,1.0,0.0,1.0,0.0,0.0,0.0,0.0,-0.3452180876680776,-0.406523605685968,-0.2890264114487717,-0.195533448938226,-0.3095766854184468,-1.0381675767576797,0.5721370281782616,0.0,0.0,14.0,0.0,0.8178749185349781,1.0,0.0,0.0,0.0,0
1.0,0.0,0.0,0.0,0.0,0.0,0.0,1.0,0.0,0.0,0.0,0.0,0.0,1.0,0.0,0.0,1.0,0.0,0.0,1.0,0.0,0.0,1.0,0.0,0.0,0.0,-0.3375079165599124,0.5679346715509425,0.7104686066523198,-0.195533448938226,-0.4616811596491453,-1.1645367118670786,-0.3743262111571587,0.0,0.0,18.0,0.0,0.2423099277033597,2.0,0.0,0.0,0.0,0
1.0,0.0,0.0,0.0,0.0,0.0,0.0,0.0,0.0,1.0,0.0,0.0,0.0,1.0,0.0,0.0,1.0,0.0,0.0,1.0,0.0,0.0,0.0,0.0,0.0,1.0,-0.4045554095382024,-1.5014699423912308,-1.3931482282992864,-0.1897029594642446,-0.6418197608690009,-1.1464839782800216,-0.3743262111571587,0.0,0.0,11.0,0.0,0.4222854140211227,1.0,1.0,1.0,1.0,0
1.0,0.0,0.0,1.0,0.0,0.0,0.0,0.0,0.0,0.0,0.0,0.0,0.0,1.0,0.0,0.0,1.0,0.0,0.0,1.0,0.0,0.0,1.0,0.0,0.0,0.0,-0.2805533862634165,0.1161572880046862,0.2244399124547668,-0.195533448938226,-0.5616468147880251,-1.3450640477376483,-0.3743262111571587,0.0,0.0,13.0,0.0,0.2840633953278509,1.0,0.0,0.0,1.0,0
1.0,0.0,0.0,0.0,0.0,0.0,1.0,0.0,0.0,0.0,0.0,0.0,0.0,1.0,0.0,0.0,1.0,0.0,0.0,1.0,0.0,0.0,0.0,0.0,0.0,1.0,-0.4055433962882437,-1.4984827515822854,-1.389705842110606,-0.195533448938226,-0.2870354510060734,-0.6590601714294829,-0.3743262111571587,0.0,0.0,11.0,0.0,0.1606632755025288,1.0,1.0,1.0,1.0,0
1.0,0.0,0.0,0.0,0.0,0.0,0.0,0.0,0.0,1.0,0.0,0.0,1.0,0.0,0.0,0.0,1.0,0.0,0.0,1.0,0.0,0.0,0.0,0.0,0.0,1.0,-0.1679616413371462,0.4089090325426601,0.4834595435487015,-0.195533448938226,-0.4866299525792762,-1.0110884763770942,0.0989054085105514,0.0,0.0,16.0,0.0,0.93264492878,1.0,0.0,0.0,0.0,0
1.0,0.0,0.0,0.0,0.0,0.0,0.0,0.0,0.0,0.0,1.0,0.0,1.0,0.0,0.0,0.0,1.0,0.0,0.0,1.0,0.0,0.0,0.0,1.0,0.0,0.0,1.311364480102079,1.3220524003214331,0.8693546588641611,-0.195533448938226,-0.2188545580601805,0.965685851405646,-0.3743262111571587,0.0,0.0,20.0,1.0,0.2513576938913366,2.0,0.0,0.0,1.0,0
0.0,1.0,0.0,0.0,0.0,0.0,0.0,0.0,0.0,0.0,0.0,1.0,1.0,0.0,0.0,1.0,0.0,0.0,0.0,1.0,0.0,0.0,1.0,0.0,0.0,0.0,-0.3807274938019133,-1.0519329519516831,-0.9396446482381478,-0.195533448938226,-0.5419081614481365,-0.7312711057777108,-0.3743262111571587,0.0,0.0,10.0,1.0,0.0705769536330207,1.0,0.0,0.0,1.0,0
1.0,0.0,0.0,0.0,0.0,0.0,0.0,1.0,0.0,0.0,0.0,0.0,0.0,1.0,0.0,0.0,1.0,0.0,0.0,1.0,0.0,0.0,1.0,0.0,0.0,0.0,0.0218674206952905,1.9430287802536057,1.9905217226952563,-0.195533448938226,-0.4795153884620338,0.180391940368667,-0.3743262111571587,0.0,0.0,14.0,1.0,0.7237620957090393,2.0,0.0,0.0,0.0,0
1.0,0.0,0.0,1.0,0.0,0.0,0.0,0.0,0.0,0.0,0.0,0.0,1.0,0.0,0.0,0.0,1.0,0.0,0.0,1.0,0.0,0.0,1.0,0.0,0.0,0.0,0.3244819505461626,0.6973702129234464,0.5959639713235889,3.097281902587294,-0.690399218836121,0.965685851405646,-0.3743262111571587,1.0,0.0,19.0,1.0,0.2513576938913366,2.0,0.0,0.0,1.0,0
1.0,0.0,0.0,0.0,0.0,1.0,0.0,0.0,0.0,0.0,0.0,0.0,1.0,0.0,0.0,0.0,1.0,0.0,0.0,0.0,1.0,0.0,0.0,1.0,0.0,0.0,2.1157794175278277,-0.4868254944603966,-1.2922826894065471,0.3417257308075611,-0.6523606258819813,1.4350569246691278,3.4115267461845225,0.0,0.0,3.0,1.0,0.5593714550038025,1.0,2.0,1.0,1.0,1
1.0,0.0,0.0,0.0,0.0,0.0,0.0,0.0,0.0,0.0,1.0,0.0,0.0,1.0,0.0,1.0,0.0,0.0,0.0,1.0,0.0,0.0,1.0,0.0,0.0,0.0,-0.2708672416551689,0.945560679474207,1.0739845881769488,-0.195533448938226,-0.3128782423495341,-1.3270113141505917,-0.3743262111571587,0.0,0.0,8.0,1.0,0.2177883688579468,1.0,0.0,0.0,0.0,0
0.0,1.0,0.0,0.0,0.0,0.0,0.0,0.0,0.0,1.0,0.0,0.0,0.0,1.0,0.0,0.0,0.0,1.0,0.0,1.0,0.0,0.0,0.0,0.0,0.0,1.0,-0.3074033791174789,-0.7980146879299973,-0.7058812610758982,-0.195533448938226,-0.5120569307072348,0.8393167162962472,-0.3743262111571587,0.0,0.0,11.0,1.0,0.2061660365519345,1.0,0.0,0.0,1.0,0
1.0,0.0,0.0,0.0,0.0,0.0,0.0,0.0,0.0,0.0,0.0,1.0,1.0,0.0,0.0,1.0,0.0,0.0,0.0,1.0,0.0,0.0,1.0,0.0,0.0,0.0,-0.2874305489352722,-0.2820620188208115,-0.182616819010053,-0.195533448938226,-0.2026128938626653,-0.1716363645789441,-0.3743262111571587,0.0,0.0,10.0,1.0,0.2169787429389685,2.0,0.0,0.0,1.0,0
1.0,0.0,0.0,0.0,0.0,0.0,0.0,1.0,0.0,0.0,0.0,0.0,0.0,1.0,0.0,0.0,1.0,0.0,0.0,1.0,0.0,0.0,1.0,0.0,0.0,0.0,-0.3012817357250664,1.0291033884658871,1.1712990339487337,-0.195533448938226,2.791512536343128,1.1552395540697444,-0.3743262111571587,0.0,0.0,20.0,1.0,0.0504746507350056,1.0,0.0,0.0,1.0,0
1.0,0.0,0.0,0.0,0.0,0.0,1.0,0.0,0.0,0.0,0.0,0.0,1.0,0.0,0.0,0.0,1.0,0.0,0.0,1.0,0.0,0.0,0.0,0.0,0.0,1.0,-0.3749932961938307,0.7606648408186444,0.9227442568683863,-0.195533448938226,-0.2089041478132132,0.8934749170574181,-0.3743262111571587,0.0,0.0,0.0,1.0,0.7027641393039422,2.0,0.0,0.0,0.0,0
1.0,0.0,0.0,0.0,0.0,0.0,0.0,0.0,0.0,0.0,1.0,0.0,1.0,0.0,0.0,0.0,1.0,0.0,0.0,1.0,0.0,0.0,0.0,0.0,0.0,1.0,1.4323637985483082,1.1573271448875928,0.6546439733651542,-0.1531231369682468,-0.6668766652351625,-0.424374634797742,0.0989054085105514,0.0,0.0,15.0,1.0,0.1331695119937279,1.0,0.0,0.0,1.0,0
1.0,0.0,0.0,0.0,0.0,0.0,0.0,0.0,0.0,1.0,0.0,0.0,0.0,1.0,0.0,0.0,1.0,0.0,0.0,1.0,0.0,0.0,0.0,0.0,0.0,1.0,0.0191359279157647,0.4166940463254066,0.4214748507660033,-0.0402641719272951,-0.6264346718954202,-1.2367476462153066,-0.3743262111571587,0.0,0.0,16.0,1.0,0.0942684561955888,2.0,0.0,0.0,1.0,0
1.0,0.0,0.0,0.0,0.0,0.0,0.0,0.0,0.0,1.0,0.0,0.0,1.0,0.0,0.0,0.0,1.0,0.0,0.0,1.0,0.0,0.0,0.0,0.0,1.0,0.0,-0.406182681832388,-1.4677513216091271,-1.357854710954291,-0.195533448938226,-0.2271541898416041,1.1732922876568015,3.4115267461845225,0.0,0.0,4.0,1.0,0.457814913812836,2.0,2.0,1.0,0.0,1
1.0,0.0,0.0,0.0,0.0,0.0,0.0,1.0,0.0,0.0,0.0,0.0,0.0,1.0,0.0,0.0,1.0,0.0,0.0,1.0,0.0,0.0,1.0,0.0,0.0,0.0,-0.3380890852364073,1.5843756611239488,1.7562510365157278,-0.195533448938226,-0.2953184502588769,0.7580794151544907,-0.3743262111571587,0.0,0.0,9.0,1.0,0.2185589018097827,2.0,0.0,0.0,1.0,0
1.0,0.0,0.0,0.0,0.0,0.0,0.0,0.0,1.0,0.0,0.0,0.0,0.0,0.0,1.0,0.0,1.0,0.0,0.0,1.0,0.0,1.0,0.0,0.0,0.0,0.0,-0.3310569442508195,-1.0612397421842696,-0.9677997436971424,-0.1464756362303954,-0.6847774241625314,-0.7312711057777108,0.5721370281782616,1.0,0.0,22.0,1.0,0.0705769536330207,1.0,0.0,0.0,1.0,0
1.0,0.0,0.0,0.0,0.0,1.0,0.0,0.0,0.0,0.0,0.0,0.0,1.0,0.0,0.0,0.0,1.0,0.0,0.0,1.0,0.0,0.0,1.0,0.0,0.0,0.0,-0.2774344476995607,0.0449156053158794,0.1499901581046369,-0.195533448938226,-0.5106722726996125,0.4782620445551074,-0.3743262111571587,0.0,0.0,13.0,1.0,0.2374398743911713,1.0,0.0,0.0,1.0,0
1.0,0.0,0.0,0.0,0.0,0.0,0.0,0.0,0.0,0.0,0.0,1.0,1.0,0.0,0.0,1.0,0.0,0.0,0.0,1.0,0.0,0.0,1.0,0.0,0.0,0.0,-0.1424289641498055,0.8818574264211816,0.9604075853369572,-0.195533448938226,3.4461439140368344,1.750979762442625,-0.3743262111571587,0.0,0.0,10.0,1.0,0.0842152602872764,1.0,0.0,0.0,1.0,0
1.0,0.0,0.0,1.0,0.0,0.0,0.0,0.0,0.0,0.0,0.0,0.0,0.0,1.0,0.0,0.0,1.0,0.0,0.0,1.0,0.0,0.0,1.0,0.0,0.0,0.0,-0.3803787925960163,-1.3826445645995558,-1.2799625704154811,-0.195533448938226,-0.2963413507690123,0.8122376159156617,-0.3743262111571587,0.0,0.0,18.0,1.0,0.1073994960049018,1.0,0.0,0.0,0.0,0
1.0,0.0,0.0,0.0,1.0,0.0,0.0,0.0,0.0,0.0,0.0,0.0,0.0,1.0,0.0,1.0,0.0,0.0,0.0,1.0,0.0,1.0,0.0,0.0,0.0,0.0,-0.3912272745572537,-1.462566009261524,-1.358115607591749,-0.195533448938226,-0.4843388217618592,1.7058479284749826,0.5721370281782616,0.0,0.0,12.0,1.0,0.2823419375107649,2.0,1.0,1.0,1.0,0
1.0,0.0,0.0,0.0,0.0,0.0,1.0,0.0,0.0,0.0,0.0,0.0,0.0,1.0,0.0,0.0,1.0,0.0,0.0,1.0,0.0,0.0,0.0,0.0,0.0,1.0,-0.3997704541017281,-1.3187369989676163,-1.2069694889578246,-0.195533448938226,-0.5697260655652325,0.5053411449356929,-0.3743262111571587,0.0,0.0,20.0,1.0,0.2391132747165187,2.0,1.0,1.0,1.0,0
0.0,0.0,1.0,0.0,0.0,0.0,0.0,0.0,0.0,1.0,0.0,0.0,0.0,1.0,0.0,1.0,0.0,0.0,0.0,1.0,0.0,1.0,0.0,0.0,0.0,0.0,-0.1440562364439911,0.3901193205439412,0.4551884940286144,-0.195533448938226,-0.4802139546640775,-1.4172749820858763,0.0989054085105514,0.0,0.0,17.0,1.0,0.1837730892861691,2.0,0.0,0.0,1.0,0
1.0,0.0,0.0,0.0,0.0,0.0,0.0,1.0,0.0,0.0,0.0,0.0,0.0,1.0,0.0,0.0,0.0,1.0,0.0,1.0,0.0,0.0,1.0,0.0,0.0,0.0,-0.2562217910074985,1.2119913276390222,1.3425704293110057,-0.195533448938226,-0.4266821613003265,-1.1825894454541357,-0.3743262111571587,0.0,0.0,19.0,0.0,0.1907642478260222,2.0,0.0,0.0,1.0,0
1.0,0.0,0.0,0.0,1.0,0.0,0.0,0.0,0.0,0.0,0.0,0.0,0.0,1.0,0.0,0.0,1.0,0.0,0.0,1.0,0.0,1.0,0.0,0.0,0.0,0.0,3.276508870512572,0.6428328448761705,-0.564482530702552,-0.195533448938226,-0.6162638806442368,0.0630491720527966,2.938295126516812,0.0,0.0,2.0,0.0,0.3306502903309432,2.0,1.0,0.0,1.0,1
1.0,0.0,0.0,0.0,0.0,0.0,0.0,0.0,0.0,1.0,0.0,0.0,1.0,0.0,0.0,0.0,1.0,0.0,0.0,1.0,0.0,0.0,0.0,0.0,0.0,1.0,-0.391866560101398,-1.3070841367081936,-1.1979395664502552,-0.195533448938226,-0.6081721554705642,1.5885051601591125,-0.3743262111571587,0.0,0.0,6.0,0.0,0.2442328211801969,2.0,1.0,1.0,1.0,0
1.0,0.0,0.0,0.0,0.0,0.0,0.0,0.0,0.0,0.0,1.0,0.0,0.0,1.0,0.0,0.0,1.0,0.0,0.0,1.0,0.0,0.0,1.0,0.0,0.0,0.0,-0.1721848003863421,0.6113687077234599,0.6933001584818284,-0.0246666841625042,-0.6349505265489049,1.6426633609202832,-0.3743262111571587,0.0,0.0,7.0,0.0,0.0091253418905635,2.0,0.0,0.0,1.0,0
1.0,0.0,0.0,0.0,0.0,0.0,0.0,0.0,0.0,0.0,1.0,0.0,0.0,0.0,1.0,0.0,1.0,0.0,0.0,1.0,0.0,0.0,0.0,1.0,0.0,0.0,0.05243689307892,-0.4051850060310161,-0.4364112702260121,-0.195533448938226,-0.6032905083205686,0.0540228052592681,-0.3743262111571587,0.0,0.0,11.0,0.0,0.2995135981009242,2.0,0.0,0.0,0.0,0
1.0,0.0,0.0,0.0,0.0,0.0,0.0,0.0,0.0,1.0,0.0,0.0,0.0,1.0,0.0,0.0,1.0,0.0,0.0,1.0,0.0,0.0,1.0,0.0,0.0,0.0,-0.3967871215623879,-1.3597192841931691,-1.2502420951317392,-0.195533448938226,-0.4396222685667545,1.326740523146786,-0.3743262111571587,0.0,0.0,13.0,0.0,0.2415296014007472,2.0,0.0,0.0,1.0,0
1.0,0.0,0.0,1.0,0.0,0.0,0.0,0.0,0.0,0.0,0.0,0.0,0.0,1.0,0.0,0.0,1.0,0.0,0.0,1.0,0.0,0.0,1.0,0.0,0.0,0.0,-0.3997704541017281,-1.4876682754225423,-1.380741143762401,-0.195533448938226,-0.1966750811452941,-1.209668545834721,-0.3743262111571587,0.0,0.0,14.0,0.0,0.1352453316117965,1.0,1.0,1.0,1.0,0
1.0,0.0,0.0,0.0,0.0,0.0,0.0,1.0,0.0,0.0,0.0,0.0,1.0,0.0,0.0,0.0,1.0,0.0,0.0,1.0,0.0,0.0,1.0,0.0,0.0,0.0,-0.2394066439675806,-0.4136886364706314,-0.3359805590623696,-0.195533448938226,-0.1765330889863683,0.0991546392269106,-0.3743262111571587,0.0,0.0,1.0,0.0,0.0927682981484959,2.0,0.0,0.0,1.0,0
1.0,0.0,0.0,0.0,0.0,0.0,0.0,0.0,0.0,1.0,0.0,0.0,1.0,0.0,0.0,0.0,1.0,0.0,0.0,1.0,0.0,0.0,1.0,0.0,0.0,0.0,-0.3304176587066751,-0.7909623813268033,-0.6900172960926961,-0.195533448938226,-0.4097710378258528,0.4602093109680504,-0.3743262111571587,0.0,0.0,16.0,0.0,0.2078227255199341,2.0,0.0,0.0,1.0,0
1.0,0.0,0.0,0.0,0.0,0.0,0.0,0.0,0.0,0.0,0.0,1.0,1.0,0.0,0.0,1.0,0.0,0.0,0.0,1.0,0.0,0.0,0.0,0.0,0.0,1.0,-0.186965857058528,1.1417852983674674,1.244444305111574,-0.195533448938226,0.8009855668090933,-0.6410074378424259,-0.3743262111571587,0.0,0.0,9.0,0.0,0.1233458093380232,1.0,0.0,0.0,1.0,0
1.0,0.0,0.0,0.0,0.0,0.0,1.0,0.0,0.0,0.0,0.0,0.0,1.0,0.0,0.0,0.0,0.0,1.0,0.0,1.0,0.0,0.0,0.0,0.0,0.0,1.0,-0.2783255730035195,0.8101155301771032,0.9374486812406646,-0.195533448938226,-0.2259732803095779,-0.2889791328948146,-0.3743262111571587,0.0,0.0,21.0,0.0,0.1564739341070745,1.0,0.0,0.0,0.0,0
0.0,1.0,0.0,0.0,0.0,0.0,0.0,0.0,0.0,1.0,0.0,0.0,0.0,1.0,0.0,1.0,0.0,0.0,1.0,0.0,0.0,1.0,0.0,0.0,0.0,0.0,1.5404999169547846,-0.7949570445076334,-1.3940323780151158,-0.195533448938226,-0.6143594561172369,1.4350569246691278,3.8847583658522327,0.0,0.0,1.0,0.0,1.0,1.0,1.0,0.0,0.0,1
1.0,0.0,0.0,0.0,0.0,0.0,0.0,0.0,0.0,1.0,0.0,0.0,1.0,0.0,0.0,0.0,1.0,0.0,0.0,1.0,0.0,0.0,1.0,0.0,0.0,0.0,-0.1930875004509405,-0.9635149221114412,-0.9188888713026108,-0.195533448938226,-0.5992862270552827,1.7600061292361535,-0.3743262111571587,0.0,0.0,14.0,0.0,0.1429412325508015,1.0,0.0,0.0,0.0,0
1.0,0.0,0.0,0.0,0.0,0.0,0.0,1.0,0.0,0.0,0.0,0.0,0.0,1.0,0.0,0.0,0.0,1.0,0.0,1.0,0.0,0.0,1.0,0.0,0.0,0.0,-0.3501192768398509,0.5262196791458371,0.672276237780015,0.1143366413222874,-0.6798209306337454,1.6516897277138116,-0.3743262111571587,1.0,0.0,7.0,0.0,0.0091253418905635,2.0,0.0,0.0,1.0,0
1.0,0.0,0.0,1.0,0.0,0.0,0.0,0.0,0.0,0.0,0.0,0.0,0.0,0.0,1.0,0.0,1.0,0.0,0.0,1.0,0.0,0.0,0.0,0.0,1.0,0.0,-0.353490055163521,-1.303963085933753,-1.2090856505727607,-0.1887374006978528,-0.6322726894410708,0.9927649517862316,-0.3743262111571587,0.0,0.0,19.0,0.0,0.1782905076805715,1.0,1.0,1.0,1.0,0
1.0,0.0,0.0,0.0,0.0,0.0,0.0,0.0,1.0,0.0,0.0,0.0,0.0,1.0,0.0,0.0,1.0,0.0,0.0,1.0,0.0,0.0,0.0,0.0,1.0,0.0,-0.3172057574610255,0.1030108303407906,0.2246283378040421,-0.195533448938226,-0.6188627132411254,-0.49658556914597,0.5721370281782616,0.0,0.0,12.0,0.0,0.745065288179806,2.0,0.0,0.0,0.0,0
1.0,0.0,0.0,0.0,0.0,1.0,0.0,0.0,0.0,0.0,0.0,0.0,1.0,0.0,0.0,0.0,1.0,0.0,0.0,1.0,0.0,0.0,0.0,0.0,0.0,1.0,-0.1293332966394547,0.161423092126085,0.2144316275567303,-0.195533448938226,-0.597627132325429,-1.2728531133894203,-0.3743262111571587,0.0,0.0,11.0,0.0,0.1945772100546086,1.0,0.0,0.0,1.0,0
1.0,0.0,0.0,0.0,0.0,0.0,0.0,0.0,0.0,1.0,0.0,0.0,0.0,1.0,0.0,0.0,1.0,0.0,0.0,1.0,0.0,0.0,0.0,0.0,0.0,1.0,-0.3994023806066147,-1.3497150130877396,-1.2389728098193231,-0.195533448938226,-0.1576842759276544,0.5324202453162784,-0.3743262111571587,0.0,0.0,18.0,0.0,0.2090288823471683,1.0,0.0,0.0,0.0,0
1.0,0.0,0.0,0.0,0.0,0.0,0.0,0.0,0.0,1.0,0.0,0.0,0.0,1.0,0.0,0.0,1.0,0.0,0.0,1.0,0.0,0.0,0.0,0.0,1.0,0.0,-0.2317933343054979,0.5983067931956664,0.7021633970265776,-0.195533448938226,-0.5913150877141058,0.34286654265218,-0.3743262111571587,0.0,0.0,10.0,0.0,0.1564187412741616,2.0,0.0,0.0,0.0,0
1.0,0.0,0.0,0.0,1.0,0.0,0.0,0.0,0.0,0.0,0.0,0.0,1.0,0.0,0.0,1.0,0.0,0.0,0.0,1.0,0.0,1.0,0.0,0.0,0.0,0.0,0.0136535700674965,0.3917608664365927,0.3978781993337029,-0.195533448938226,-0.5206226829465797,-1.0562203103447367,1.0453686478459718,0.0,0.0,15.0,0.0,0.1333990360376432,1.0,0.0,0.0,1.0,0
1.0,0.0,0.0,0.0,0.0,0.0,0.0,0.0,0.0,1.0,0.0,0.0,0.0,1.0,0.0,0.0,1.0,0.0,0.0,1.0,0.0,0.0,0.0,0.0,0.0,1.0,-0.3941912348073775,-1.3409577532398176,-1.231914106350324,-0.195533448938226,-0.4900770441357893,0.0179173380851541,-0.3743262111571587,0.0,0.0,13.0,0.0,0.3581711866055946,1.0,1.0,1.0,1.0,0
1.0,0.0,0.0,0.0,0.0,0.0,0.0,1.0,0.0,0.0,0.0,0.0,1.0,0.0,0.0,0.0,1.0,0.0,0.0,1.0,0.0,0.0,1.0,0.0,0.0,0.0,0.0666948979422605,1.1291179184748177,1.136520062749836,0.3857329284296499,-0.6283765196118154,0.3157874422715945,-0.3743262111571587,0.0,0.0,14.0,0.0,0.1614676852294236,2.0,0.0,0.0,0.0,0
1.0,0.0,0.0,0.0,0.0,0.0,1.0,0.0,0.0,0.0,0.0,0.0,0.0,1.0,0.0,0.0,1.0,0.0,0.0,1.0,0.0,0.0,0.0,0.0,1.0,0.0,-0.1043624158393923,1.6202289960926337,1.7056950658794474,-0.195533448938226,-0.3735703392842327,1.5162942258108842,-0.3743262111571587,0.0,0.0,16.0,0.0,0.2668435738241782,2.0,0.0,0.0,1.0,0
1.0,0.0,0.0,0.0,0.0,0.0,0.0,0.0,0.0,0.0,0.0,1.0,0.0,1.0,0.0,0.0,1.0,0.0,0.0,1.0,0.0,0.0,1.0,0.0,0.0,0.0,-0.335183241853933,-0.9425270885740644,-0.8441419846709316,-0.195533448938226,-0.4857276379016365,1.732927028855568,-0.3743262111571587,0.0,0.0,8.0,0.0,0.1614731058958141,1.0,0.0,0.0,1.0,0
1.0,0.0,0.0,0.0,0.0,0.0,0.0,0.0,0.0,1.0,0.0,0.0,1.0,0.0,0.0,0.0,1.0,0.0,0.0,1.0,0.0,0.0,0.0,0.0,1.0,0.0,-0.3997704541017281,-0.3284691552795903,-0.188327556518853,-0.195533448938226,-0.1282031189485496,0.270655608303952,-0.3743262111571587,0.0,0.0,15.0,0.0,0.2128650903004286,2.0,0.0,0.0,1.0,0
1.0,0.0,0.0,0.0,0.0,0.0,0.0,0.0,0.0,1.0,0.0,0.0,0.0,1.0,0.0,0.0,1.0,0.0,0.0,1.0,0.0,0.0,0.0,0.0,1.0,0.0,-0.1691820955577854,-0.3675421746815011,-0.3147827072689178,-0.195533448938226,-0.1911613979077351,-0.0181881290889597,-0.3743262111571587,0.0,0.0,11.0,0.0,0.8567043577706266,2.0,0.0,0.0,0.0,0
1.0,0.0,0.0,0.0,0.0,0.0,0.0,1.0,0.0,0.0,0.0,0.0,0.0,1.0,0.0,0.0,0.0,1.0,0.0,1.0,0.0,0.0,1.0,0.0,0.0,0.0,-0.3882633143071299,-0.6965558793459872,-0.5712658432764568,-0.195533448938226,-0.331514990668342,0.0179173380851541,-0.3743262111571587,0.0,0.0,17.0,0.0,0.1143421835130449,2.0,0.0,0.0,0.0,0
1.0,0.0,0.0,0.0,0.0,0.0,1.0,0.0,0.0,0.0,0.0,0.0,0.0,1.0,0.0,0.0,1.0,0.0,0.0,1.0,0.0,0.0,0.0,0.0,1.0,0.0,-0.365694597369913,-0.6965276983006198,-0.579679759834473,6.864483703416242,-0.6557120803989289,0.0901282724333821,-0.3743262111571587,0.0,0.0,12.0,0.0,0.3306502903309432,2.0,1.0,1.0,1.0,0
1.0,0.0,0.0,0.0,0.0,0.0,0.0,0.0,0.0,1.0,0.0,0.0,0.0,0.0,1.0,0.0,1.0,0.0,0.0,1.0,0.0,0.0,0.0,0.0,0.0,1.0,-0.3632536889286346,1.614740737507331,1.7969001820574273,-0.195533448938226,1.5992263547407888,0.0811019056398536,-0.3743262111571587,0.0,0.0,8.0,0.0,0.0944506144240818,2.0,0.0,0.0,1.0,0
1.0,0.0,0.0,0.0,0.0,0.0,1.0,0.0,0.0,0.0,0.0,0.0,0.0,1.0,0.0,0.0,1.0,0.0,0.0,1.0,0.0,0.0,0.0,0.0,1.0,0.0,-0.3530832370899746,-1.0565405528692544,-0.954725923308976,-0.195533448938226,-0.5508356711849683,0.929580384231532,-0.3743262111571587,0.0,0.0,16.0,0.0,0.2179713657704712,1.0,1.0,1.0,1.0,0
1.0,0.0,0.0,0.0,0.0,0.0,0.0,1.0,0.0,0.0,0.0,0.0,0.0,1.0,0.0,0.0,1.0,0.0,0.0,1.0,0.0,0.0,0.0,1.0,0.0,0.0,-0.2778218934838906,-0.5828242255044712,-0.4955913241560385,-0.195533448938226,-0.4981687693094618,0.9927649517862316,-0.3743262111571587,0.0,0.0,17.0,0.0,0.2754263913495592,2.0,0.0,0.0,0.0,0
1.0,0.0,0.0,0.0,0.0,0.0,0.0,1.0,0.0,0.0,0.0,0.0,0.0,1.0,0.0,0.0,1.0,0.0,0.0,1.0,0.0,0.0,1.0,0.0,0.0,0.0,-0.3889994612973568,-1.3774522069906108,-1.2713964641522817,-0.195533448938226,0.654843854088696,-0.7764029397453533,-0.3743262111571587,0.0,0.0,17.0,0.0,0.2222753270918507,2.0,0.0,0.0,1.0,0
1.0,0.0,0.0,0.0,0.0,0.0,1.0,0.0,0.0,0.0,0.0,0.0,1.0,0.0,0.0,0.0,1.0,0.0,0.0,1.0,0.0,0.0,0.0,0.0,0.0,1.0,-0.4029668818224499,-0.9064060336743894,-0.7816282514844992,-0.195533448938226,-0.6060140848821081,-0.1265045306113017,-0.3743262111571587,0.0,0.0,2.0,0.0,0.0603691501968914,2.0,0.0,0.0,1.0,0
1.0,0.0,0.0,0.0,0.0,0.0,1.0,0.0,0.0,0.0,0.0,0.0,1.0,0.0,0.0,0.0,0.0,1.0,0.0,1.0,0.0,0.0,0.0,0.0,1.0,0.0,-0.3835752203167381,-0.9661639403759776,-0.8503527740681924,-0.195533448938226,-0.1903630365339709,-0.2257945653401151,-0.3743262111571587,0.0,0.0,20.0,0.0,0.2948977780522043,2.0,0.0,0.0,1.0,0
0.0,1.0,0.0,0.0,0.0,0.0,0.0,0.0,0.0,0.0,0.0,1.0,1.0,0.0,0.0,1.0,0.0,0.0,0.0,1.0,0.0,0.0,1.0,0.0,0.0,0.0,0.6207811141124572,1.5953803593399214,1.4088599166117586,-0.195533448938226,-0.161817459289746,0.6497630136321488,-0.3743262111571587,0.0,0.0,9.0,0.0,0.2200942202510759,1.0,0.0,0.0,1.0,0
1.0,0.0,0.0,0.0,0.0,0.0,0.0,1.0,0.0,0.0,0.0,0.0,0.0,1.0,0.0,0.0,1.0,0.0,0.0,1.0,0.0,0.0,1.0,0.0,0.0,0.0,-0.3876240287629856,0.7492726532288697,0.915750777558752,-0.1354831210437808,-0.6264429881597302,0.947633117818589,-0.3743262111571587,0.0,0.0,8.0,0.0,0.7027641393039422,2.0,0.0,0.0,0.0,0
1.0,0.0,0.0,0.0,0.0,1.0,0.0,0.0,0.0,0.0,0.0,0.0,1.0,0.0,0.0,0.0,1.0,0.0,0.0,0.0,1.0,0.0,0.0,1.0,0.0,0.0,2.117522923557312,-0.4743906081920279,-1.2801437486359382,0.124437871493771,-0.6489343249862433,0.1352601064010246,3.4115267461845225,0.0,0.0,3.0,0.0,0.2113219577781951,2.0,1.0,0.0,1.0,1
1.0,0.0,0.0,1.0,0.0,0.0,0.0,0.0,0.0,0.0,0.0,0.0,0.0,1.0,0.0,0.0,1.0,0.0,0.0,1.0,0.0,0.0,1.0,0.0,0.0,0.0,-0.3607352913304902,-0.925329605638604,-0.8168927803142209,-0.195533448938226,-0.3281469036227742,-1.1103785111059077,-0.3743262111571587,0.0,0.0,14.0,0.0,0.1544331753545235,1.0,0.0,0.0,0.0,0
1.0,0.0,0.0,0.0,0.0,0.0,0.0,0.0,0.0,0.0,1.0,0.0,1.0,0.0,0.0,0.0,1.0,0.0,0.0,1.0,0.0,0.0,0.0,0.0,0.0,1.0,1.030814987668795,0.8582628461873196,0.4972290883034223,-0.195533448938226,-0.5995107661916539,0.9566594846121176,0.0989054085105514,0.0,0.0,11.0,0.0,0.1718547546368919,2.0,0.0,0.0,0.0,0
1.0,0.0,0.0,0.0,0.0,0.0,1.0,0.0,0.0,0.0,0.0,0.0,0.0,1.0,0.0,0.0,1.0,0.0,0.0,1.0,0.0,0.0,0.0,0.0,0.0,1.0,-0.402037011940058,0.0372855872826534,0.1887550501535853,-0.195533448938226,3.3421656613683584,1.6607160945073405,-0.3743262111571587,0.0,0.0,0.0,0.0,0.1863225885337139,2.0,0.0,0.0,1.0,0
1.0,0.0,0.0,0.0,0.0,0.0,0.0,0.0,0.0,1.0,0.0,0.0,0.0,1.0,0.0,0.0,0.0,1.0,0.0,1.0,0.0,0.0,0.0,0.0,0.0,1.0,-0.3953923167388002,-1.0759009310366636,-0.9588133039624828,-0.0934813147057366,-0.677467427834003,0.9386067510250606,-0.3743262111571587,0.0,0.0,22.0,0.0,0.2179713657704712,1.0,1.0,1.0,1.0,0
1.0,0.0,0.0,1.0,0.0,0.0,0.0,0.0,0.0,0.0,0.0,0.0,0.0,1.0,0.0,0.0,1.0,0.0,0.0,1.0,0.0,0.0,1.0,0.0,0.0,0.0,-0.3637767407374799,-1.0753232196066318,-0.9700463536308076,-0.195533448938226,-0.237416460000198,1.326740523146786,-0.3743262111571587,0.0,0.0,15.0,0.0,0.0220980548284439,1.0,0.0,0.0,0.0,0
0.0,1.0,0.0,0.0,1.0,0.0,0.0,0.0,0.0,0.0,0.0,0.0,0.0,1.0,0.0,1.0,0.0,0.0,0.0,1.0,0.0,1.0,0.0,0.0,0.0,0.0,-0.3049237260977674,-0.7799929094175398,-0.6882707380474922,-0.195533448938226,-0.3771879142591017,-0.5236646695265554,0.5721370281782616,0.0,0.0,10.0,0.0,0.2376696466662555,1.0,1.0,1.0,0.0,0
1.0,0.0,0.0,0.0,0.0,0.0,0.0,0.0,1.0,0.0,0.0,0.0,0.0,1.0,0.0,0.0,1.0,0.0,0.0,1.0,0.0,0.0,0.0,0.0,1.0,0.0,-0.406260170989254,-1.5137357423873947,-1.4051277322358935,-0.195533448938226,-0.431725975604368,0.6948948475997913,0.5721370281782616,0.0,0.0,19.0,0.0,0.4084357580053124,2.0,2.0,2.0,1.0,0
1.0,0.0,0.0,0.0,0.0,0.0,0.0,1.0,0.0,0.0,0.0,0.0,0.0,1.0,0.0,0.0,0.0,1.0,0.0,1.0,0.0,0.0,1.0,0.0,0.0,0.0,-0.3918084432337486,-0.1990617949524537,-0.0581908643291049,-0.195533448938226,-0.5094497818460361,0.4511829441745219,-0.3743262111571587,0.0,0.0,23.0,0.0,0.0135431276824813,1.0,0.0,0.0,1.0,0
1.0,0.0,0.0,0.0,0.0,1.0,0.0,0.0,0.0,0.0,0.0,0.0,0.0,0.0,1.0,0.0,1.0,0.0,0.0,1.0,0.0,0.0,0.0,0.0,1.0,0.0,-0.2276282921239515,1.7318541167929355,1.866632055546861,-0.195533448938226,-0.347519641333021,-0.406321901210685,-0.3743262111571587,0.0,0.0,12.0,1.0,0.2590335147311037,1.0,0.0,0.0,1.0,0
1.0,0.0,0.0,0.0,0.0,0.0,0.0,1.0,0.0,0.0,0.0,0.0,1.0,0.0,0.0,0.0,1.0,0.0,0.0,1.0,0.0,0.0,0.0,0.0,0.0,1.0,-0.3972908010820167,-1.4078877359874111,-1.2996022895130042,-0.195533448938226,-0.548669284332202,-1.281879480182949,-0.3743262111571587,0.0,0.0,8.0,1.0,0.3253847874781308,2.0,2.0,2.0,1.0,0
0.0,1.0,0.0,0.0,0.0,0.0,0.0,0.0,0.0,0.0,0.0,1.0,1.0,0.0,0.0,1.0,0.0,0.0,0.0,1.0,0.0,0.0,0.0,0.0,0.0,1.0,-0.3980075757830271,-1.4709075986902769,-1.36415971302619,-0.195533448938226,-0.0829584829697571,0.234550141129838,-0.3743262111571587,0.0,0.0,13.0,1.0,0.2597871619098845,2.0,0.0,0.0,0.0,0
1.0,0.0,0.0,0.0,0.0,0.0,0.0,0.0,0.0,1.0,0.0,0.0,1.0,0.0,0.0,0.0,1.0,0.0,0.0,1.0,0.0,0.0,1.0,0.0,0.0,0.0,-0.1567063413023625,-0.6921525910073297,-0.6533613185298658,-0.195533448938226,-0.1801964034149425,0.0811019056398536,0.0989054085105514,0.0,0.0,16.0,1.0,0.0912448548198359,2.0,0.0,0.0,1.0,0
1.0,0.0,0.0,0.0,0.0,1.0,0.0,0.0,0.0,0.0,0.0,0.0,0.0,1.0,0.0,0.0,1.0,0.0,0.0,1.0,0.0,0.0,0.0,0.0,1.0,0.0,-0.258081530772282,-0.8435270761983608,-0.7711489032132748,-0.195533448938226,-0.5522203291925906,-1.2006421790411923,0.0989054085105514,0.0,0.0,11.0,1.0,0.1992938771356943,1.0,0.0,0.0,1.0,0
0.0,1.0,0.0,0.0,0.0,0.0,0.0,0.0,0.0,1.0,0.0,0.0,1.0,0.0,0.0,1.0,0.0,0.0,0.0,1.0,0.0,0.0,0.0,0.0,0.0,1.0,-0.4053690456852952,-1.4739088800219056,-1.3644930809518303,-0.195533448938226,-0.4567205079882043,-0.7583502061582963,-0.3743262111571587,0.0,0.0,6.0,1.0,0.0653897202417576,1.0,0.0,0.0,1.0,0
1.0,0.0,0.0,0.0,1.0,0.0,0.0,0.0,0.0,0.0,0.0,0.0,1.0,0.0,0.0,0.0,1.0,0.0,1.0,0.0,0.0,1.0,0.0,0.0,0.0,0.0,-0.3985306275918724,-0.1004704077345775,0.045740210053764,-0.195533448938226,-0.4850956018140732,0.2616292415104235,3.8847583658522327,0.0,0.0,1.0,1.0,0.2770049152210841,2.0,1.0,0.0,1.0,1
1.0,0.0,0.0,0.0,0.0,0.0,0.0,0.0,0.0,0.0,1.0,0.0,0.0,1.0,0.0,0.0,0.0,1.0,0.0,1.0,0.0,0.0,0.0,0.0,0.0,1.0,-0.4024632023028209,-1.5080854427912296,-1.4007359721720194,-0.195533448938226,-0.5561705547398613,-0.7402974725712393,-0.3743262111571587,0.0,0.0,18.0,1.0,0.1512320528770018,1.0,1.0,1.0,1.0,0
0.0,0.0,1.0,0.0,0.0,0.0,0.0,0.0,0.0,1.0,0.0,0.0,0.0,1.0,0.0,0.0,1.0,0.0,0.0,1.0,0.0,1.0,0.0,0.0,0.0,0.0,-0.1517664075521561,0.3341376739215856,0.4004871657082814,-0.195533448938226,-0.1066556781212265,1.4711623918432415,0.0989054085105514,0.0,0.0,12.0,1.0,0.1873555389840371,2.0,0.0,0.0,1.0,0
1.0,0.0,0.0,0.0,0.0,0.0,0.0,0.0,0.0,1.0,0.0,0.0,1.0,0.0,0.0,0.0,1.0,0.0,0.0,1.0,0.0,0.0,0.0,0.0,0.0,1.0,-0.4046910155627179,-1.468054267846827,-1.3587243664124844,-0.1666038228221018,-0.6307050736186276,1.7600061292361535,-0.3743262111571587,0.0,0.0,10.0,1.0,0.2823419375107649,2.0,1.0,1.0,1.0,0
1.0,0.0,0.0,0.0,0.0,0.0,0.0,0.0,0.0,1.0,0.0,0.0,0.0,1.0,0.0,0.0,1.0,0.0,0.0,1.0,0.0,0.0,1.0,0.0,0.0,0.0,-0.2540327223260345,1.559562250677946,1.6992813568752752,-0.0647373729677648,-0.6204053802706385,0.8212639827091902,-0.3743262111571587,0.0,0.0,7.0,1.0,0.2185589018097827,2.0,0.0,0.0,1.0,0
1.0,0.0,0.0,1.0,0.0,0.0,0.0,0.0,0.0,0.0,0.0,0.0,0.0,0.0,1.0,0.0,1.0,0.0,0.0,1.0,0.0,0.0,0.0,0.0,1.0,0.0,-0.3694334491886966,-0.90762486388653,-0.795426784754493,-0.1891087694541573,-0.6620823388604223,-0.1084517970242447,-0.3743262111571587,0.0,0.0,21.0,1.0,0.0603691501968914,2.0,0.0,0.0,1.0,0
1.0,0.0,0.0,0.0,0.0,0.0,1.0,0.0,0.0,0.0,0.0,0.0,0.0,1.0,0.0,0.0,1.0,0.0,0.0,1.0,0.0,0.0,0.0,0.0,1.0,0.0,-0.2184070824568997,0.0011856681670042,0.0829252280203284,-0.195533448938226,-0.36448482052551,0.2977347086845375,-0.3743262111571587,0.0,0.0,10.0,1.0,0.9566462966299872,1.0,1.0,1.0,0.0,0
1.0,0.0,0.0,0.0,0.0,0.0,0.0,0.0,0.0,1.0,0.0,0.0,0.0,1.0,0.0,0.0,1.0,0.0,0.0,1.0,0.0,0.0,1.0,0.0,0.0,0.0,-0.3038969947692932,0.9658580774000824,1.107219920937554,-0.195533448938226,-0.4078541389023877,-0.6771129050165399,-0.3743262111571587,0.0,0.0,16.0,1.0,0.3978259922675418,2.0,1.0,1.0,1.0,0
1.0,0.0,0.0,0.0,0.0,0.0,0.0,1.0,0.0,0.0,0.0,0.0,0.0,1.0,0.0,0.0,0.0,1.0,0.0,1.0,0.0,0.0,0.0,0.0,0.0,1.0,-0.3832071468216247,-0.8168678072807929,-0.6969165627276932,-0.0011590418884264,-0.6662404710154441,-0.5056119359394985,-0.3743262111571587,0.0,0.0,19.0,1.0,0.2376696466662555,1.0,1.0,1.0,0.0,0
1.0,0.0,0.0,0.0,0.0,0.0,0.0,0.0,0.0,0.0,1.0,0.0,1.0,0.0,0.0,0.0,1.0,0.0,0.0,1.0,0.0,0.0,0.0,0.0,0.0,1.0,0.0914526835609414,0.8963002121719781,0.8877696131913958,-0.195533448938226,-0.6076523889511866,-1.2548003798023637,-0.3743262111571587,0.0,0.0,13.0,1.0,0.2177883688579468,1.0,0.0,0.0,0.0,0
1.0,0.0,0.0,1.0,0.0,0.0,0.0,0.0,0.0,0.0,0.0,0.0,0.0,1.0,0.0,0.0,1.0,0.0,0.0,1.0,0.0,0.0,0.0,0.0,1.0,0.0,-0.323133677961273,-0.5720238398674121,-0.4675304413716811,0.68390490286657,-0.6286675888626668,0.1081810060204391,-0.3743262111571587,0.0,0.0,14.0,1.0,0.2995135981009242,2.0,0.0,0.0,0.0,0
1.0,0.0,0.0,0.0,0.0,0.0,1.0,0.0,0.0,0.0,0.0,0.0,0.0,0.0,1.0,0.0,1.0,0.0,0.0,1.0,0.0,0.0,0.0,0.0,1.0,0.0,-0.3821610432039339,0.2390266458065843,0.3888410296973149,0.6095568778543998,-0.6471421700274289,-1.0201148431706226,-0.3743262111571587,0.0,0.0,22.0,1.0,0.1333990360376432,1.0,0.0,0.0,1.0,0
1.0,0.0,0.0,1.0,0.0,0.0,0.0,0.0,0.0,0.0,0.0,0.0,0.0,1.0,0.0,0.0,1.0,0.0,0.0,1.0,0.0,0.0,0.0,0.0,1.0,0.0,-0.1961870667255797,1.666868626175693,1.7880224492550414,0.1470170918770874,-0.6777792877456298,-0.3972955344171565,-0.3743262111571587,0.0,0.0,17.0,1.0,0.2590335147311037,1.0,0.0,0.0,1.0,0
1.0,0.0,0.0,0.0,0.0,0.0,0.0,1.0,0.0,0.0,0.0,0.0,1.0,0.0,0.0,0.0,1.0,0.0,0.0,1.0,0.0,0.0,0.0,0.0,0.0,1.0,-0.2747029549200349,0.3972279892378696,0.5113754837566934,-0.195533448938226,-0.4097793540901628,0.1081810060204391,-0.3743262111571587,0.0,0.0,9.0,1.0,0.8137109535926391,2.0,0.0,0.0,0.0,0
1.0,0.0,0.0,0.0,0.0,0.0,1.0,0.0,0.0,0.0,0.0,0.0,0.0,1.0,0.0,0.0,1.0,0.0,0.0,1.0,0.0,0.0,0.0,0.0,0.0,1.0,-0.3983562769889239,-0.5512614546929746,-0.418032551542869,-0.195533448938226,-0.1251635243432287,0.7039212143933198,-0.3743262111571587,0.0,0.0,11.0,1.0,0.2901525588340911,2.0,0.0,0.0,1.0,0
1.0,0.0,0.0,0.0,0.0,0.0,0.0,0.0,0.0,1.0,0.0,0.0,0.0,1.0,0.0,0.0,1.0,0.0,0.0,1.0,0.0,0.0,1.0,0.0,0.0,0.0,-0.2167798101627141,-0.2641459192284819,-0.1906176492254276,-0.195533448938226,-0.5708861844364836,-0.1716363645789441,-0.3743262111571587,0.0,0.0,10.0,1.0,0.0942231848373984,1.0,0.0,0.0,1.0,0
1.0,0.0,0.0,0.0,0.0,0.0,0.0,1.0,0.0,0.0,0.0,0.0,0.0,1.0,0.0,0.0,0.0,1.0,0.0,1.0,0.0,0.0,0.0,0.0,0.0,1.0,-0.3911885299788207,-0.829718363968331,-0.7071495086190962,-0.195533448938226,-0.4725089357808221,1.6155842605396975,-0.3743262111571587,0.0,0.0,13.0,1.0,0.4116504615586187,2.0,1.0,1.0,0.0,0
1.0,0.0,0.0,1.0,0.0,0.0,0.0,0.0,0.0,0.0,0.0,0.0,0.0,1.0,0.0,0.0,1.0,0.0,1.0,0.0,0.0,0.0,0.0,1.0,0.0,0.0,1.6843197920980453,-0.7170857708961438,-1.367732547533599,-0.195533448938226,-0.4159417059439051,1.895401631139081,3.8847583658522327,0.0,0.0,4.0,1.0,0.1772851478709586,1.0,1.0,0.0,1.0,1
1.0,0.0,0.0,0.0,0.0,0.0,1.0,0.0,0.0,0.0,0.0,0.0,0.0,1.0,0.0,0.0,1.0,0.0,0.0,1.0,0.0,0.0,0.0,0.0,1.0,0.0,-0.3543424358890468,-0.2571640652387068,-0.1319738828279535,-0.195533448938226,0.1665377625958626,-1.2186949126282496,-0.3743262111571587,0.0,0.0,19.0,1.0,0.0728988811626876,1.0,0.0,0.0,1.0,0
1.0,0.0,0.0,0.0,0.0,0.0,0.0,0.0,0.0,1.0,0.0,0.0,1.0,0.0,0.0,0.0,1.0,0.0,0.0,1.0,0.0,0.0,0.0,0.0,0.0,1.0,-0.3884764094885113,-0.2194507812757733,-0.0804105612859334,-0.195533448938226,-0.2435039654751499,0.5143675117292213,-0.3743262111571587,0.0,0.0,9.0,1.0,0.2651037608807262,1.0,0.0,0.0,0.0,0
1.0,0.0,0.0,1.0,0.0,0.0,0.0,0.0,0.0,0.0,0.0,0.0,0.0,1.0,0.0,0.0,1.0,0.0,0.0,1.0,0.0,0.0,0.0,0.0,1.0,0.0,-0.2906076043667775,0.8205354717017023,0.9527618644336778,-0.195533448938226,0.1071388447613758,-1.2728531133894203,-0.3743262111571587,0.0,0.0,20.0,1.0,0.2666248962652859,2.0,0.0,0.0,0.0,0
1.0,0.0,0.0,0.0,0.0,0.0,0.0,0.0,0.0,1.0,0.0,0.0,0.0,1.0,0.0,0.0,1.0,0.0,0.0,1.0,0.0,0.0,0.0,0.0,1.0,0.0,-0.2669927838118698,0.7858868764224745,0.9082862348759296,-0.195533448938226,-0.6182098864927871,1.8141643299973245,-0.3743262111571587,0.0,0.0,14.0,1.0,0.0842152602872764,1.0,0.0,0.0,1.0,0
1.0,0.0,0.0,0.0,0.0,0.0,0.0,0.0,1.0,0.0,0.0,0.0,0.0,1.0,0.0,0.0,1.0,0.0,0.0,1.0,0.0,0.0,0.0,0.0,1.0,0.0,-0.3496737141878714,1.4256247873079988,1.5972852658868857,-0.195533448938226,-0.1704913229651216,0.7400266815674338,0.5721370281782616,0.0,0.0,18.0,1.0,0.8309541754813817,2.0,0.0,0.0,0.0,0
1.0,0.0,0.0,0.0,0.0,0.0,0.0,0.0,0.0,1.0,0.0,0.0,0.0,1.0,0.0,0.0,1.0,0.0,0.0,1.0,0.0,0.0,1.0,0.0,0.0,0.0,-0.3059504574262417,0.307661581798906,0.4309323538738508,-0.195533448938226,-0.4533690534712566,-0.7493238393647679,-0.3743262111571587,0.0,0.0,12.0,1.0,0.1359321032078859,1.0,0.0,0.0,1.0,0
1.0,0.0,0.0,0.0,0.0,1.0,0.0,0.0,0.0,0.0,0.0,0.0,1.0,0.0,0.0,0.0,1.0,0.0,0.0,1.0,0.0,0.0,0.0,0.0,0.0,1.0,-0.3150941779364274,-0.5695227720910547,-0.4679652691007777,-0.195533448938226,-0.3607425015859904,0.9747122181991746,-0.3743262111571587,0.0,0.0,10.0,1.0,0.2211515598007557,2.0,0.0,0.0,1.0,0
1.0,0.0,0.0,0.0,0.0,0.0,0.0,0.0,0.0,1.0,0.0,0.0,1.0,0.0,0.0,0.0,1.0,0.0,0.0,1.0,0.0,0.0,1.0,0.0,0.0,0.0,-0.2202087053540338,-0.3893331680118492,-0.3181091393965056,-0.195533448938226,-0.5800257589132216,0.2616292415104235,-0.3743262111571587,0.0,0.0,20.0,1.0,0.1281839825224429,2.0,0.0,0.0,1.0,0
1.0,0.0,0.0,0.0,0.0,0.0,0.0,1.0,0.0,0.0,0.0,0.0,0.0,1.0,0.0,0.0,1.0,0.0,0.0,1.0,0.0,0.0,1.0,0.0,0.0,0.0,-0.3629243600119541,0.0606899454602858,0.1981980590037963,0.3354495988260142,-0.6268546432430774,-1.2186949126282496,-0.3743262111571587,0.0,0.0,18.0,0.0,0.1945772100546086,1.0,0.0,0.0,1.0,0
1.0,0.0,0.0,0.0,0.0,0.0,0.0,1.0,0.0,0.0,0.0,0.0,0.0,1.0,0.0,0.0,0.0,1.0,0.0,1.0,0.0,0.0,0.0,0.0,0.0,1.0,-0.3391158165648815,0.1118244522794472,0.2418909986491708,-0.195533448938226,-0.5402449085861277,1.4711623918432415,-0.3743262111571587,0.0,0.0,21.0,0.0,0.2773702540926478,2.0,0.0,0.0,0.0,0
0.0,1.0,0.0,0.0,0.0,0.0,0.0,0.0,0.0,1.0,0.0,0.0,1.0,0.0,0.0,1.0,0.0,0.0,1.0,0.0,0.0,1.0,0.0,0.0,0.0,0.0,6.6707276641347,1.069275468637127,-1.395590510711045,-0.195533448938226,-0.5755225017893328,0.8844485502638897,3.8847583658522327,0.0,0.0,2.0,0.0,0.4514853914813592,2.0,1.0,0.0,0.0,1
1.0,0.0,0.0,0.0,0.0,0.0,0.0,0.0,0.0,1.0,0.0,0.0,0.0,1.0,0.0,0.0,0.0,1.0,0.0,1.0,0.0,0.0,0.0,0.0,0.0,1.0,-0.3882633143071299,-0.2043386956975008,-0.0649451883877363,-0.1677179290910154,-0.6664691682839703,0.4782620445551074,-0.3743262111571587,0.0,0.0,7.0,0.0,0.0135431276824813,1.0,0.0,0.0,1.0,0
1.0,0.0,0.0,0.0,0.0,0.0,0.0,1.0,0.0,0.0,0.0,0.0,0.0,1.0,0.0,0.0,1.0,0.0,0.0,1.0,0.0,0.0,1.0,0.0,0.0,0.0,-0.0652110193328554,1.2393833037361424,1.2992905760082722,-0.195533448938226,-0.5763998676740425,1.200371388037387,-0.3743262111571587,0.0,0.0,18.0,0.0,0.7887346266164071,1.0,0.0,0.0,0.0,0
1.0,0.0,0.0,0.0,0.0,0.0,1.0,0.0,0.0,0.0,0.0,0.0,1.0,0.0,0.0,0.0,1.0,0.0,0.0,1.0,0.0,0.0,0.0,0.0,0.0,1.0,-0.3899680757581815,0.4642777414282747,0.623466825188939,-0.195533448938226,2.663533544875866,1.0469231525474023,-0.3743262111571587,0.0,0.0,0.0,0.0,0.1648737844064257,1.0,0.0,0.0,1.0,0
1.0,0.0,0.0,0.0,0.0,0.0,0.0,1.0,0.0,0.0,0.0,0.0,0.0,1.0,0.0,0.0,0.0,1.0,0.0,1.0,0.0,0.0,1.0,0.0,0.0,0.0,-0.4006228348272539,-0.4821122146226976,-0.3460540681197707,-0.195533448938226,1.2000207190657632,-0.2799527661012861,-0.3743262111571587,0.0,0.0,8.0,0.0,0.0632086181734744,2.0,0.0,0.0,1.0,0
0.0,1.0,0.0,0.0,0.0,0.0,0.0,0.0,0.0,0.0,0.0,1.0,1.0,0.0,0.0,1.0,0.0,0.0,0.0,1.0,0.0,0.0,0.0,0.0,0.0,1.0,-0.2940752441365301,-0.3510703536642514,-0.2511166806003799,-0.195533448938226,-0.0653612676897048,-1.173563078660607,-0.3743262111571587,0.0,0.0,10.0,0.0,0.0049911061287374,1.0,0.0,0.0,1.0,0
1.0,0.0,0.0,0.0,0.0,0.0,1.0,0.0,0.0,0.0,0.0,0.0,1.0,0.0,0.0,0.0,1.0,0.0,0.0,1.0,0.0,0.0,0.0,0.0,1.0,0.0,-0.4054465348421612,-1.4774033296474642,-1.3680586683304214,3.812241032224807,-0.6628973327628066,1.913454364726138,-0.3743262111571587,0.0,0.0,20.0,0.0,0.1772851478709586,1.0,1.0,1.0,1.0,0
1.0,0.0,0.0,0.0,0.0,0.0,0.0,0.0,0.0,0.0,1.0,0.0,1.0,0.0,0.0,0.0,1.0,0.0,0.0,1.0,0.0,0.0,0.0,0.0,0.0,1.0,0.6723501480067672,1.7516583464248812,1.5503238711444691,-0.195533448938226,-0.1216748514651653,0.3338401758586515,0.0989054085105514,0.0,0.0,14.0,0.0,0.1167978797552758,1.0,0.0,0.0,1.0,0
1.0,0.0,0.0,1.0,0.0,0.0,0.0,0.0,0.0,0.0,0.0,0.0,0.0,1.0,0.0,0.0,1.0,0.0,0.0,1.0,0.0,0.0,0.0,0.0,1.0,0.0,-0.3081395261077057,0.1054696265490967,0.2237659294746675,-0.195533448938226,-0.3615741280169947,0.3879983766198224,-0.3743262111571587,0.0,0.0,13.0,0.0,0.1654104345528008,2.0,0.0,0.0,1.0,0
1.0,0.0,0.0,0.0,0.0,1.0,0.0,0.0,0.0,0.0,0.0,0.0,1.0,0.0,0.0,0.0,1.0,0.0,0.0,0.0,1.0,0.0,0.0,1.0,0.0,0.0,-0.373598491370243,-1.5044853142455432,-1.4078309112851095,13.371235682628198,-0.6795880752330642,0.8934749170574181,3.4115267461845225,0.0,0.0,3.0,0.0,0.6417824697776311,2.0,2.0,1.0,0.0,1
1.0,0.0,0.0,0.0,0.0,0.0,0.0,0.0,0.0,0.0,1.0,0.0,0.0,1.0,0.0,0.0,0.0,1.0,0.0,1.0,0.0,0.0,0.0,0.0,0.0,1.0,-0.3726879937770678,0.9286097806857112,1.09463890530903,0.0008092125199876,-0.6665689634556908,-0.6590601714294829,-0.3743262111571587,0.0,0.0,23.0,0.0,0.3978259922675418,2.0,1.0,1.0,1.0,0
1.0,0.0,0.0,0.0,0.0,1.0,0.0,0.0,0.0,0.0,0.0,0.0,0.0,1.0,0.0,0.0,1.0,0.0,0.0,1.0,0.0,0.0,1.0,0.0,0.0,0.0,-0.3618007672373975,-0.1684783154674743,-0.0379568806684835,-0.195533448938226,-0.530780999801298,-1.299932213770006,-0.3743262111571587,0.0,0.0,11.0,0.0,0.0238708057689544,2.0,0.0,0.0,1.0,0
1.0,0.0,0.0,1.0,0.0,0.0,0.0,0.0,0.0,0.0,0.0,0.0,0.0,1.0,0.0,0.0,1.0,0.0,0.0,1.0,0.0,0.0,0.0,0.0,1.0,0.0,-0.3969227275869033,-1.1377371898340982,-1.021848830423831,-0.195533448938226,-0.4965762046940885,1.5614260597785268,-0.3743262111571587,0.0,0.0,16.0,0.0,0.2122951936048218,1.0,0.0,0.0,0.0,0
1.0,0.0,0.0,0.0,0.0,0.0,0.0,1.0,0.0,0.0,0.0,0.0,0.0,1.0,0.0,0.0,1.0,0.0,0.0,1.0,0.0,0.0,1.0,0.0,0.0,0.0,-0.3979882034938105,-0.0019565183914617,0.1468738927127789,-0.195533448938226,-0.6004338715300687,0.5594993456968639,-0.3743262111571587,0.0,0.0,12.0,0.0,0.2374398743911713,1.0,0.0,0.0,1.0,0
0.0,1.0,0.0,0.0,0.0,0.0,0.0,0.0,0.0,1.0,0.0,0.0,1.0,0.0,0.0,1.0,0.0,0.0,0.0,1.0,0.0,0.0,0.0,0.0,0.0,1.0,-0.3832458914000577,0.1606903849465324,0.3086660435807484,-0.195533448938226,-0.3027323998912808,1.5433733261914695,-0.3743262111571587,0.0,0.0,5.0,0.0,0.246864074681517,1.0,0.0,0.0,0.0,0
1.0,0.0,0.0,0.0,0.0,0.0,0.0,0.0,0.0,0.0,1.0,0.0,0.0,0.0,1.0,0.0,1.0,0.0,0.0,1.0,0.0,0.0,0.0,0.0,0.0,1.0,-0.274354253714138,-0.9527638533037752,-0.8774280473332646,-0.195533448938226,-0.5540998049266604,-0.7402974725712393,-0.3743262111571587,0.0,0.0,19.0,0.0,0.9559582161807316,2.0,0.0,0.0,0.0,0
0.0,1.0,0.0,0.0,0.0,0.0,0.0,0.0,0.0,0.0,0.0,1.0,1.0,0.0,0.0,1.0,0.0,0.0,0.0,1.0,0.0,0.0,1.0,0.0,0.0,0.0,-0.2860163718224681,-0.4236788170533775,-0.3288203957899149,-0.195533448938226,-0.4464208146402151,1.2906350559726718,-0.3743262111571587,0.0,0.0,9.0,0.0,0.8508490158121271,2.0,0.0,0.0,0.0,0
1.0,0.0,0.0,0.0,0.0,0.0,0.0,1.0,0.0,0.0,0.0,0.0,0.0,1.0,0.0,0.0,1.0,0.0,0.0,1.0,0.0,0.0,0.0,0.0,0.0,1.0,-0.3137574899804893,0.7268264505937293,0.8650281229596516,-0.195533448938226,-0.3191570219036171,0.8573694498833042,-0.3743262111571587,0.0,0.0,2.0,0.0,0.0755913660052042,2.0,0.0,0.0,1.0,0
0.0,0.0,1.0,0.0,0.0,0.0,0.0,0.0,0.0,0.0,1.0,0.0,0.0,1.0,0.0,0.0,1.0,0.0,0.0,1.0,0.0,0.0,1.0,0.0,0.0,0.0,-0.3848150468265938,-0.7352343641127544,-0.6123425694184342,-0.195533448938226,-0.4718353183717086,0.6948948475997913,-0.3743262111571587,0.0,0.0,17.0,0.0,0.1846148198564568,1.0,0.0,0.0,0.0,0
1.0,0.0,0.0,1.0,0.0,0.0,0.0,0.0,0.0,0.0,0.0,0.0,0.0,0.0,1.0,0.0,1.0,0.0,0.0,1.0,0.0,0.0,0.0,0.0,1.0,0.0,-0.247988568090488,0.7858939216838162,0.901184048634021,-0.195533448938226,-0.0114427680355367,1.019844052166817,-0.3743262111571587,0.0,0.0,15.0,0.0,0.8126448195730781,1.0,0.0,0.0,1.0,0
1.0,0.0,0.0,0.0,0.0,0.0,0.0,0.0,0.0,1.0,0.0,0.0,1.0,0.0,0.0,0.0,1.0,0.0,0.0,1.0,0.0,0.0,0.0,0.0,0.0,1.0,-0.4050009721901818,-1.4777203664078478,-1.368551473090064,1.809189371344976,-0.686386621306525,1.9224807315196664,-0.3743262111571587,1.0,0.0,4.0,0.0,0.1772851478709586,1.0,1.0,1.0,1.0,0
1.0,0.0,0.0,0.0,0.0,0.0,1.0,0.0,0.0,0.0,0.0,0.0,0.0,1.0,0.0,0.0,1.0,0.0,0.0,1.0,0.0,0.0,0.0,0.0,0.0,1.0,-0.3800688359685524,1.665776610667706,1.8556888910312668,-0.195533448938226,-0.2769436642658355,-0.514638302733027,-0.3743262111571587,0.0,0.0,1.0,0.0,0.0532557484630996,2.0,0.0,0.0,0.0,0
1.0,0.0,0.0,0.0,0.0,1.0,0.0,0.0,0.0,0.0,0.0,0.0,1.0,0.0,0.0,0.0,1.0,0.0,0.0,1.0,0.0,0.0,0.0,0.0,1.0,0.0,-0.1281515869972485,0.0388989521299378,0.0879547354202107,-0.195533448938226,0.0069237016931947,-1.3270113141505917,0.0989054085105514,0.0,0.0,14.0,0.0,0.1265325198492471,1.0,0.0,0.0,0.0,0
1.0,0.0,0.0,0.0,0.0,0.0,0.0,0.0,1.0,0.0,0.0,0.0,0.0,1.0,0.0,0.0,1.0,0.0,1.0,0.0,0.0,0.0,0.0,0.0,1.0,0.0,-0.3991311685575838,1.0940536527764204,1.2747155621855049,-0.195533448938226,-0.4539595082372697,1.7239006620620396,3.4115267461845225,0.0,0.0,2.0,0.0,0.2632769542636263,2.0,1.0,0.0,1.0,1
1.0,0.0,0.0,0.0,0.0,0.0,0.0,1.0,0.0,0.0,0.0,0.0,0.0,1.0,0.0,0.0,0.0,1.0,0.0,1.0,0.0,0.0,1.0,0.0,0.0,0.0,-0.3855899383952536,0.9943561595278734,1.1670956992341346,-0.195533448938226,-0.5238119703094815,-0.2799527661012861,-0.3743262111571587,0.0,0.0,19.0,0.0,0.4275975521110725,1.0,1.0,1.0,1.0,0
1.0,0.0,0.0,1.0,0.0,0.0,0.0,0.0,0.0,0.0,0.0,0.0,0.0,1.0,0.0,0.0,1.0,0.0,0.0,1.0,0.0,0.0,0.0,0.0,1.0,0.0,-0.3903942661209444,-1.3364487859810326,-1.2286963811550102,-0.195533448938226,-0.4573359115471475,0.34286654265218,-0.3743262111571587,0.0,0.0,21.0,0.0,0.3658759447175774,1.0,1.0,1.0,1.0,0
0.0,1.0,0.0,0.0,0.0,0.0,0.0,0.0,0.0,0.0,0.0,1.0,1.0,0.0,0.0,1.0,0.0,0.0,0.0,1.0,0.0,0.0,1.0,0.0,0.0,0.0,-0.3846600685128618,-1.1235057619235571,-1.0117970627528847,-0.195533448938226,-0.5432387637377434,-1.3270113141505917,-0.3743262111571587,0.0,0.0,10.0,0.0,0.2915183290471522,2.0,0.0,0.0,1.0,0
1.0,0.0,0.0,0.0,0.0,0.0,0.0,0.0,0.0,0.0,1.0,0.0,1.0,0.0,0.0,0.0,1.0,0.0,0.0,1.0,0.0,0.0,0.0,0.0,0.0,1.0,0.1938739766485517,-0.0622639554777143,-0.1365758096275577,0.337714948239472,-0.6809768913728416,-1.317984947357063,0.0989054085105514,1.0,0.0,11.0,0.0,0.1265325198492471,1.0,0.0,0.0,0.0,0
1.0,0.0,0.0,0.0,0.0,0.0,0.0,1.0,0.0,0.0,0.0,0.0,0.0,1.0,0.0,0.0,1.0,0.0,0.0,1.0,0.0,0.0,0.0,0.0,0.0,1.0,-0.4030637432685323,-1.4384712154723904,-1.3289024313252864,-0.195533448938226,-0.3283007545125101,-1.0832994107253222,-0.3743262111571587,0.0,0.0,3.0,0.0,0.2483551709265748,2.0,0.0,0.0,1.0,0
1.0,0.0,0.0,1.0,0.0,0.0,0.0,0.0,0.0,0.0,0.0,0.0,0.0,1.0,0.0,0.0,1.0,0.0,0.0,1.0,0.0,0.0,0.0,0.0,1.0,0.0,-0.251669303041622,0.4911695039701236,0.5993918632546326,-0.195533448938226,-0.5254336418499399,1.732927028855568,-0.3743262111571587,0.0,0.0,12.0,0.0,0.1930202718904077,1.0,0.0,0.0,0.0,0
1.0,0.0,0.0,0.0,0.0,0.0,0.0,0.0,0.0,1.0,0.0,0.0,1.0,0.0,0.0,0.0,1.0,0.0,0.0,1.0,0.0,0.0,0.0,0.0,0.0,1.0,-0.4017851721802436,-1.3522301713867808,-1.2406686379627991,-0.195533448938226,-0.6015149858903743,0.6136575464580348,-0.3743262111571587,0.0,0.0,14.0,0.0,0.2090288823471683,1.0,0.0,0.0,0.0,0
1.0,0.0,0.0,0.0,0.0,0.0,1.0,0.0,0.0,0.0,0.0,0.0,0.0,1.0,0.0,0.0,1.0,0.0,0.0,1.0,0.0,0.0,0.0,0.0,1.0,0.0,-0.385919267311934,-0.2805402423709716,-0.1442070362732003,0.6463595216041803,-0.6870560805834834,-1.317984947357063,-0.3743262111571587,1.0,0.0,18.0,0.0,0.1265325198492471,1.0,0.0,0.0,0.0,0
0.0,0.0,1.0,0.0,0.0,0.0,0.0,1.0,0.0,0.0,0.0,0.0,0.0,1.0,0.0,0.0,1.0,0.0,0.0,1.0,0.0,0.0,1.0,0.0,0.0,0.0,-0.3861904793609649,-0.6026989077498357,-0.4754950359429644,-0.0206559015944151,-0.6468552589087323,1.0108176853732886,-0.3743262111571587,0.0,0.0,17.0,0.0,0.2211515598007557,2.0,0.0,0.0,1.0,0
1.0,0.0,0.0,1.0,0.0,0.0,0.0,0.0,0.0,0.0,0.0,0.0,1.0,0.0,0.0,0.0,1.0,0.0,0.0,1.0,0.0,0.0,0.0,0.0,1.0,0.0,-0.1695307967636823,0.3961641547752501,0.4709365049507241,-0.195533448938226,-0.4712032822841453,0.9747122181991746,-0.3743262111571587,0.0,0.0,20.0,0.0,0.1657749574930738,2.0,0.0,0.0,1.0,0
0.0,1.0,0.0,0.0,0.0,0.0,0.0,0.0,0.0,0.0,0.0,1.0,1.0,0.0,0.0,1.0,0.0,0.0,0.0,1.0,0.0,0.0,1.0,0.0,0.0,0.0,-0.288709120023561,-0.3918905978789416,-0.295113999656122,0.0196376084646281,-0.6703611799810707,-1.15551034507355,-0.3743262111571587,0.0,0.0,9.0,0.0,0.0049911061287374,1.0,0.0,0.0,1.0,0
1.0,0.0,0.0,0.0,0.0,0.0,0.0,1.0,0.0,0.0,0.0,0.0,0.0,1.0,0.0,0.0,0.0,1.0,0.0,1.0,0.0,0.0,0.0,0.0,0.0,1.0,-0.3769498974046967,-0.3308504536131362,-0.1993142038073566,-0.195533448938226,-0.6077979235766123,0.34286654265218,-0.3743262111571587,0.0,0.0,20.0,0.0,0.2128650903004286,2.0,0.0,0.0,1.0,0
1.0,0.0,0.0,0.0,0.0,1.0,0.0,0.0,0.0,0.0,0.0,0.0,0.0,1.0,0.0,0.0,0.0,1.0,0.0,1.0,0.0,0.0,0.0,0.0,1.0,0.0,-0.400274133621357,0.6785100483113087,0.8476929908263399,-0.195533448938226,-0.2038935985664119,1.0288704189603457,-0.3743262111571587,0.0,0.0,10.0,0.0,0.2306548579158424,2.0,0.0,0.0,1.0,0
1.0,0.0,0.0,0.0,0.0,0.0,0.0,0.0,0.0,0.0,1.0,0.0,1.0,0.0,0.0,0.0,1.0,0.0,0.0,1.0,0.0,0.0,0.0,0.0,0.0,1.0,1.6961756330985402,1.541103665962294,0.9507254212357428,-0.195533448938226,-0.3596863360186149,-0.2167681985465866,0.0989054085105514,0.0,0.0,15.0,0.0,0.2589455972151129,2.0,0.0,0.0,1.0,0
1.0,0.0,0.0,0.0,0.0,0.0,0.0,0.0,0.0,1.0,0.0,0.0,0.0,0.0,1.0,0.0,1.0,0.0,0.0,1.0,0.0,0.0,0.0,0.0,1.0,0.0,-0.3607546636197067,-0.6887990466086081,-0.5735776773694862,-0.195533448938226,-0.0973289876975125,-0.2167681985465866,-0.3743262111571587,0.0,0.0,21.0,0.0,0.1122895878012226,2.0,0.0,0.0,0.0,0
1.0,0.0,0.0,0.0,0.0,0.0,0.0,0.0,0.0,1.0,0.0,0.0,0.0,1.0,0.0,0.0,1.0,0.0,0.0,1.0,0.0,0.0,0.0,0.0,0.0,1.0,-0.4050009721901818,-1.4854349275771754,-1.3764870791460742,-0.195533448938226,-0.2359527974816303,-0.8395875073000528,-0.3743262111571587,0.0,0.0,13.0,0.0,0.1544922225829945,1.0,1.0,1.0,1.0,0
1.0,0.0,0.0,1.0,0.0,0.0,0.0,0.0,0.0,0.0,0.0,0.0,1.0,0.0,0.0,0.0,1.0,0.0,0.0,0.0,1.0,0.0,0.0,1.0,0.0,0.0,4.801999157154706,1.7483470735942108,0.0020255290219345,-0.195533448938226,-0.3676907404170318,-0.0091617622954312,2.938295126516812,0.0,0.0,4.0,0.0,0.1063220714609312,1.0,1.0,0.0,0.0,1
1.0,0.0,0.0,0.0,0.0,0.0,0.0,0.0,0.0,1.0,0.0,0.0,0.0,1.0,0.0,0.0,1.0,0.0,0.0,1.0,0.0,0.0,1.0,0.0,0.0,0.0,-0.3610258756687377,-0.9683972882213449,-0.8610857718480563,-0.195533448938226,-0.6086378662719267,1.805137963203796,-0.3743262111571587,0.0,0.0,11.0,0.0,0.1614731058958141,1.0,0.0,0.0,1.0,0
1.0,0.0,0.0,0.0,0.0,0.0,1.0,0.0,0.0,0.0,0.0,0.0,0.0,1.0,0.0,0.0,0.0,1.0,0.0,1.0,0.0,0.0,0.0,0.0,1.0,0.0,-0.3556984961342015,0.0169177367433596,0.1504684686066429,-0.195533448938226,-0.0627000631104908,-0.7764029397453533,-0.3743262111571587,0.0,0.0,18.0,0.0,0.1419565490527036,1.0,0.0,0.0,1.0,0
0.0,1.0,0.0,0.0,0.0,0.0,0.0,0.0,0.0,1.0,0.0,0.0,1.0,0.0,0.0,1.0,0.0,0.0,0.0,1.0,0.0,0.0,0.0,0.0,0.0,1.0,0.2873065275397082,-0.1160122542547028,-0.2268170576727068,-0.195533448938226,3.0969730825831867,1.4350569246691278,-0.3743262111571587,0.0,0.0,10.0,0.0,0.0025764382859495,2.0,0.0,0.0,0.0,0
1.0,0.0,0.0,0.0,0.0,0.0,0.0,1.0,0.0,0.0,0.0,0.0,0.0,1.0,0.0,0.0,1.0,0.0,0.0,1.0,0.0,0.0,1.0,0.0,0.0,0.0,-0.399809198680161,-0.3330767561971615,-0.1930526845083676,0.1678137422301421,-0.6386886873562695,-0.1265045306113017,-0.3743262111571587,0.0,0.0,12.0,0.0,0.0942231848373984,1.0,0.0,0.0,1.0,0
1.0,0.0,0.0,0.0,0.0,0.0,0.0,0.0,0.0,1.0,0.0,0.0,0.0,1.0,0.0,0.0,1.0,0.0,0.0,1.0,0.0,0.0,1.0,0.0,0.0,0.0,-0.3986856059056044,-1.1206453858187655,-1.003607807188235,-0.195533448938226,1.9218724611775528,0.3699456430327654,-0.3743262111571587,0.0,0.0,16.0,0.0,0.0254506605216002,1.0,0.0,0.0,0.0,0
1.0,0.0,0.0,1.0,0.0,0.0,0.0,0.0,0.0,0.0,0.0,0.0,0.0,0.0,1.0,0.0,1.0,0.0,0.0,1.0,0.0,0.0,0.0,0.0,1.0,0.0,-0.4021145010969241,-1.3900420890085,-1.2794407771405656,-0.195533448938226,-0.4187193382234598,-1.0201148431706226,-0.3743262111571587,0.0,0.0,20.0,0.0,0.2349139933106467,1.0,0.0,0.0,0.0,0
1.0,0.0,0.0,0.0,0.0,0.0,0.0,1.0,0.0,0.0,0.0,0.0,0.0,1.0,0.0,0.0,1.0,0.0,0.0,1.0,0.0,0.0,0.0,0.0,0.0,1.0,-0.3976588745771302,-1.123421218787455,-1.0068472737700036,-0.1809015199398268,-0.6887941798242826,0.3699456430327654,-0.3743262111571587,1.0,0.0,19.0,0.0,0.0254506605216002,1.0,0.0,0.0,0.0,0
1.0,0.0,0.0,0.0,0.0,0.0,0.0,0.0,0.0,0.0,1.0,0.0,1.0,0.0,0.0,0.0,1.0,0.0,0.0,1.0,0.0,0.0,0.0,0.0,0.0,1.0,-0.1880119606762187,0.0704194513733833,0.1427720178016359,-0.195533448938226,-0.5497420824281976,-1.2186949126282496,-0.3743262111571587,0.0,0.0,14.0,0.0,0.2840633953278509,1.0,0.0,0.0,1.0,0
0.0,1.0,0.0,0.0,1.0,0.0,0.0,0.0,0.0,0.0,0.0,0.0,0.0,1.0,0.0,1.0,0.0,0.0,0.0,0.0,1.0,1.0,0.0,0.0,0.0,0.0,0.5402311355502699,-1.166157774087129,-1.4016708517895766,-0.195533448938226,-0.3222631466234184,-1.2909058469764776,3.8847583658522327,0.0,0.0,1.0,0.0,0.4170295050019886,2.0,2.0,1.0,0.0,1
1.0,0.0,0.0,0.0,0.0,0.0,1.0,0.0,0.0,0.0,0.0,0.0,1.0,0.0,0.0,0.0,1.0,0.0,0.0,1.0,0.0,0.0,0.0,0.0,1.0,0.0,-0.4055627685774602,-1.509487449798258,-1.401018610195932,-0.1881432106877655,-0.6334951802946472,-0.6861392718100684,-0.3743262111571587,0.0,0.0,10.0,0.0,0.1512320528770018,1.0,1.0,1.0,1.0,0
1.0,0.0,0.0,0.0,0.0,0.0,0.0,0.0,0.0,1.0,0.0,0.0,0.0,1.0,0.0,0.0,1.0,0.0,0.0,1.0,0.0,0.0,0.0,0.0,1.0,0.0,-0.2808245983124474,1.0181550523406495,1.152384027733038,-0.195533448938226,-0.2115445617316521,-0.532691036320084,-0.3743262111571587,0.0,0.0,15.0,0.0,0.2377402325775376,2.0,0.0,0.0,1.0,0
1.0,0.0,0.0,0.0,0.0,0.0,0.0,1.0,0.0,0.0,0.0,0.0,0.0,1.0,0.0,0.0,0.0,1.0,0.0,1.0,0.0,0.0,1.0,0.0,0.0,0.0,-0.389987448047398,-0.3298429812412514,-0.1934005466916448,-0.195533448938226,-0.5061440667827938,0.0179173380851541,-0.3743262111571587,0.0,0.0,8.0,0.0,0.233086853362004,1.0,0.0,0.0,1.0,0
1.0,0.0,0.0,0.0,0.0,0.0,0.0,1.0,0.0,0.0,0.0,0.0,1.0,0.0,0.0,0.0,1.0,0.0,0.0,1.0,0.0,0.0,1.0,0.0,0.0,0.0,0.3463145204931526,0.7635674884914873,0.6558904795218975,-0.195533448938226,-0.5826495403030404,-0.1896890981660011,-0.3743262111571587,0.0,0.0,14.0,0.0,0.1564739341070745,1.0,0.0,0.0,0.0,0
1.0,0.0,0.0,0.0,0.0,0.0,1.0,0.0,0.0,0.0,0.0,0.0,1.0,0.0,0.0,0.0,1.0,0.0,0.0,1.0,0.0,0.0,0.0,0.0,0.0,1.0,-0.3974845239741816,0.0873844406845627,0.2385863079080379,-0.0667056273761789,-0.6581154807845315,1.5072678590173558,-0.3743262111571587,0.0,0.0,1.0,0.0,0.2773702540926478,2.0,0.0,0.0,0.0,0
1.0,0.0,0.0,0.0,0.0,0.0,0.0,0.0,0.0,0.0,0.0,1.0,1.0,0.0,0.0,1.0,0.0,0.0,0.0,1.0,0.0,0.0,0.0,0.0,0.0,1.0,-0.4058920974941406,-1.5154618314161483,-1.4070409742439178,-0.195533448938226,-0.5073208181826648,0.7490530483609622,-0.3743262111571587,0.0,0.0,10.0,0.0,0.6178026272878285,2.0,3.0,3.0,1.0,0
1.0,0.0,0.0,0.0,0.0,1.0,0.0,0.0,0.0,0.0,0.0,0.0,0.0,1.0,0.0,0.0,1.0,0.0,0.0,1.0,0.0,0.0,0.0,0.0,1.0,0.0,1.219287989456077,0.8473779174141581,0.4155249580062002,-0.195533448938226,-0.329810156484783,0.270655608303952,0.0989054085105514,0.0,0.0,16.0,0.0,0.2990783699921168,1.0,0.0,0.0,1.0,0
1.0,0.0,0.0,0.0,0.0,0.0,0.0,0.0,0.0,1.0,0.0,0.0,0.0,1.0,0.0,0.0,0.0,1.0,0.0,1.0,0.0,0.0,0.0,0.0,0.0,1.0,-0.2055438824171469,0.9163792069962562,1.0195296622364372,-0.0651458785996998,-0.6600698028973918,-0.6319810710488974,-0.3743262111571587,0.0,0.0,23.0,0.0,0.3978259922675418,2.0,1.0,1.0,1.0,0
1.0,0.0,0.0,0.0,1.0,0.0,0.0,0.0,0.0,0.0,0.0,0.0,1.0,0.0,0.0,0.0,1.0,0.0,1.0,0.0,0.0,1.0,0.0,0.0,0.0,0.0,-0.4044004312244704,-0.8201227180207286,-0.6923363773145439,-0.195533448938226,2.7948930977851605,1.164265920863273,3.8847583658522327,0.0,0.0,4.0,0.0,0.368069748760192,2.0,1.0,0.0,0.0,1
1.0,0.0,0.0,1.0,0.0,0.0,0.0,0.0,0.0,0.0,0.0,0.0,0.0,0.0,1.0,0.0,1.0,0.0,0.0,1.0,0.0,0.0,0.0,0.0,1.0,0.0,0.0043548712435788,-0.5217206738865893,-0.5382986542821279,-0.195533448938226,-0.3499563067758638,-0.1445572641983587,-0.3743262111571587,0.0,0.0,19.0,0.0,0.9214855655814652,1.0,0.0,0.0,0.0,0
1.0,0.0,0.0,0.0,0.0,0.0,0.0,0.0,0.0,0.0,1.0,0.0,1.0,0.0,0.0,0.0,1.0,0.0,0.0,1.0,0.0,0.0,0.0,0.0,0.0,1.0,1.4601824058631954,-0.0089735986879463,-0.5554815967102558,0.2229620025413671,-0.6808271986152608,-1.209668545834721,-0.3743262111571587,1.0,0.0,11.0,1.0,0.2840633953278509,1.0,0.0,0.0,1.0,0
1.0,0.0,0.0,0.0,0.0,0.0,0.0,0.0,0.0,0.0,1.0,0.0,0.0,1.0,0.0,0.0,1.0,0.0,0.0,1.0,0.0,0.0,0.0,0.0,0.0,1.0,-0.1937849028627343,-1.2597752067976575,-1.223376988602397,-0.195533448938226,-0.5075952549048963,1.8502697971714384,-0.3743262111571587,0.0,0.0,20.0,1.0,0.3823419432931173,2.0,1.0,1.0,1.0,0
1.0,0.0,0.0,0.0,0.0,0.0,0.0,0.0,0.0,1.0,0.0,0.0,1.0,0.0,0.0,0.0,1.0,0.0,0.0,1.0,0.0,0.0,0.0,0.0,0.0,1.0,-0.3202278345787987,1.613423273636404,1.7794490958630234,-0.195533448938226,-0.1240907262472331,0.0811019056398536,-0.3743262111571587,0.0,0.0,5.0,1.0,0.230196929336281,1.0,0.0,0.0,1.0,0
1.0,0.0,0.0,0.0,0.0,0.0,1.0,0.0,0.0,0.0,0.0,0.0,1.0,0.0,0.0,0.0,0.0,1.0,0.0,1.0,0.0,0.0,0.0,0.0,1.0,0.0,-0.1758655353374762,0.5777980374295352,0.6601445441382243,-0.195533448938226,-0.2273620964493552,-1.191615812247664,-0.3743262111571587,0.0,0.0,21.0,1.0,0.2402333239590166,1.0,0.0,0.0,0.0,0
1.0,0.0,0.0,0.0,0.0,0.0,1.0,0.0,0.0,0.0,0.0,0.0,0.0,1.0,0.0,0.0,1.0,0.0,0.0,1.0,0.0,0.0,0.0,0.0,0.0,1.0,-0.3965740263810064,0.2561818571739937,0.4118796522106082,2.9207703327157435,-0.6866028441785861,0.2796819750974805,-0.3743262111571587,1.0,0.0,0.0,1.0,0.2990783699921168,1.0,0.0,0.0,1.0,0
1.0,0.0,0.0,0.0,0.0,0.0,0.0,0.0,0.0,1.0,0.0,0.0,0.0,1.0,0.0,0.0,1.0,0.0,0.0,1.0,0.0,0.0,0.0,0.0,0.0,1.0,-0.0831691314365465,0.1614794542168197,0.1972196966133294,-0.195533448938226,-0.340858313620676,-0.2077418317530582,-0.3743262111571587,0.0,0.0,17.0,1.0,0.2083543684981106,2.0,0.0,0.0,1.0,0
1.0,0.0,0.0,1.0,0.0,0.0,0.0,0.0,0.0,0.0,0.0,0.0,1.0,0.0,0.0,0.0,1.0,0.0,0.0,0.0,1.0,0.0,0.0,1.0,0.0,0.0,-0.0790234615442166,-1.3342929360104256,-1.342961861232738,-0.195533448938226,-0.5279784187288133,-0.6410074378424259,3.4115267461845225,0.0,0.0,2.0,1.0,0.2124830920887356,2.0,1.0,0.0,1.0,1
1.0,0.0,0.0,0.0,0.0,0.0,0.0,1.0,0.0,0.0,0.0,0.0,0.0,1.0,0.0,0.0,0.0,1.0,0.0,1.0,0.0,0.0,1.0,0.0,0.0,0.0,-0.3375466611383454,1.6088227179801748,1.7811956539082272,-0.195533448938226,-0.5021148367245776,-0.352163700449514,-0.3743262111571587,0.0,0.0,12.0,1.0,0.2198923259224884,2.0,0.0,0.0,0.0,0
1.0,0.0,0.0,1.0,0.0,0.0,0.0,0.0,0.0,0.0,0.0,0.0,0.0,0.0,1.0,0.0,1.0,0.0,0.0,1.0,0.0,0.0,0.0,0.0,1.0,0.0,-0.2358421427517454,-0.8974374159862119,-0.8349236368140869,-0.195533448938226,-0.6182514678143372,-1.1374576114864932,-0.3743262111571587,0.0,0.0,15.0,1.0,0.1992938771356943,1.0,0.0,0.0,1.0,0
1.0,0.0,0.0,0.0,0.0,0.0,0.0,0.0,0.0,0.0,0.0,1.0,1.0,0.0,0.0,1.0,0.0,0.0,0.0,1.0,0.0,0.0,0.0,0.0,0.0,1.0,-0.2333624897320341,-0.8185657152641793,-0.7547196621822473,-0.195533448938226,-0.5731939477825208,0.5685257124903923,-0.3743262111571587,0.0,0.0,9.0,1.0,0.2078227255199341,2.0,0.0,0.0,1.0,0
1.0,0.0,0.0,0.0,0.0,0.0,0.0,0.0,0.0,0.0,1.0,0.0,1.0,0.0,0.0,0.0,1.0,0.0,0.0,1.0,0.0,0.0,0.0,0.0,0.0,1.0,1.5294383398121658,0.4939876085068644,-0.0640175558989973,0.2462468235616622,-0.6943120211939965,-1.191615812247664,-0.3743262111571587,1.0,0.0,10.0,1.0,0.2402333239590166,1.0,0.0,0.0,0.0,0
1.0,0.0,0.0,0.0,0.0,0.0,1.0,0.0,0.0,0.0,0.0,0.0,0.0,1.0,0.0,0.0,1.0,0.0,0.0,1.0,0.0,0.0,0.0,0.0,0.0,1.0,-0.3908010841944908,0.3625089413452234,0.5190936759481554,-0.195533448938226,-0.0069145621187179,1.895401631139081,-0.3743262111571587,0.0,0.0,2.0,1.0,0.8617765740030365,2.0,0.0,0.0,0.0,0
1.0,0.0,0.0,0.0,1.0,0.0,0.0,0.0,0.0,0.0,0.0,0.0,1.0,0.0,0.0,1.0,0.0,0.0,0.0,1.0,0.0,1.0,0.0,0.0,0.0,0.0,0.247438356332161,-0.3286241510291111,-0.4306063200425745,-0.195533448938226,-0.2842370280657437,1.3086877895597289,0.5721370281782616,0.0,0.0,13.0,1.0,0.2330246253840381,1.0,0.0,0.0,1.0,0
1.0,0.0,0.0,0.0,0.0,0.0,0.0,0.0,1.0,0.0,0.0,0.0,0.0,1.0,0.0,0.0,1.0,0.0,0.0,1.0,0.0,0.0,0.0,0.0,1.0,0.0,-0.3503711165996653,-0.5001551289191803,-0.3834130171779736,-0.195533448938226,-0.1145103897620627,1.3628459903208998,0.0989054085105514,0.0,0.0,15.0,1.0,0.2551335760302412,2.0,0.0,0.0,1.0,0
0.0,1.0,0.0,0.0,0.0,0.0,0.0,0.0,0.0,1.0,0.0,0.0,0.0,1.0,0.0,1.0,0.0,0.0,1.0,0.0,0.0,0.0,0.0,0.0,1.0,0.0,4.954594679313038,0.534836033766922,-1.3033418079832335,-0.195533448938226,-0.5748863075696146,0.4421565773809934,3.4115267461845225,0.0,0.0,23.0,1.0,0.287702489528994,2.0,1.0,0.0,0.0,1
1.0,0.0,0.0,0.0,0.0,0.0,0.0,1.0,0.0,0.0,0.0,0.0,0.0,1.0,0.0,0.0,0.0,1.0,0.0,1.0,0.0,0.0,1.0,0.0,0.0,0.0,-0.3355513153490464,0.1985445741363029,0.3297624355707443,-0.195533448938226,-0.3051981722592088,1.7239006620620396,-0.3743262111571587,0.0,0.0,19.0,1.0,0.0502764735272282,1.0,0.0,0.0,1.0,0
1.0,0.0,0.0,1.0,0.0,0.0,0.0,0.0,0.0,0.0,0.0,0.0,1.0,0.0,0.0,0.0,1.0,0.0,0.0,1.0,0.0,0.0,1.0,0.0,0.0,0.0,-0.3378372454765929,-1.1616206257829762,-1.068520340013516,-0.195533448938226,-0.2589597426953661,-0.0091617622954312,-0.3743262111571587,0.0,0.0,22.0,1.0,0.2332435223828453,2.0,0.0,0.0,1.0,0
1.0,0.0,0.0,0.0,0.0,0.0,0.0,0.0,0.0,0.0,0.0,1.0,1.0,0.0,0.0,1.0,0.0,0.0,0.0,1.0,0.0,0.0,0.0,0.0,0.0,1.0,-0.3890188335865732,-1.391570910719682,-1.2859124631752843,-0.1874747469264173,-0.6742989311318764,-1.0020621095835658,-0.3743262111571587,0.0,0.0,9.0,1.0,0.2349139933106467,1.0,0.0,0.0,0.0,0
1.0,0.0,0.0,0.0,0.0,0.0,0.0,0.0,0.0,0.0,1.0,0.0,0.0,0.0,1.0,0.0,1.0,0.0,0.0,1.0,0.0,0.0,0.0,0.0,0.0,1.0,0.5429238837513627,1.3593711496492231,1.1952145590490382,1.8722849230411176,-0.6399693920600162,0.378972009826294,-0.3743262111571587,0.0,0.0,14.0,1.0,0.1167978797552758,1.0,0.0,0.0,1.0,0
1.0,0.0,0.0,0.0,0.0,0.0,1.0,0.0,0.0,0.0,0.0,0.0,1.0,0.0,0.0,0.0,1.0,0.0,0.0,1.0,0.0,0.0,0.0,0.0,0.0,1.0,-0.1045755110207738,1.226081850322726,1.3003341625581035,-0.195533448938226,-0.2732138197227809,1.2274504884179724,-0.3743262111571587,0.0,0.0,11.0,1.0,0.0434267701695467,2.0,0.0,0.0,1.0,0
1.0,0.0,0.0,0.0,0.0,0.0,0.0,1.0,0.0,0.0,0.0,0.0,1.0,0.0,0.0,0.0,1.0,0.0,0.0,1.0,0.0,0.0,0.0,0.0,0.0,1.0,-0.3950242432436868,-1.4148061826251097,-1.3075668840842876,10.081391281153111,-0.6948401039776843,0.4421565773809934,-0.3743262111571587,1.0,0.0,10.0,1.0,0.287702489528994,2.0,1.0,1.0,0.0,0
1.0,0.0,0.0,0.0,0.0,0.0,0.0,1.0,0.0,0.0,0.0,0.0,0.0,1.0,0.0,0.0,1.0,0.0,0.0,1.0,0.0,0.0,0.0,0.0,0.0,1.0,-0.2116267812311264,0.2526380907190421,0.3390460075869534,1.3719397976720027,-0.6757085379324289,0.288708341891009,-0.3743262111571587,0.0,0.0,10.0,1.0,0.2990783699921168,1.0,0.0,0.0,1.0,0
1.0,0.0,0.0,0.0,0.0,1.0,0.0,0.0,0.0,0.0,0.0,0.0,1.0,0.0,0.0,0.0,1.0,0.0,1.0,0.0,0.0,0.0,0.0,1.0,0.0,0.0,6.064626851418215,1.251212297529112,-0.9816997367705924,-0.195533448938226,-0.5247018105906561,-0.2619000325142291,3.8847583658522327,0.0,0.0,3.0,1.0,0.3126587691230716,2.0,1.0,0.0,1.0,1
1.0,0.0,0.0,1.0,0.0,0.0,0.0,0.0,0.0,0.0,0.0,0.0,0.0,1.0,0.0,0.0,1.0,0.0,0.0,1.0,0.0,0.0,0.0,0.0,1.0,0.0,-0.3797782516303051,-1.356534826066652,-1.253329372008324,-0.195533448938226,-0.2143221940112067,-0.2889791328948146,-0.3743262111571587,0.0,0.0,13.0,1.0,0.1082148969955817,2.0,0.0,0.0,0.0,0
1.0,0.0,0.0,1.0,0.0,0.0,0.0,0.0,0.0,0.0,0.0,0.0,0.0,1.0,0.0,0.0,1.0,0.0,0.0,1.0,0.0,0.0,0.0,0.0,1.0,0.0,-0.394094373361295,-1.4729789055247813,-1.367754288920054,-0.195533448938226,-0.384876300613737,-1.299932213770006,-0.3743262111571587,0.0,0.0,16.0,1.0,0.1833070706566252,2.0,1.0,1.0,1.0,0
1.0,0.0,0.0,0.0,0.0,0.0,0.0,0.0,0.0,0.0,0.0,1.0,1.0,0.0,0.0,1.0,0.0,0.0,0.0,1.0,0.0,0.0,1.0,0.0,0.0,0.0,-0.3473684117711085,-1.0886105824973644,-0.9898527566911508,-0.195533448938226,-0.5446400542739858,-0.5958756038747834,-0.3743262111571587,0.0,0.0,11.0,1.0,0.0705769536330207,1.0,0.0,0.0,1.0,0
1.0,0.0,0.0,0.0,0.0,0.0,0.0,0.0,0.0,0.0,1.0,0.0,0.0,1.0,0.0,0.0,1.0,0.0,0.0,1.0,0.0,0.0,0.0,0.0,0.0,1.0,-0.2791004645721793,-0.592109879953032,-0.5046647294365176,-0.195533448938226,-0.3269285709013529,0.6948948475997913,-0.3743262111571587,0.0,0.0,9.0,1.0,0.1676778419924493,1.0,0.0,0.0,1.0,0
1.0,0.0,0.0,0.0,0.0,0.0,1.0,0.0,0.0,0.0,0.0,0.0,0.0,0.0,1.0,0.0,1.0,0.0,0.0,1.0,0.0,0.0,0.0,0.0,0.0,1.0,-0.3849700251403257,0.0357285845261044,0.1807687141958472,-0.195533448938226,-0.5916810033437477,1.741953395649097,-0.3743262111571587,0.0,0.0,20.0,1.0,0.1863225885337139,2.0,0.0,0.0,1.0,0
1.0,0.0,0.0,0.0,0.0,0.0,0.0,0.0,0.0,1.0,0.0,0.0,0.0,1.0,0.0,0.0,0.0,1.0,0.0,1.0,0.0,0.0,0.0,0.0,0.0,1.0,-0.4047878770088004,-1.4987645620359595,-1.3902783652872497,-0.195533448938226,-0.5273339082447849,-0.514638302733027,-0.3743262111571587,0.0,0.0,18.0,1.0,0.1606632755025288,1.0,1.0,1.0,1.0,0
1.0,0.0,0.0,0.0,1.0,0.0,0.0,0.0,0.0,0.0,0.0,0.0,1.0,0.0,0.0,1.0,0.0,0.0,0.0,1.0,0.0,1.0,0.0,0.0,0.0,0.0,-0.1190078664870627,-0.8208201988935719,-0.7998185448183671,-0.1918568982508109,-0.6662862104691494,1.18231865445033,0.0989054085105514,0.0,0.0,12.0,1.0,0.368069748760192,2.0,1.0,1.0,0.0,0
1.0,0.0,0.0,0.0,0.0,0.0,0.0,0.0,1.0,0.0,0.0,0.0,0.0,1.0,0.0,0.0,1.0,0.0,0.0,1.0,0.0,0.0,0.0,0.0,1.0,0.0,-0.4049622276117489,-1.4678006384385205,-1.3583620099715707,-0.195533448938226,-0.5376627085178591,1.3086877895597289,-0.3743262111571587,0.0,0.0,10.0,1.0,0.457814913812836,2.0,2.0,2.0,0.0,0
1.0,0.0,0.0,0.0,0.0,0.0,0.0,1.0,0.0,0.0,0.0,0.0,0.0,1.0,0.0,0.0,1.0,0.0,0.0,1.0,0.0,0.0,1.0,0.0,0.0,0.0,-0.4024438300136044,-1.376599730368247,-1.265490054165388,-0.195533448938226,-0.5160653701046758,1.3357668899403143,-0.3743262111571587,0.0,0.0,7.0,1.0,0.2151138471037736,2.0,0.0,0.0,0.0,0
1.0,0.0,0.0,1.0,0.0,0.0,0.0,0.0,0.0,0.0,0.0,0.0,1.0,0.0,0.0,0.0,1.0,0.0,0.0,1.0,0.0,0.0,0.0,0.0,1.0,0.0,-0.3823935106745319,-1.4739300158059314,-1.3731099171167584,-0.195533448938226,-0.608862405408298,0.306761075478066,-0.3743262111571587,0.0,0.0,16.0,1.0,0.2597871619098845,2.0,0.0,0.0,0.0,0
1.0,0.0,0.0,0.0,0.0,0.0,0.0,0.0,0.0,0.0,0.0,1.0,1.0,0.0,0.0,1.0,0.0,0.0,0.0,1.0,0.0,0.0,1.0,0.0,0.0,0.0,0.1912587176043249,1.5872008109220317,1.561129340212516,-0.195533448938226,-0.1555553122642832,-0.3341109668624571,-0.3743262111571587,0.0,0.0,10.0,1.0,0.0372904419857371,2.0,0.0,0.0,1.0,0
1.0,0.0,0.0,0.0,0.0,0.0,0.0,0.0,0.0,0.0,1.0,0.0,1.0,0.0,0.0,0.0,1.0,0.0,0.0,1.0,0.0,0.0,0.0,0.0,0.0,1.0,0.1198718318415399,-0.8339877923414932,-0.9027277740378594,-0.195533448938226,-0.5384943349488636,0.9747122181991746,-0.3743262111571587,0.0,0.0,15.0,1.0,0.2061660365519345,1.0,0.0,0.0,1.0,0
1.0,0.0,0.0,0.0,0.0,0.0,1.0,0.0,0.0,0.0,0.0,0.0,0.0,1.0,0.0,0.0,1.0,0.0,0.0,1.0,0.0,0.0,0.0,0.0,1.0,0.0,-0.3215838948239534,0.0235473276660421,0.1445258229756583,-0.195533448938226,-0.1801922452827875,-1.0652466771382652,-0.3743262111571587,0.0,0.0,19.0,1.0,0.2797682409679856,2.0,0.0,0.0,1.0,0
1.0,0.0,0.0,0.0,0.0,0.0,0.0,0.0,0.0,1.0,0.0,0.0,0.0,1.0,0.0,0.0,1.0,0.0,0.0,1.0,0.0,0.0,0.0,0.0,0.0,1.0,-0.3193560815640563,-0.9903362320398718,-0.8992419050762696,-0.195533448938226,-0.5001896215368025,0.5414466121098068,-0.3743262111571587,0.0,0.0,12.0,0.0,0.0920448622502855,2.0,0.0,0.0,1.0,0
1.0,0.0,0.0,0.0,0.0,0.0,0.0,1.0,0.0,0.0,0.0,0.0,0.0,1.0,0.0,0.0,1.0,0.0,0.0,1.0,0.0,0.0,1.0,0.0,0.0,0.0,-0.2902589031608806,1.2962315175035457,1.4419575539248164,-0.195533448938226,-0.3471121443818288,-0.9749830092029802,-0.3743262111571587,0.0,0.0,20.0,0.0,0.2859596708448945,1.0,0.0,0.0,1.0,0
1.0,0.0,0.0,1.0,0.0,0.0,0.0,0.0,0.0,0.0,0.0,0.0,0.0,0.0,1.0,0.0,1.0,0.0,0.0,1.0,0.0,0.0,0.0,0.0,1.0,0.0,-0.3684648347278718,-1.345368086839817,-1.2460749960612316,-0.195533448938226,-0.569817544472643,0.1262337396074961,-0.3743262111571587,0.0,0.0,14.0,0.0,0.3581711866055946,1.0,1.0,1.0,1.0,0
1.0,0.0,0.0,0.0,0.0,0.0,0.0,1.0,0.0,0.0,0.0,0.0,0.0,1.0,0.0,0.0,1.0,0.0,0.0,1.0,0.0,0.0,1.0,0.0,0.0,0.0,-0.2368688740802197,0.5367100732838546,0.640700497518795,-0.195533448938226,-0.3824105282458091,-0.9930357427900371,-0.3743262111571587,0.0,0.0,13.0,0.0,0.1403183288116792,2.0,0.0,0.0,1.0,0
1.0,0.0,0.0,0.0,0.0,1.0,0.0,0.0,0.0,0.0,0.0,0.0,1.0,0.0,0.0,0.0,1.0,0.0,0.0,1.0,0.0,0.0,1.0,0.0,0.0,0.0,-0.2423124873500549,-0.9210038151747066,-0.8567447416859103,-0.195533448938226,-0.4548576647827545,1.5704524265720552,0.0989054085105514,0.0,0.0,21.0,0.0,0.2695091823757683,2.0,0.0,0.0,1.0,0
1.0,0.0,0.0,0.0,0.0,0.0,0.0,0.0,0.0,1.0,0.0,0.0,0.0,1.0,0.0,0.0,1.0,0.0,0.0,1.0,0.0,0.0,1.0,0.0,0.0,0.0,-0.237430670467498,1.5535596880146885,1.6868960137248443,-0.195533448938226,-0.2413542111510037,1.7961115964102676,-0.3743262111571587,0.0,0.0,11.0,0.0,0.8065060183481829,2.0,0.0,0.0,0.0,0
1.0,0.0,0.0,0.0,0.0,0.0,0.0,1.0,0.0,0.0,0.0,0.0,0.0,1.0,0.0,0.0,0.0,1.0,0.0,1.0,0.0,0.0,1.0,0.0,0.0,0.0,-0.3848150468265938,0.0459583039944735,0.1912335682094348,-0.195533448938226,-0.3031149480495428,-1.209668545834721,-0.3743262111571587,0.0,0.0,8.0,0.0,0.0431854536154177,1.0,0.0,0.0,1.0,0
1.0,0.0,0.0,0.0,0.0,1.0,0.0,0.0,0.0,0.0,0.0,0.0,1.0,0.0,0.0,0.0,1.0,0.0,0.0,1.0,0.0,0.0,1.0,0.0,0.0,0.0,-0.3983950215673569,-1.4533226263810144,-1.3459259369194123,0.4318940648383049,-0.664872445536442,-0.6229547042553689,-0.3743262111571587,0.0,0.0,14.0,0.0,0.2124830920887356,2.0,1.0,1.0,1.0,0
0.0,1.0,0.0,0.0,1.0,0.0,0.0,0.0,0.0,0.0,0.0,0.0,0.0,1.0,0.0,1.0,0.0,0.0,0.0,0.0,1.0,1.0,0.0,0.0,0.0,0.0,5.87080709780718,0.9639347210537568,-1.2047011376377048,-0.195533448938226,-0.006739920568207,1.6426633609202832,3.8847583658522327,0.0,0.0,3.0,0.0,0.1456494429460083,2.0,1.0,0.0,0.0,1
1.0,0.0,0.0,0.0,0.0,0.0,0.0,1.0,0.0,0.0,0.0,0.0,0.0,1.0,0.0,0.0,1.0,0.0,0.0,1.0,0.0,0.0,1.0,0.0,0.0,0.0,-0.3603091009677273,-1.378008782636617,-1.2827019851087889,-0.188106073812135,-0.6756420078179485,1.3447932567338428,-0.3743262111571587,0.0,0.0,17.0,0.0,0.2151138471037736,2.0,0.0,0.0,0.0,0
1.0,0.0,0.0,0.0,0.0,0.0,1.0,0.0,0.0,0.0,0.0,0.0,1.0,0.0,0.0,0.0,1.0,0.0,0.0,1.0,0.0,0.0,0.0,0.0,0.0,1.0,-0.3978525974692951,-1.312339901669215,-1.2011065617438408,-0.195533448938226,-0.5528149420907588,1.7148742952685112,-0.3743262111571587,0.0,0.0,0.0,0.0,0.2442328211801969,2.0,1.0,1.0,1.0,0
1.0,0.0,0.0,0.0,0.0,0.0,0.0,0.0,0.0,0.0,0.0,1.0,1.0,0.0,0.0,1.0,0.0,0.0,0.0,1.0,0.0,0.0,0.0,0.0,0.0,1.0,0.2648927889162232,1.5338540920415284,1.4787077441622845,-0.195533448938226,-0.3602185769344576,1.4982414922238272,-0.3743262111571587,0.0,0.0,10.0,0.0,0.1381486151223167,2.0,0.0,0.0,1.0,0
1.0,0.0,0.0,0.0,0.0,0.0,1.0,0.0,0.0,0.0,0.0,0.0,1.0,0.0,0.0,0.0,0.0,1.0,0.0,1.0,0.0,0.0,0.0,0.0,1.0,0.0,-0.2686006838168389,0.986817729892092,1.115575860465024,-0.1557969920136395,-0.6494956728271712,-0.2438472989271721,-0.3743262111571587,0.0,0.0,20.0,0.0,0.4275975521110725,1.0,1.0,1.0,1.0,0
1.0,0.0,0.0,1.0,0.0,0.0,0.0,0.0,0.0,0.0,0.0,0.0,0.0,1.0,0.0,0.0,1.0,0.0,0.0,1.0,0.0,0.0,0.0,0.0,1.0,0.0,-0.3034514321173138,-0.9419071055759812,-0.8553750343392564,-0.195533448938226,-0.5901009131248394,-1.0201148431706226,-0.3743262111571587,0.0,0.0,13.0,0.0,0.1544331753545235,1.0,0.0,0.0,0.0,0
1.0,0.0,0.0,0.0,0.0,0.0,0.0,0.0,0.0,1.0,0.0,0.0,0.0,1.0,0.0,0.0,1.0,0.0,0.0,1.0,0.0,0.0,1.0,0.0,0.0,0.0,-0.3169732899904275,-0.588974738655908,-0.4872716202726598,-0.195533448938226,-0.4376679464538942,1.037896785753874,-0.3743262111571587,0.0,0.0,18.0,0.0,0.2235876840982851,2.0,0.0,0.0,1.0,0
1.0,0.0,0.0,0.0,0.0,0.0,0.0,1.0,0.0,0.0,0.0,0.0,0.0,1.0,0.0,0.0,0.0,1.0,0.0,1.0,0.0,0.0,0.0,0.0,0.0,1.0,-0.4050784613470478,-1.4993211376819655,-1.3907421815316194,-0.19259963576342,-0.6683195370929551,-0.49658556914597,-0.3743262111571587,0.0,0.0,21.0,0.0,0.1606632755025288,1.0,1.0,1.0,1.0,0
1.0,0.0,0.0,0.0,0.0,1.0,0.0,0.0,0.0,0.0,0.0,0.0,0.0,1.0,0.0,0.0,1.0,0.0,0.0,0.0,1.0,0.0,0.0,1.0,0.0,0.0,2.0796500981390635,-0.4537832187671109,-1.2447777600027603,-0.195533448938226,-0.5736056028658679,0.0901282724333821,2.938295126516812,0.0,0.0,2.0,0.0,1.0,2.0,1.0,0.0,0.0,1
1.0,0.0,0.0,0.0,0.0,0.0,0.0,0.0,0.0,0.0,1.0,0.0,1.0,0.0,0.0,0.0,1.0,0.0,0.0,1.0,0.0,0.0,0.0,0.0,0.0,1.0,2.127422163346941,1.1153303420288132,0.3514241036085656,-0.195533448938226,-0.6127627333697083,1.272582322385615,-0.3743262111571587,0.0,0.0,11.0,0.0,0.7887346266164071,1.0,0.0,0.0,0.0,0
0.0,0.0,1.0,0.0,0.0,0.0,0.0,0.0,0.0,1.0,0.0,0.0,1.0,0.0,0.0,1.0,0.0,0.0,0.0,1.0,0.0,0.0,0.0,0.0,0.0,1.0,-0.3557372407126345,0.3222241369925137,0.4645372902041881,-0.195533448938226,-0.5130091429707347,-0.8486138740935812,-0.3743262111571587,0.0,0.0,9.0,0.0,0.93264492878,1.0,0.0,0.0,0.0,0
1.0,0.0,0.0,1.0,0.0,0.0,0.0,0.0,0.0,0.0,0.0,0.0,0.0,1.0,0.0,0.0,1.0,0.0,0.0,1.0,0.0,0.0,0.0,0.0,1.0,0.0,-0.3711188383505317,-1.0907946135133386,-0.9832143866936116,-0.195533448938226,-0.5701501950450447,1.4350569246691278,-0.3743262111571587,0.0,0.0,15.0,0.0,0.0220980548284439,1.0,0.0,0.0,0.0,0
1.0,0.0,0.0,0.0,0.0,0.0,0.0,0.0,0.0,0.0,1.0,0.0,0.0,0.0,1.0,0.0,1.0,0.0,0.0,1.0,0.0,0.0,0.0,0.0,0.0,1.0,0.7700833471039857,0.6217393324186657,0.3514675863814755,-0.195533448938226,-0.3863482793966148,-0.1265045306113017,-0.3743262111571587,0.0,0.0,20.0,0.0,0.0288536928527474,1.0,0.0,0.0,0.0,0
1.0,0.0,0.0,0.0,0.0,0.0,1.0,0.0,0.0,0.0,0.0,0.0,0.0,1.0,0.0,0.0,1.0,0.0,0.0,1.0,0.0,0.0,0.0,0.0,0.0,1.0,-0.3547298816733767,0.8273764204646405,0.9837868229047092,-0.195533448938226,0.6106387511486591,-0.8125084069194674,-0.3743262111571587,0.0,0.0,7.0,0.0,0.2678365777772575,2.0,0.0,0.0,1.0,0
1.0,0.0,0.0,0.0,0.0,0.0,0.0,0.0,0.0,0.0,0.0,1.0,1.0,0.0,0.0,1.0,0.0,0.0,0.0,1.0,0.0,0.0,1.0,0.0,0.0,0.0,0.2130912875513149,0.7352173568518752,0.6765665380404333,-0.195533448938226,-0.5906165215120621,1.9044279979326093,-0.3743262111571587,0.0,0.0,12.0,0.0,0.0842152602872764,1.0,0.0,0.0,1.0,0
1.0,0.0,0.0,0.0,0.0,0.0,0.0,1.0,0.0,0.0,0.0,0.0,0.0,1.0,0.0,0.0,1.0,0.0,0.0,1.0,0.0,0.0,1.0,0.0,0.0,0.0,-0.4016495661557281,-1.404329879009776,-1.294311885475664,-0.195533448938226,-0.4181413578539117,-0.2077418317530582,-0.3743262111571587,0.0,0.0,19.0,0.0,0.1179749565353476,1.0,0.0,0.0,0.0,0
1.0,0.0,0.0,0.0,0.0,0.0,0.0,0.0,0.0,1.0,0.0,0.0,1.0,0.0,0.0,0.0,1.0,0.0,0.0,1.0,0.0,0.0,1.0,0.0,0.0,0.0,-0.1202283207077019,-0.8237932991798335,-0.8024202640641276,-0.195533448938226,-0.4488408475544378,1.398951457495014,-0.3743262111571587,0.0,0.0,14.0,0.0,0.9434765956938906,1.0,0.0,0.0,0.0,0
1.0,0.0,0.0,1.0,0.0,0.0,0.0,0.0,0.0,0.0,0.0,0.0,0.0,1.0,0.0,0.0,0.0,1.0,0.0,1.0,0.0,0.0,0.0,0.0,1.0,0.0,0.1553231211077262,1.8868357757909944,1.882793152811612,-0.195533448938226,-0.389238181244355,1.4531096582561849,-0.3743262111571587,0.0,0.0,11.0,0.0,0.1198936683161768,2.0,0.0,0.0,1.0,0
1.0,0.0,0.0,0.0,1.0,0.0,0.0,0.0,0.0,0.0,0.0,0.0,1.0,0.0,0.0,1.0,0.0,0.0,0.0,1.0,0.0,1.0,0.0,0.0,0.0,0.0,-0.3995573589203466,-1.4682938067324498,-1.3608912579291483,-0.1929338676440941,-0.6595001387921537,1.3357668899403143,0.0989054085105514,0.0,0.0,10.0,0.0,0.457814913812836,2.0,2.0,2.0,0.0,0
1.0,0.0,0.0,0.0,0.0,0.0,1.0,0.0,0.0,0.0,0.0,0.0,0.0,1.0,0.0,0.0,1.0,0.0,0.0,1.0,0.0,0.0,0.0,0.0,1.0,0.0,-0.3623431913354593,-0.1846683260310501,-0.0544078630859658,-0.195533448938226,-0.6078727699554027,-1.227721279421778,-0.3743262111571587,0.0,0.0,16.0,0.0,0.0238708057689544,2.0,0.0,0.0,1.0,0
1.0,0.0,0.0,0.0,0.0,0.0,0.0,0.0,0.0,1.0,0.0,0.0,0.0,0.0,1.0,0.0,1.0,0.0,0.0,1.0,0.0,0.0,0.0,0.0,1.0,0.0,-0.3938425336014806,-1.4040551138174435,-1.296949840365516,-0.195533448938226,-0.5062937595403745,1.597531526952641,-0.3743262111571587,0.0,0.0,13.0,0.0,0.5593714550038025,1.0,2.0,2.0,1.0,0
1.0,0.0,0.0,0.0,0.0,0.0,0.0,0.0,0.0,1.0,0.0,0.0,1.0,0.0,0.0,0.0,1.0,0.0,0.0,0.0,1.0,0.0,0.0,0.0,0.0,1.0,-0.3887282492483258,1.6825795589680232,1.8762127598446188,0.8811388493399146,-0.6928109354860336,1.4531096582561849,3.4115267461845225,1.0,0.0,4.0,0.0,0.2438724019794121,2.0,1.0,0.0,1.0,1
1.0,0.0,0.0,0.0,0.0,0.0,0.0,0.0,0.0,1.0,0.0,0.0,0.0,1.0,0.0,0.0,1.0,0.0,0.0,1.0,0.0,0.0,1.0,0.0,0.0,0.0,-0.3530832370899746,-0.74305460420221,-0.6322576794110515,-0.195533448938226,-0.6194698005357586,0.7580794151544907,-0.3743262111571587,0.0,0.0,18.0,0.0,0.1846148198564568,1.0,0.0,0.0,0.0,0
1.0,0.0,0.0,0.0,0.0,0.0,0.0,0.0,0.0,0.0,1.0,0.0,1.0,0.0,0.0,0.0,1.0,0.0,0.0,1.0,0.0,0.0,0.0,0.0,0.0,1.0,0.1218284330524059,-0.7491135289562028,-0.8161535731747569,-0.195533448938226,0.0289451695861903,-0.0091617622954312,-0.3743262111571587,0.0,0.0,10.0,0.0,0.0798304644063525,1.0,0.0,0.0,1.0,0
1.0,0.0,0.0,0.0,0.0,0.0,1.0,0.0,0.0,0.0,0.0,0.0,0.0,1.0,0.0,0.0,0.0,1.0,0.0,1.0,0.0,0.0,0.0,0.0,1.0,0.0,-0.3463416804426342,-0.3056565990546737,-0.1848489346860814,-0.195533448938226,-0.2217860412294709,-1.2006421790411923,-0.3743262111571587,0.0,0.0,22.0,0.0,0.2315030375641645,1.0,0.0,0.0,0.0,0
1.0,0.0,0.0,0.0,0.0,0.0,0.0,0.0,1.0,0.0,0.0,0.0,0.0,1.0,0.0,0.0,1.0,0.0,0.0,1.0,0.0,0.0,0.0,0.0,1.0,0.0,-0.2670896452579523,1.0141533438984776,1.1431294442321018,1.624173456954051,-0.6504354106942062,0.4150774770004079,0.0989054085105514,0.0,0.0,12.0,0.0,0.1167978797552758,1.0,0.0,0.0,1.0,0
1.0,0.0,0.0,0.0,0.0,1.0,0.0,0.0,0.0,0.0,0.0,0.0,1.0,0.0,0.0,0.0,1.0,0.0,0.0,1.0,0.0,0.0,0.0,0.0,1.0,0.0,0.3169073854625129,1.405024443144424,1.3267282057142582,-0.195533448938226,-0.5819967135547018,0.8393167162962472,-0.3743262111571587,0.0,0.0,14.0,0.0,0.8309541754813817,2.0,0.0,0.0,0.0,0
1.0,0.0,0.0,0.0,0.0,0.0,0.0,1.0,0.0,0.0,0.0,0.0,1.0,0.0,0.0,0.0,1.0,0.0,0.0,1.0,0.0,0.0,0.0,0.0,0.0,1.0,-0.3925252179347589,-1.3920781695362954,-1.2851225261340926,-0.195533448938226,-0.5140902573310404,0.9747122181991746,-0.3743262111571587,0.0,0.0,9.0,0.0,0.1073994960049018,1.0,0.0,0.0,0.0,0
1.0,0.0,0.0,0.0,0.0,0.0,0.0,0.0,0.0,0.0,1.0,0.0,0.0,0.0,1.0,0.0,1.0,0.0,0.0,1.0,0.0,0.0,0.0,0.0,0.0,1.0,-0.2562605355859314,-0.8352207130763174,-0.7632857684454475,-0.195533448938226,-0.5793105601825578,1.7148742952685112,-0.3743262111571587,0.0,0.0,15.0,0.0,0.4116504615586187,2.0,1.0,1.0,0.0,0
1.0,0.0,0.0,1.0,0.0,0.0,0.0,0.0,0.0,0.0,0.0,0.0,0.0,1.0,0.0,0.0,1.0,0.0,0.0,1.0,0.0,0.0,0.0,0.0,1.0,0.0,-0.1616850196310017,0.2619660167356542,0.3299581080488378,-0.195533448938226,-0.4998777616251758,-1.0652466771382652,-0.3743262111571587,0.0,0.0,17.0,0.0,0.0942684561955888,2.0,0.0,0.0,1.0,0
1.0,0.0,0.0,0.0,0.0,0.0,0.0,1.0,0.0,0.0,0.0,0.0,0.0,1.0,0.0,0.0,1.0,0.0,0.0,1.0,0.0,0.0,1.0,0.0,0.0,0.0,-0.3445594298347167,0.7283130007368602,0.878080201961363,-0.195533448938226,-0.6120184277139595,1.092054986515045,-0.3743262111571587,0.0,0.0,10.0,0.0,0.8126448195730781,1.0,0.0,0.0,1.0,0
1.0,0.0,0.0,0.0,0.0,0.0,0.0,0.0,0.0,0.0,0.0,1.0,1.0,0.0,0.0,1.0,0.0,0.0,0.0,1.0,0.0,0.0,0.0,0.0,0.0,1.0,-0.345237459957294,-0.8828325892245528,-0.7789758023370108,-0.195533448938226,-0.1889160065440233,-0.0994254302307162,-0.3743262111571587,0.0,0.0,11.0,0.0,0.0392837214130572,2.0,0.0,0.0,1.0,0
1.0,0.0,0.0,0.0,0.0,0.0,0.0,0.0,1.0,0.0,0.0,0.0,0.0,1.0,0.0,0.0,1.0,0.0,0.0,1.0,0.0,0.0,0.0,0.0,1.0,0.0,-0.3917309540768826,-0.4570169937230209,-0.3235662273966661,-0.195533448938226,-0.5704662130888263,0.3699456430327654,-0.3743262111571587,0.0,0.0,19.0,0.0,0.1281839825224429,2.0,0.0,0.0,1.0,0
1.0,0.0,0.0,0.0,0.0,1.0,0.0,0.0,0.0,0.0,0.0,0.0,1.0,0.0,0.0,0.0,1.0,0.0,0.0,1.0,0.0,0.0,1.0,0.0,0.0,0.0,-0.3997123372340787,-1.47742446543149,-1.3702255598470854,-0.1721000804154091,-0.6405348980330993,-1.2548003798023637,-0.3743262111571587,0.0,0.0,14.0,0.0,0.1833070706566252,2.0,1.0,1.0,1.0,0
1.0,0.0,0.0,0.0,0.0,0.0,0.0,0.0,0.0,1.0,0.0,0.0,0.0,0.0,1.0,0.0,1.0,0.0,0.0,1.0,0.0,0.0,0.0,0.0,1.0,0.0,-0.1967682354020746,-0.4287443599581691,-0.3674186038760427,-0.195533448938226,-0.482205699966333,-0.8486138740935812,-0.3743262111571587,0.0,0.0,9.0,0.0,0.8178749185349781,1.0,0.0,0.0,0.0,0
1.0,0.0,0.0,0.0,0.0,0.0,0.0,1.0,0.0,0.0,0.0,0.0,0.0,1.0,0.0,0.0,0.0,1.0,0.0,1.0,0.0,0.0,1.0,0.0,0.0,0.0,-0.375787560051707,-0.4073479012629646,-0.2784383562452733,-0.195533448938226,-0.2637499109379512,0.4421565773809934,-0.3743262111571587,0.0,0.0,12.0,0.0,0.0919652735661293,1.0,0.0,0.0,0.0,0
1.0,0.0,0.0,1.0,0.0,0.0,0.0,0.0,0.0,0.0,0.0,0.0,0.0,1.0,0.0,0.0,1.0,0.0,0.0,1.0,0.0,0.0,0.0,0.0,1.0,0.0,-0.1415572111350632,0.8897903906921071,0.9682417315895114,-0.195533448938226,-0.4320877331018549,1.8141643299973245,-0.3743262111571587,0.0,0.0,16.0,0.0,0.0402817341083263,1.0,0.0,0.0,1.0,0
1.0,0.0,0.0,0.0,0.0,0.0,0.0,0.0,0.0,1.0,0.0,0.0,1.0,0.0,0.0,0.0,1.0,0.0,0.0,1.0,0.0,0.0,0.0,0.0,0.0,1.0,-0.2959931007689631,0.4886402551483986,0.6133715747450833,-0.195533448938226,-0.4921103707595951,-0.2438472989271721,-0.3743262111571587,0.0,0.0,11.0,0.0,0.1331695119937279,1.0,0.0,0.0,1.0,0
1.0,0.0,0.0,0.0,0.0,0.0,1.0,0.0,0.0,0.0,0.0,0.0,0.0,1.0,0.0,0.0,1.0,0.0,0.0,1.0,0.0,0.0,0.0,0.0,0.0,1.0,-0.4002935059105734,-1.079874458433468,-0.961067161024966,-0.195533448938226,-0.555542676784453,1.0649758861344596,-0.3743262111571587,0.0,0.0,8.0,0.0,0.2179713657704712,1.0,1.0,1.0,1.0,0
1.0,0.0,0.0,0.0,0.0,0.0,0.0,0.0,0.0,1.0,0.0,0.0,0.0,1.0,0.0,0.0,1.0,0.0,0.0,1.0,0.0,0.0,1.0,0.0,0.0,0.0,-0.3315799960596648,0.2947405724979495,0.4272290710477129,-0.195533448938226,-0.4991791954231321,-1.245774013008835,-0.3743262111571587,0.0,0.0,20.0,0.0,0.1837730892861691,2.0,0.0,0.0,1.0,0
1.0,0.0,0.0,0.0,0.0,0.0,0.0,0.0,0.0,1.0,0.0,0.0,0.0,1.0,0.0,0.0,0.0,1.0,0.0,1.0,0.0,0.0,0.0,0.0,0.0,1.0,-0.4053496733960787,-1.4997720344078442,-1.391104537972533,-0.1928595938928332,-0.6591716463519071,-0.4695064687653845,-0.3743262111571587,0.0,0.0,23.0,0.0,0.1606632755025288,1.0,1.0,1.0,1.0,0
1.0,0.0,0.0,0.0,0.0,0.0,0.0,0.0,0.0,0.0,1.0,0.0,1.0,0.0,0.0,0.0,1.0,0.0,0.0,0.0,1.0,0.0,0.0,1.0,0.0,0.0,5.586286286084515,1.2766456909731976,-0.7765914969557987,-0.195533448938226,-0.2280648207835539,-1.245774013008835,2.938295126516812,0.0,0.0,1.0,0.0,0.3698514188179769,1.0,1.0,0.0,0.0,1
1.0,0.0,0.0,0.0,0.0,0.0,0.0,0.0,0.0,1.0,0.0,0.0,0.0,1.0,0.0,0.0,0.0,1.0,0.0,1.0,0.0,0.0,0.0,0.0,0.0,1.0,-0.3232305394073554,1.504179451269648,1.6681984213736971,-0.195533448938226,-0.5598255529041255,0.9386067510250606,-0.3743262111571587,0.0,0.0,8.0,0.0,0.2185589018097827,2.0,0.0,0.0,1.0,0
1.0,0.0,0.0,0.0,0.0,0.0,1.0,0.0,0.0,0.0,0.0,0.0,1.0,0.0,0.0,0.0,1.0,0.0,0.0,1.0,0.0,0.0,0.0,0.0,1.0,0.0,0.2140792743013562,1.7057725593053994,1.6745614004761418,-0.195533448938226,-0.0078293511928227,0.7039212143933198,-0.3743262111571587,0.0,0.0,10.0,0.0,0.4374444587790046,2.0,1.0,1.0,1.0,0
1.0,0.0,0.0,0.0,0.0,0.0,0.0,1.0,0.0,0.0,0.0,0.0,0.0,1.0,0.0,0.0,1.0,0.0,0.0,1.0,0.0,0.0,1.0,0.0,0.0,0.0,-0.3944818191456249,-0.9793174433012152,-0.8598030300472218,0.001663360659488,-0.6505559965267018,-0.9840093759965088,-0.3743262111571587,0.0,0.0,12.0,0.0,0.1544331753545235,1.0,0.0,0.0,0.0,0
1.0,0.0,0.0,1.0,0.0,0.0,0.0,0.0,0.0,0.0,0.0,0.0,0.0,0.0,1.0,0.0,1.0,0.0,0.0,1.0,0.0,0.0,0.0,0.0,1.0,0.0,-0.1178261568448565,1.4801480648325906,1.5666371581144043,0.9937749931270832,-0.6779913524855359,0.7129475811868482,-0.3743262111571587,0.0,0.0,14.0,1.0,0.4374444587790046,2.0,1.0,1.0,1.0,0
0.0,1.0,0.0,0.0,1.0,0.0,0.0,0.0,0.0,0.0,0.0,0.0,1.0,0.0,0.0,1.0,0.0,0.0,0.0,1.0,0.0,1.0,0.0,0.0,0.0,0.0,-0.1722429172539916,-0.666162621917238,-0.6208144630069967,-0.195533448938226,-0.2986990117009097,0.8483430830897757,0.5721370281782616,0.0,0.0,16.0,1.0,0.2887084179744588,1.0,0.0,0.0,1.0,0
1.0,0.0,0.0,0.0,0.0,0.0,0.0,0.0,0.0,1.0,0.0,0.0,0.0,1.0,0.0,0.0,1.0,0.0,0.0,1.0,0.0,0.0,1.0,0.0,0.0,0.0,-0.1259625183157845,1.8812629740695896,1.9822889843576972,-0.195533448938226,1.2937117527827149,-0.1987154649595297,-0.3743262111571587,0.0,0.0,18.0,1.0,0.0214589791386497,2.0,0.0,0.0,1.0,0
1.0,0.0,0.0,0.0,0.0,0.0,0.0,1.0,0.0,0.0,0.0,0.0,0.0,1.0,0.0,0.0,1.0,0.0,0.0,1.0,0.0,0.0,1.0,0.0,0.0,0.0,-0.3876434010522021,-0.1589953937013416,-0.018534575435509,-0.195533448938226,-0.1234254251024295,-0.0452672294695452,-0.3743262111571587,0.0,0.0,8.0,1.0,0.0361110947126189,1.0,0.0,0.0,0.0,0
1.0,0.0,0.0,0.0,0.0,0.0,1.0,0.0,0.0,0.0,0.0,0.0,1.0,0.0,0.0,0.0,1.0,0.0,0.0,1.0,0.0,0.0,0.0,0.0,0.0,1.0,-0.3334009912460154,0.6923821678934152,0.8369454987888394,-0.195533448938226,-0.2763116281782722,0.7941848823286047,-0.3743262111571587,0.0,0.0,0.0,1.0,0.0035001238276776,2.0,0.0,0.0,1.0,0
0.0,1.0,0.0,0.0,0.0,0.0,0.0,0.0,0.0,0.0,0.0,1.0,1.0,0.0,0.0,1.0,0.0,0.0,0.0,1.0,0.0,0.0,1.0,0.0,0.0,0.0,-0.2485503644777663,-0.8424068796450063,-0.77356219710976,-0.195533448938226,-0.4625127860801497,1.055949519340931,-0.3743262111571587,0.0,0.0,10.0,1.0,0.9654760279285493,1.0,0.0,0.0,1.0,0
1.0,0.0,0.0,0.0,0.0,1.0,0.0,0.0,0.0,0.0,0.0,0.0,0.0,1.0,0.0,0.0,1.0,0.0,1.0,0.0,0.0,0.0,0.0,1.0,0.0,0.0,0.767584321795058,-1.0632476416666974,-1.3808643449523117,-0.195533448938226,-0.302187684578973,0.9927649517862316,3.4115267461845225,0.0,0.0,3.0,1.0,0.5388327231423229,2.0,1.0,1.0,1.0,1
1.0,0.0,0.0,1.0,0.0,0.0,0.0,0.0,0.0,0.0,0.0,0.0,0.0,1.0,0.0,0.0,1.0,0.0,0.0,1.0,0.0,0.0,0.0,0.0,1.0,0.0,-0.2191819740255596,-0.0049859807684582,0.0768666283282512,-0.195533448938226,-0.5792232394073024,0.6587893804256773,-0.3743262111571587,0.0,0.0,14.0,1.0,0.2374398743911713,1.0,0.0,0.0,1.0,0
1.0,0.0,0.0,0.0,0.0,0.0,0.0,1.0,0.0,0.0,0.0,0.0,0.0,1.0,0.0,0.0,1.0,0.0,0.0,1.0,0.0,0.0,1.0,0.0,0.0,0.0,-0.0892326579613095,0.0841718015126783,0.1199653034105274,-0.195533448938226,-0.603161606223763,1.5794787933655836,-0.3743262111571587,0.0,0.0,17.0,1.0,0.2773702540926478,2.0,0.0,0.0,0.0,0
1.0,0.0,0.0,0.0,0.0,0.0,0.0,0.0,0.0,0.0,1.0,0.0,0.0,1.0,0.0,0.0,0.0,1.0,0.0,1.0,0.0,0.0,0.0,0.0,0.0,1.0,-0.3810568227185937,-0.905046298235412,-0.7884260583160404,-0.0784408800754025,-0.6550384629898154,-0.0723463298501307,-0.3743262111571587,0.0,0.0,22.0,1.0,0.0392837214130572,2.0,0.0,0.0,1.0,0
1.0,0.0,0.0,0.0,0.0,1.0,0.0,0.0,0.0,0.0,0.0,0.0,1.0,0.0,0.0,0.0,1.0,0.0,0.0,1.0,0.0,0.0,1.0,0.0,0.0,0.0,0.9152786547816176,1.1527829513220984,0.8434099376947399,-0.195533448938226,-0.3919409671451191,1.805137963203796,-0.3743262111571587,0.0,0.0,11.0,1.0,0.8549033066437608,1.0,0.0,0.0,0.0,0
1.0,0.0,0.0,0.0,0.0,0.0,0.0,0.0,0.0,1.0,0.0,0.0,0.0,1.0,0.0,0.0,1.0,0.0,0.0,1.0,0.0,0.0,0.0,0.0,0.0,1.0,-0.3754582311350266,-0.3954132285498676,-0.2662849212170275,-0.195533448938226,-0.1364154299547177,-0.2348209321336436,-0.3743262111571587,0.0,0.0,6.0,1.0,0.1284150387260398,1.0,0.0,0.0,0.0,0
1.0,0.0,0.0,0.0,0.0,0.0,1.0,0.0,0.0,0.0,0.0,0.0,1.0,0.0,0.0,0.0,1.0,0.0,0.0,1.0,0.0,0.0,0.0,0.0,1.0,0.0,-0.127938491815867,1.375230032929732,1.4624959169958054,0.6756233796009787,-0.6772719956227171,0.7219739479803767,-0.3743262111571587,0.0,0.0,20.0,1.0,0.4374444587790046,2.0,1.0,1.0,1.0,0
1.0,0.0,0.0,0.0,1.0,0.0,0.0,0.0,0.0,0.0,0.0,0.0,0.0,1.0,0.0,1.0,0.0,0.0,0.0,1.0,0.0,1.0,0.0,0.0,0.0,0.0,-0.2446565343452508,-0.3415310698073838,-0.259791493795854,-0.195533448938226,-0.5947081235526036,0.4331302105874649,0.0989054085105514,0.0,0.0,9.0,1.0,0.2128650903004286,2.0,0.0,0.0,1.0,0
1.0,0.0,0.0,0.0,0.0,0.0,0.0,0.0,1.0,0.0,0.0,0.0,0.0,1.0,0.0,0.0,1.0,0.0,0.0,1.0,0.0,0.0,0.0,0.0,1.0,0.0,-0.3855124492383876,-1.13907578948905,-1.0274943437732664,-0.195533448938226,-0.4059663469040078,-0.2167681985465866,0.0989054085105514,0.0,0.0,18.0,0.0,0.2692947563713633,1.0,0.0,0.0,1.0,0
1.0,0.0,0.0,1.0,0.0,0.0,0.0,0.0,0.0,0.0,0.0,0.0,0.0,1.0,0.0,0.0,1.0,0.0,0.0,1.0,0.0,0.0,1.0,0.0,0.0,0.0,-0.3879339853904495,-1.406027786993162,-1.3011894107242064,-0.1865834619112864,-0.6427886056611211,-0.1626099977854157,-0.3743262111571587,0.0,0.0,12.0,0.0,0.1179749565353476,1.0,0.0,0.0,0.0,0
1.0,0.0,0.0,0.0,0.0,0.0,0.0,1.0,0.0,0.0,0.0,0.0,0.0,1.0,0.0,0.0,1.0,0.0,0.0,1.0,0.0,0.0,1.0,0.0,0.0,0.0,-0.3906654781699753,-0.8059476522009223,-0.6828933684643328,-0.195533448938226,-0.144274299727709,-0.6680865382230113,-0.3743262111571587,0.0,0.0,13.0,0.0,0.2701377513176486,1.0,0.0,0.0,0.0,0
0.0,1.0,0.0,0.0,0.0,0.0,0.0,0.0,0.0,0.0,0.0,1.0,1.0,0.0,0.0,1.0,0.0,0.0,0.0,1.0,0.0,0.0,0.0,0.0,0.0,1.0,-0.219472558363807,-0.7624149823696192,-0.7021562368633053,-0.0934813147057366,-0.6331791622508656,0.8122376159156617,-0.3743262111571587,0.0,0.0,10.0,0.0,0.1846148198564568,1.0,0.0,0.0,0.0,0
1.0,0.0,0.0,0.0,0.0,0.0,0.0,0.0,0.0,0.0,1.0,0.0,1.0,0.0,0.0,0.0,1.0,0.0,0.0,1.0,0.0,0.0,0.0,0.0,0.0,1.0,0.0715960871140337,-1.1035958533714836,-1.1620010546404338,-0.1280557459176899,-0.6297986008088328,1.4892151254302988,-0.3743262111571587,0.0,0.0,15.0,0.0,0.0220980548284439,1.0,0.0,0.0,0.0,0
1.0,0.0,0.0,0.0,0.0,0.0,1.0,0.0,0.0,0.0,0.0,0.0,0.0,1.0,0.0,0.0,1.0,0.0,0.0,1.0,0.0,0.0,0.0,0.0,1.0,0.0,-0.3833040082677071,-0.959435715794509,-0.8435332258501966,-0.195533448938226,-0.5880509539724137,-1.047193943551208,-0.3743262111571587,0.0,0.0,19.0,0.0,0.1992938771356943,1.0,0.0,0.0,1.0,0
1.0,0.0,0.0,0.0,0.0,0.0,0.0,0.0,0.0,1.0,0.0,0.0,0.0,1.0,0.0,0.0,0.0,1.0,0.0,1.0,0.0,0.0,1.0,0.0,0.0,0.0,-0.4051753227931303,-1.41271374000658,-1.3016169913244844,-0.1734370079381055,-0.6807149290470751,-0.1535836309918872,-0.3743262111571587,1.0,0.0,10.0,0.0,0.1179749565353476,1.0,0.0,0.0,0.0,0
1.0,0.0,0.0,0.0,0.0,0.0,0.0,0.0,0.0,1.0,0.0,0.0,1.0,0.0,0.0,0.0,1.0,0.0,0.0,1.0,0.0,0.0,0.0,0.0,0.0,1.0,-0.394094373361295,0.7058527075790361,0.8735072636770321,-0.0771410894283366,-0.6429507728151669,1.1371868204826874,2.465063506849102,0.0,0.0,2.0,0.0,1.0,1.0,1.0,0.0,1.0,1
1.0,0.0,0.0,1.0,0.0,0.0,0.0,0.0,0.0,0.0,0.0,0.0,0.0,1.0,0.0,0.0,1.0,0.0,0.0,1.0,0.0,0.0,1.0,0.0,0.0,0.0,-0.2038778655445283,0.9367329670128663,1.0398433643140594,-0.195533448938226,-0.6117065678023328,-0.1716363645789441,-0.3743262111571587,0.0,0.0,16.0,0.0,0.4275975521110725,1.0,1.0,1.0,1.0,0
1.0,0.0,0.0,0.0,0.0,0.0,0.0,1.0,0.0,0.0,0.0,0.0,0.0,1.0,0.0,0.0,1.0,0.0,0.0,1.0,0.0,0.0,1.0,0.0,0.0,0.0,-0.3906267335915424,-0.5663805855325887,-0.4364764943853766,-0.195533448938226,-0.5857972463443919,1.398951457495014,-0.3743262111571587,0.0,0.0,23.0,0.0,0.2330246253840381,1.0,0.0,0.0,1.0,0
1.0,0.0,0.0,0.0,0.0,1.0,0.0,0.0,0.0,0.0,0.0,0.0,0.0,1.0,0.0,0.0,1.0,0.0,0.0,1.0,0.0,0.0,0.0,0.0,0.0,1.0,-0.2708284970767359,-0.6214674839645291,-0.5379580392276689,-0.0242581785305692,-0.6217359825602455,1.1010813533085737,-0.3743262111571587,0.0,0.0,14.0,0.0,0.2235876840982851,2.0,0.0,0.0,1.0,0
1.0,0.0,0.0,0.0,0.0,0.0,0.0,0.0,0.0,0.0,1.0,0.0,1.0,0.0,0.0,0.0,1.0,0.0,0.0,1.0,0.0,0.0,0.0,0.0,0.0,1.0,-0.3941524902289445,-1.4879359953535332,-1.383118202014795,-0.195533448938226,-0.2074072202374054,0.7851585155350762,-0.3743262111571587,0.0,0.0,11.0,0.0,0.4133509592665563,1.0,1.0,1.0,1.0,0
1.0,0.0,0.0,0.0,0.0,0.0,1.0,0.0,0.0,0.0,0.0,0.0,0.0,0.0,1.0,0.0,1.0,0.0,0.0,1.0,0.0,0.0,0.0,0.0,0.0,1.0,-0.3556597515557684,0.7856966543662445,0.941260670999077,-0.195533448938226,0.1456473066490329,-0.1626099977854157,-0.3743262111571587,0.0,0.0,1.0,0.0,0.0147230147858645,2.0,0.0,0.0,0.0,0
1.0,0.0,0.0,0.0,0.0,0.0,0.0,0.0,0.0,1.0,0.0,0.0,0.0,1.0,0.0,0.0,0.0,1.0,0.0,1.0,0.0,0.0,0.0,0.0,0.0,1.0,-0.2789454862584474,0.3356101335420324,0.4495792163232701,-0.195533448938226,-0.5000565613078417,1.128160453689159,-0.3743262111571587,0.0,0.0,11.0,0.0,0.1718547546368919,2.0,0.0,0.0,0.0,0
0.0,1.0,0.0,0.0,1.0,0.0,0.0,0.0,0.0,0.0,0.0,0.0,0.0,1.0,0.0,1.0,0.0,0.0,0.0,1.0,0.0,1.0,0.0,0.0,0.0,0.0,-0.0083339781932255,0.894870024119582,0.923628406584216,-0.195533448938226,-0.1388313047367854,1.146213187276216,0.5721370281782616,0.0,0.0,15.0,0.0,0.1594127196893995,1.0,0.0,0.0,1.0,0
1.0,0.0,0.0,0.0,0.0,0.0,0.0,0.0,1.0,0.0,0.0,0.0,0.0,1.0,0.0,0.0,0.0,1.0,0.0,1.0,0.0,0.0,0.0,0.0,1.0,0.0,-0.3973489179496662,-1.4085922621215965,-1.300305261008377,-0.195533448938226,-0.6171953022469616,1.6607160945073405,0.5721370281782616,0.0,0.0,19.0,0.0,0.5593714550038025,1.0,2.0,2.0,1.0,0
1.0,0.0,0.0,0.0,0.0,1.0,0.0,0.0,0.0,0.0,0.0,0.0,0.0,1.0,0.0,0.0,1.0,0.0,0.0,1.0,0.0,0.0,1.0,0.0,0.0,0.0,-0.3193560815640563,-0.7266814168437462,-0.6280326033099978,-0.195533448938226,-0.4025566785368899,0.1262337396074961,-0.3743262111571587,0.0,0.0,10.0,0.0,0.1029466775133599,2.0,0.0,0.0,1.0,0
1.0,0.0,0.0,0.0,0.0,0.0,0.0,1.0,0.0,0.0,0.0,0.0,0.0,1.0,0.0,0.0,1.0,0.0,0.0,1.0,0.0,0.0,1.0,0.0,0.0,0.0,-0.3843307395961814,-0.3749326538291038,-0.2418983327435352,-0.195533448938226,-0.1580668240859163,0.5053411449356929,-0.3743262111571587,0.0,0.0,21.0,0.0,0.2465295822519579,2.0,0.0,0.0,0.0,0
1.0,0.0,0.0,1.0,0.0,0.0,0.0,0.0,0.0,0.0,0.0,0.0,1.0,0.0,0.0,0.0,1.0,0.0,0.0,1.0,0.0,0.0,1.0,0.0,0.0,0.0,0.147961651205458,1.5838120402166005,1.573840804159769,-0.195533448938226,-0.568678216262167,-0.2438472989271721,-0.3743262111571587,0.0,0.0,15.0,0.0,0.2198923259224884,2.0,0.0,0.0,0.0,0
0.0,1.0,0.0,0.0,0.0,0.0,0.0,0.0,0.0,0.0,0.0,1.0,1.0,0.0,0.0,1.0,0.0,0.0,0.0,1.0,0.0,0.0,1.0,0.0,0.0,0.0,-0.3826453504343463,-1.3021876800756065,-1.196352445239053,-0.195533448938226,-0.3513950205015013,-0.2619000325142291,-0.3743262111571587,0.0,0.0,10.0,0.0,0.0345872785453475,1.0,0.0,0.0,1.0,0
1.0,0.0,0.0,0.0,0.0,0.0,0.0,0.0,0.0,0.0,1.0,0.0,0.0,1.0,0.0,0.0,1.0,0.0,0.0,1.0,0.0,0.0,0.0,0.0,0.0,1.0,0.6841284998503964,1.7873073688146524,1.5825880886434252,-0.195533448938226,-0.430578331129582,0.4150774770004079,-0.3743262111571587,0.0,0.0,13.0,0.0,0.7237620957090393,2.0,0.0,0.0,0.0,0
1.0,0.0,0.0,0.0,0.0,1.0,0.0,0.0,0.0,0.0,0.0,0.0,0.0,0.0,1.0,0.0,1.0,0.0,0.0,0.0,1.0,0.0,0.0,1.0,0.0,0.0,6.794439103071239,1.6761824616696213,-0.8175740104231387,-0.195533448938226,-0.6098104595396429,1.5253205926044129,3.4115267461845225,0.0,0.0,4.0,0.0,0.3926468823752945,2.0,2.0,1.0,1.0,1
1.0,0.0,0.0,0.0,0.0,0.0,1.0,0.0,0.0,0.0,0.0,0.0,0.0,1.0,0.0,0.0,1.0,0.0,0.0,1.0,0.0,0.0,0.0,0.0,0.0,1.0,-0.3631374551933357,1.10036620693872,1.2677438242623251,-0.195533448938226,1.4167716739105858,-0.0813726966436592,-0.3743262111571587,0.0,0.0,2.0,0.0,0.2842688440269662,1.0,0.0,0.0,0.0,0
1.0,0.0,0.0,0.0,0.0,0.0,0.0,0.0,0.0,1.0,0.0,0.0,0.0,1.0,0.0,0.0,1.0,0.0,0.0,1.0,0.0,0.0,0.0,0.0,0.0,1.0,-0.3905298721454598,-1.4456503367797378,-1.340976147936531,-0.195533448938226,-0.0460384275653183,1.2455032220050295,-0.3743262111571587,0.0,0.0,11.0,0.0,0.3087666221992866,2.0,1.0,1.0,0.0,0
0.0,1.0,0.0,0.0,1.0,0.0,0.0,0.0,0.0,0.0,0.0,0.0,1.0,0.0,0.0,1.0,0.0,0.0,0.0,1.0,0.0,1.0,0.0,0.0,0.0,0.0,-0.3550204660116242,0.3480661555944269,0.4908516149433413,-0.195533448938226,-0.0101329564067048,-0.460480101971856,1.0453686478459718,0.0,0.0,14.0,0.0,0.0102971274485699,2.0,0.0,0.0,1.0,0
1.0,0.0,0.0,0.0,0.0,0.0,0.0,0.0,1.0,0.0,0.0,0.0,0.0,0.0,1.0,0.0,1.0,0.0,0.0,1.0,0.0,0.0,0.0,0.0,1.0,0.0,-0.3167601948090461,-0.7031220629165933,-0.6047693198033379,-0.195533448938226,-0.4580220033527261,0.2255237743363095,0.0989054085105514,0.0,0.0,22.0,1.0,0.1143421835130449,2.0,0.0,0.0,0.0,0
1.0,0.0,0.0,0.0,0.0,1.0,0.0,0.0,0.0,0.0,0.0,0.0,1.0,0.0,0.0,0.0,1.0,0.0,0.0,1.0,0.0,0.0,0.0,0.0,0.0,1.0,-0.0043820311930605,0.4315947740634235,0.4456005426020378,-0.195533448938226,-0.4143657738571519,1.218424121624444,-0.3743262111571587,0.0,0.0,9.0,1.0,0.2513576938913366,2.0,0.0,0.0,1.0,0
1.0,0.0,0.0,0.0,0.0,0.0,0.0,1.0,0.0,0.0,0.0,0.0,0.0,1.0,0.0,0.0,1.0,0.0,0.0,1.0,0.0,0.0,1.0,0.0,0.0,0.0,-0.3830327962186762,-0.8116402233651389,-0.6916044173038982,-0.1655268534288186,-0.6401980893285424,-0.6229547042553689,-0.3743262111571587,0.0,0.0,12.0,1.0,0.2701377513176486,1.0,0.0,0.0,0.0,0
1.0,0.0,0.0,1.0,0.0,0.0,0.0,0.0,0.0,0.0,0.0,0.0,0.0,1.0,0.0,0.0,1.0,0.0,0.0,1.0,0.0,0.0,0.0,0.0,1.0,0.0,-0.1735796052099298,-0.7479440155734554,-0.7044390824410617,-0.195533448938226,-0.3396233483706345,0.7941848823286047,-0.3743262111571587,0.0,0.0,16.0,1.0,0.1790823071928497,2.0,0.0,0.0,1.0,0
0.0,1.0,0.0,0.0,0.0,0.0,0.0,0.0,0.0,0.0,0.0,1.0,1.0,0.0,0.0,1.0,0.0,0.0,0.0,1.0,0.0,0.0,0.0,0.0,0.0,1.0,-0.1646102353026925,-0.6383761111849738,-0.5950871557021237,-0.195533448938226,-0.5595677487105142,0.8122376159156617,-0.3743262111571587,0.0,0.0,10.0,1.0,0.1676778419924493,1.0,0.0,0.0,1.0,0
1.0,0.0,0.0,0.0,0.0,0.0,0.0,0.0,0.0,0.0,1.0,0.0,1.0,0.0,0.0,0.0,1.0,0.0,0.0,1.0,0.0,0.0,0.0,0.0,0.0,1.0,3.9602344461195536,1.3698756343099243,-0.0723879896841038,-0.195533448938226,-0.5485279078389312,-0.2077418317530582,-0.3743262111571587,0.0,0.0,14.0,1.0,0.0372904419857371,2.0,0.0,0.0,1.0,0
1.0,0.0,0.0,0.0,0.0,0.0,1.0,0.0,0.0,0.0,0.0,0.0,0.0,1.0,0.0,0.0,1.0,0.0,0.0,1.0,0.0,0.0,0.0,0.0,1.0,0.0,-0.3152104116717264,0.1391389305018072,0.2610451601158695,-0.195533448938226,-0.2196071799802394,1.9405334651067236,-0.3743262111571587,0.0,0.0,18.0,1.0,0.2984198829466785,1.0,0.0,0.0,0.0,0
1.0,0.0,0.0,0.0,0.0,0.0,0.0,0.0,0.0,1.0,0.0,0.0,0.0,1.0,0.0,0.0,0.0,1.0,0.0,1.0,0.0,0.0,0.0,0.0,0.0,1.0,-0.3903942661209444,-1.1313823641037477,-1.017754202641506,-0.195533448938226,-0.5216746903818003,-1.173563078660607,-0.3743262111571587,0.0,0.0,7.0,1.0,0.2915183290471522,2.0,0.0,0.0,1.0,0
1.0,0.0,0.0,0.0,1.0,0.0,0.0,0.0,0.0,0.0,0.0,0.0,0.0,1.0,0.0,1.0,0.0,0.0,0.0,1.0,0.0,1.0,0.0,0.0,0.0,0.0,-0.2775894260132927,-0.3469418305179262,-0.2530371697372224,-0.195533448938226,-0.2941666476519359,1.4440832914626562,0.0989054085105514,0.0,0.0,9.0,1.0,0.2967251112188257,2.0,0.0,0.0,1.0,0
0.0,0.0,1.0,0.0,0.0,0.0,0.0,0.0,0.0,1.0,0.0,0.0,0.0,1.0,0.0,0.0,1.0,0.0,0.0,1.0,0.0,1.0,0.0,0.0,0.0,0.0,-0.369724033526944,-1.406520955287092,-1.3085090108306632,-0.195533448938226,-0.2854761514479402,0.3879983766198224,-0.3743262111571587,0.0,0.0,15.0,1.0,0.2588366035144872,2.0,1.0,1.0,1.0,0
0.0,1.0,0.0,0.0,0.0,0.0,0.0,0.0,0.0,1.0,0.0,0.0,0.0,1.0,0.0,1.0,0.0,0.0,1.0,0.0,0.0,1.0,0.0,0.0,0.0,0.0,-0.1498872954981561,-1.3978623290979555,-1.3818427073427788,-0.195533448938226,-0.5434466703454944,-0.8666666076806383,3.4115267461845225,0.0,0.0,1.0,0.0,0.3818967919727761,1.0,1.0,0.0,0.0,1
1.0,0.0,0.0,0.0,0.0,1.0,0.0,0.0,0.0,0.0,0.0,0.0,0.0,1.0,0.0,0.0,1.0,0.0,0.0,1.0,0.0,0.0,1.0,0.0,0.0,0.0,0.3749467639551326,-0.2259394669716189,-0.3726800193981097,-0.195533448938226,-0.4667416064818069,0.7129475811868482,0.0989054085105514,0.0,0.0,17.0,0.0,0.2651037608807262,1.0,0.0,0.0,0.0,0
1.0,0.0,0.0,0.0,0.0,0.0,0.0,1.0,0.0,0.0,0.0,0.0,0.0,1.0,0.0,0.0,1.0,0.0,0.0,1.0,0.0,0.0,1.0,0.0,0.0,0.0,-0.3913822528709856,-0.9141628664117684,-0.7939411233467468,-0.195533448938226,-0.3401930124758725,0.0540228052592681,-0.3743262111571587,0.0,0.0,12.0,0.0,0.0027081452551353,2.0,0.0,0.0,0.0,0
1.0,0.0,0.0,0.0,0.0,0.0,0.0,1.0,0.0,0.0,0.0,0.0,0.0,1.0,0.0,0.0,1.0,0.0,0.0,1.0,0.0,0.0,1.0,0.0,0.0,0.0,-0.3652490347179336,-0.6877774837140398,-0.5708455098049967,-0.195533448938226,-0.5295460345512566,-1.0652466771382652,-0.3743262111571587,0.0,0.0,13.0,0.0,0.2840633953278509,1.0,0.0,0.0,1.0,0
