transaction_id,customer_id,timestamp,transaction_amount,merchant_category,transaction_country,transaction_description,is_fraud,description_length,transaction_frequency,consistency_score,entity_has_payment_instruments,entity_has_gift_cards,entity_has_crypto,entity_has_subscriptions,entity_has_refunds,entity_has_P2P,entity_has_digital_goods
TX000000,CUST0114,2025-01-01 00:01:00,102.77,Restaurants,FR,restaurant dinner,0,17,12,10,0,0,0,0,0,0,0
TX000001,CUST0192,2025-01-01 01:35:00,69.34,Online Retail,FR,online book order,0,17,16,10,0,0,0,0,0,0,0
TX000002,CUST0120,2025-01-01 02:45:00,12.37,Fuel,FR,gas station fill-up,0,19,13,10,0,0,0,0,0,0,0
TX000003,CUST0089,2025-01-01 03:12:00,34.62,Groceries,FR,supermarket run,0,15,18,10,0,0,0,0,0,0,0
TX000004,CUST0007,2025-01-01 04:10:00,76.51,Entertainment,FR,local cinema tickets,0,20,11,10,0,0,0,0,0,0,0
TX000005,CUST0164,2025-01-01 05:20:00,9.99,Services,FR,monthly streaming subscription,0,30,17,9,0,0,0,1,0,0,1
TX000006,CUST0057,2025-01-01 06:02:00,129.43,Clothing,FR,clothing store shopping,0,23,15,10,0,0,0,0,0,0,0
TX000007,CUST0137,2025-01-01 07:03:00,45.18,Restaurants,FR,takeaway food order,0,19,20,10,0,0,0,0,0,0,0
TX000008,CUST0125,2025-01-01 08:29:00,54.01,Groceries,FR,grocery store visit,0,19,17,10,0,0,0,0,0,0,0
TX000009,CUST0104,2025-01-01 09:51:00,110.45,Services,FR,internet service fee,0,20,12,10,0,0,0,1,0,0,0
TX000010,CUST0060,2025-01-02 10:42:00,149.38,Clothing,FR,new shoes purchase,0,18,9,10,0,0,0,0,0,0,0
TX000011,CUST0008,2025-01-02 11:29:00,11.45,Restaurants,FR,fast food lunch,0,15,14,10,0,0,0,0,0,0,0
TX000012,CUST0082,2025-01-02 12:15:00,289.87,Electronics,FR,tech gadget accessory,0,21,13,10,0,0,0,0,0,0,0
TX000013,CUST0079,2025-01-02 13:01:00,10.99,Restaurants,FR,coffee shop purchase,0,20,12,10,0,0,0,0,0,0,0
TX000014,CUST0125,2025-01-02 14:40:00,79.99,Services,FR,haircut service,0,15,17,10,0,0,0,0,0,0,0
TX000015,CUST0195,2025-01-02 15:42:00,90.72,Groceries,FR,supermarket run,0,15,11,10,0,0,0,0,0,0,0
TX000016,CUST0045,2025-01-02 16:47:00,33.1,Pharmacy,FR,pharmacy prescription,0,21,18,10,0,0,0,0,0,0,0
TX000017,CUST0104,2025-01-02 17:35:00,67.5,Entertainment,FR,local cinema tickets,0,20,12,10,0,0,0,0,0,0,0
TX000018,CUST0110,2025-01-02 18:56:00,98.41,Services,FR,public transport ticket,0,23,13,9,0,0,0,0,0,0,0
TX000019,CUST0003,2025-01-02 19:49:00,62.58,Online Retail,FR,online book order,0,17,10,10,0,0,0,0,0,0,0
TX000020,CUST0072,2025-01-03 20:52:00,12.99,Restaurants,FR,coffee shop purchase,0,20,8,10,0,0,0,0,0,0,0
TX000021,CUST0177,2025-01-03 21:58:00,78.23,Groceries,FR,grocery store visit,0,19,18,10,0,0,0,0,0,0,0
TX000022,CUST0088,2025-01-03 22:57:00,39.5,Services,FR,haircut service,0,15,11,10,0,0,0,0,0,0,0
TX000023,CUST0192,2025-01-03 23:08:00,47.9,Restaurants,FR,takeaway food order,0,19,16,10,0,0,0,0,0,0,0
TX000024,CUST0139,2025-01-03 00:23:00,8.5,Restaurants,FR,coffee shop purchase,0,20,12,10,0,0,0,0,0,0,0
TX000025,CUST0128,2025-01-03 01:28:00,11.23,Restaurants,FR,fast food lunch,0,15,23,10,0,0,0,0,0,0,0
TX000026,CUST0061,2025-01-03 02:50:00,89.1,Clothing,FR,clothing store shopping,0,23,16,10,0,0,0,0,0,0,0
TX000027,CUST0196,2025-01-03 03:57:00,119.99,Services,FR,internet service fee,0,20,15,10,0,0,0,1,0,0,0
TX000028,CUST0159,2025-01-03 04:37:00,22.8,Fuel,FR,gas station fill-up,0,19,24,10,0,0,0,0,0,0,0
TX000029,CUST0125,2025-01-03 05:46:00,9.99,Services,FR,monthly streaming subscription,0,30,17,9,0,0,0,1,0,0,1
TX000030,CUST0119,2025-01-04 06:45:00,123.67,Utilities,FR,utility bill payment,0,20,14,10,0,0,0,1,0,0,0
TX000031,CUST0084,2025-01-04 07:44:00,87.2,Groceries,FR,grocery store visit,0,19,18,10,0,0,0,0,0,0,0
TX000032,CUST0086,2025-01-04 08:09:00,34.9,Pharmacy,FR,pharmacy prescription,0,21,10,10,0,0,0,0,0,0,0
TX000033,CUST0086,2025-01-04 09:56:00,14.5,Restaurants,FR,coffee shop purchase,0,20,10,10,0,0,0,0,0,0,0
TX000034,CUST0125,2025-01-04 10:21:00,7.89,Restaurants,FR,fast food lunch,0,15,17,10,0,0,0,0,0,0,0
TX000035,CUST0163,2025-01-04 11:22:00,56.78,Online Retail,FR,online book order,0,17,10,10,0,0,0,0,0,0,0
TX000036,CUST0118,2025-01-04 12:15:00,42.1,Entertainment,FR,local cinema tickets,0,20,18,10,0,0,0,0,0,0,0
TX000037,CUST0050,2025-01-04 13:19:00,12.05,Restaurants,FR,coffee shop purchase,0,20,16,10,0,0,0,0,0,0,0
TX000038,CUST0170,2025-01-04 14:57:00,9.99,Services,FR,monthly streaming subscription,0,30,16,9,0,0,0,1,0,0,1
TX000039,CUST0088,2025-01-04 15:59:00,60.15,Groceries,FR,grocery store visit,0,19,11,10,0,0,0,0,0,0,0
TX000040,CUST0168,2025-01-05 16:58:00,134.5,Clothing,FR,new shoes purchase,0,18,17,10,0,0,0,0,0,0,0
TX000041,CUST0152,2025-01-05 17:17:00,95.8,Utilities,FR,utility bill payment,0,20,15,10,0,0,0,1,0,0,0
TX000042,CUST0027,2025-01-05 18:19:00,75.3,Restaurants,FR,restaurant dinner,0,17,11,10,0,0,0,0,0,0,0
TX000043,CUST0153,2025-01-05 19:18:00,14.2,Restaurants,FR,fast food lunch,0,15,14,10,0,0,0,0,0,0,0
TX000044,CUST0012,2025-01-05 20:06:00,11.99,Restaurants,FR,coffee shop purchase,0,20,15,10,0,0,0,0,0,0,0
TX000045,CUST0098,2025-01-05 21:58:00,13.78,Fuel,FR,gas station fill-up,0,19,15,10,0,0,0,0,0,0,0
TX000046,CUST0078,2025-01-05 22:17:00,33.6,Pharmacy,FR,pharmacy prescription,0,21,17,10,0,0,0,0,0,0,0
TX000047,CUST0021,2025-01-05 23:17:00,10.99,Services,FR,monthly streaming subscription,0,30,18,9,0,0,0,1,0,0,1
TX000048,CUST0068,2025-01-05 00:09:00,82.5,Groceries,FR,supermarket run,0,15,17,10,0,0,0,0,0,0,0
TX000049,CUST0001,2025-01-05 01:18:00,250.75,Clothing,FR,new shoes purchase,0,18,14,10,0,0,0,0,0,0,0
TX000050,CUST0022,2025-01-06 02:27:00,55.0,Services,FR,haircut service,0,15,12,10,0,0,0,0,0,0,0
TX000051,CUST0061,2025-01-06 03:10:00,134.89,Restaurants,FR,restaurant dinner,0,17,16,10,0,0,0,0,0,0,0
TX000052,CUST0153,2025-01-06 04:13:00,9.99,Services,FR,monthly streaming subscription,0,30,14,9,0,0,0,1,0,0,1
TX000053,CUST0115,2025-01-06 05:48:00,29.99,Online Retail,FR,online book order,0,17,15,10,0,0,0,0,0,0,0
TX000054,CUST0023,2025-01-06 06:22:00,12.5,Restaurants,FR,coffee shop purchase,0,20,19,10,0,0,0,0,0,0,0
TX000055,CUST0069,2025-01-06 07:09:00,88.22,Groceries,FR,grocery store visit,0,19,9,10,0,0,0,0,0,0,0
TX000056,CUST0042,2025-01-06 08:17:00,450.0,Electronics,FR,tech gadget accessory,0,21,9,10,0,0,0,0,0,0,0
TX000057,CUST0180,2025-01-06 09:23:00,1250.67,Luxury Goods,GB,luxury watch order,1,18,11,10,0,0,0,0,0,0,0
TX000058,CUST0142,2025-01-06 10:01:00,11.2,Restaurants,FR,fast food lunch,0,15,15,10,0,0,0,0,0,0,0
TX000059,CUST0039,2025-01-06 11:18:00,140.0,Clothing,FR,clothing store shopping,0,23,13,10,0,0,0,0,0,0,0
TX000060,CUST0093,2025-01-07 12:17:00,10.5,Restaurants,FR,coffee shop purchase,0,20,9,10,0,0,0,0,0,0,0
TX000061,CUST0155,2025-01-07 13:55:00,35.8,Pharmacy,FR,pharmacy prescription,0,21,15,10,0,0,0,0,0,0,0
TX000062,CUST0116,2025-01-07 14:36:00,9.99,Services,FR,monthly streaming subscription,0,30,16,9,0,0,0,1,0,0,1
TX000063,CUST0189,2025-01-07 15:35:00,72.15,Groceries,FR,grocery store visit,0,19,12,10,0,0,0,0,0,0,0
TX000064,CUST0187,2025-01-07 16:34:00,109.99,Utilities,FR,phone bill payment,0,18,11,10,0,0,0,1,0,0,0
TX000065,CUST0021,2025-01-07 17:28:00,15.6,Fuel,FR,gas station fill-up,0,19,18,10,0,0,0,0,0,0,0
TX000066,CUST0181,2025-01-07 18:59:00,299.0,Entertainment,FR,concert ticket booking,0,22,10,10,0,0,0,0,0,0,0
TX000067,CUST0044,2025-01-07 19:17:00,7.99,Restaurants,FR,fast food lunch,0,15,16,10,0,0,0,0,0,0,0
TX000068,CUST0127,2025-01-07 20:19:00,10.99,Services,FR,monthly streaming subscription,0,30,14,9,0,0,0,1,0,0,1
TX000069,CUST0077,2025-01-07 21:47:00,65.43,Groceries,FR,supermarket run,0,15,12,10,0,0,0,0,0,0,0
TX000070,CUST0192,2025-01-08 22:49:00,88.0,Restaurants,FR,restaurant dinner,0,17,16,10,0,0,0,0,0,0,0
TX000071,CUST0197,2025-01-08 23:43:00,11.5,Restaurants,FR,coffee shop purchase,0,20,7,10,0,0,0,0,0,0,0
TX000072,CUST0128,2025-01-08 00:25:00,38.21,Pharmacy,FR,pharmacy prescription,0,21,23,10,0,0,0,0,0,0,0
TX000073,CUST0135,2025-01-08 01:31:00,9.99,Services,FR,monthly streaming subscription,0,30,12,9,0,0,0,1,0,0,1
TX000074,CUST0061,2025-01-08 02:45:00,120.5,Clothing,FR,clothing store shopping,0,23,16,10,0,0,0,0,0,0,0
TX000075,CUST0019,2025-01-08 03:37:00,2345.99,Electronics,US,high-value electronics purchase,1,31,14,10,0,0,0,0,0,0,0
TX000076,CUST0017,2025-01-08 04:44:00,9.99,Services,FR,monthly streaming subscription,0,30,20,9,0,0,0,1,0,0,1
TX000077,CUST0033,2025-01-08 05:26:00,12.8,Restaurants,FR,coffee shop purchase,0,20,12,10,0,0,0,0,0,0,0
TX000078,CUST0146,2025-01-08 06:50:00,76.1,Groceries,FR,grocery store visit,0,19,8,10,0,0,0,0,0,0,0
TX000079,CUST0091,2025-01-08 07:22:00,99.0,Online Retail,FR,online book order,0,17,14,10,0,0,0,0,0,0,0
TX000080,CUST0043,2025-01-09 08:17:00,10.99,Services,FR,monthly streaming subscription,0,30,16,9,0,0,0,1,0,0,1
TX000081,CUST0199,2025-01-09 09:23:00,13.5,Restaurants,FR,coffee shop purchase,0,20,15,10,0,0,0,0,0,0,0
TX000082,CUST0161,2025-01-09 10:39:00,6.75,Restaurants,FR,fast food lunch,0,15,14,10,0,0,0,0,0,0,0
TX000083,CUST0050,2025-01-09 11:16:00,110.25,Utilities,FR,phone bill payment,0,18,16,10,0,0,0,1,0,0,0
TX000084,CUST0089,2025-01-09 12:56:00,44.9,Entertainment,FR,local cinema tickets,0,20,18,10,0,0,0,0,0,0,0
TX000085,CUST0098,2025-01-09 13:27:00,28.5,Fuel,FR,gas station fill-up,0,19,15,10,0,0,0,0,0,0,0
TX000086,CUST0012,2025-01-09 14:45:00,55.67,Groceries,FR,supermarket run,0,15,15,10,0,0,0,0,0,0,0
TX000087,CUST0156,2025-01-09 15:41:00,10.99,Services,FR,monthly streaming subscription,0,30,13,9,0,0,0,1,0,0,1
TX000088,CUST0017,2025-01-09 16:40:00,14.0,Restaurants,FR,coffee shop purchase,0,20,20,10,0,0,0,0,0,0,0
TX000089,CUST0022,2025-01-09 17:55:00,69.9,Clothing,FR,clothing store shopping,0,23,12,10,0,0,0,0,0,0,0
TX000090,CUST0103,2025-01-10 18:59:00,32.5,Pharmacy,FR,pharmacy prescription,0,21,14,10,0,0,0,0,0,0,0
TX000091,CUST0188,2025-01-10 19:48:00,10.99,Services,FR,monthly streaming subscription,0,30,6,9,0,0,0,1,0,0,1
TX000092,CUST0102,2025-01-10 20:55:00,92.1,Utilities,FR,utility bill payment,0,20,16,10,0,0,0,1,0,0,0
TX000093,CUST0010,2025-01-10 21:37:00,13.99,Restaurants,FR,fast food lunch,0,15,9,10,0,0,0,0,0,0,0
TX000094,CUST0137,2025-01-10 22:48:00,12.0,Restaurants,FR,coffee shop purchase,0,20,20,10,0,0,0,0,0,0,0
TX000095,CUST0020,2025-01-10 23:04:00,8.99,Restaurants,FR,fast food lunch,0,15,18,10,0,0,0,0,0,0,0
TX000096,CUST0064,2025-01-10 00:49:00,550.78,Online Retail,DE,international online payment,1,28,18,8,1,0,0,0,0,0,0
TX000097,CUST0110,2025-01-10 01:05:00,10.99,Services,FR,monthly streaming subscription,0,30,13,9,0,0,0,1,0,0,1
TX000098,CUST0140,2025-01-10 02:14:00,399.5,Home Goods,FR,new washing machine,0,19,7,10,0,0,0,0,0,0,0
TX000099,CUST0066,2025-01-10 03:16:00,10.99,Services,FR,monthly streaming subscription,0,30,18,9,0,0,0,1,0,0,1
TX000100,CUST0073,2025-01-11 04:36:00,25.1,Fuel,FR,gas station fill-up,0,19,15,10,0,0,0,0,0,0,0
TX000101,CUST0016,2025-01-11 05:01:00,11.2,Restaurants,FR,coffee shop purchase,0,20,7,10,0,0,0,0,0,0,0
TX000102,CUST0137,2025-01-11 06:35:00,12.99,Restaurants,FR,fast food lunch,0,15,20,10,0,0,0,0,0,0,0
TX000103,CUST0170,2025-01-11 07:51:00,10.99,Services,FR,monthly streaming subscription,0,30,16,9,0,0,0,1,0,0,1
TX000104,CUST0103,2025-01-11 08:47:00,63.8,Groceries,FR,supermarket run,0,15,14,10,0,0,0,0,0,0,0
TX000105,CUST0164,2025-01-11 09:34:00,1500.0,Online Retail,FR,anonymous donation large,1,24,17,4,0,0,0,0,0,0,0
TX000106,CUST0177,2025-01-11 10:05:00,7.5,Restaurants,FR,coffee shop purchase,0,20,18,10,0,0,0,0,0,0,0
TX000107,CUST0142,2025-01-11 11:38:00,20.0,Services,FR,public transport ticket,0,23,15,9,0,0,0,0,0,0,0
TX000108,CUST0156,2025-01-11 12:28:00,10.99,Services,FR,monthly streaming subscription,0,30,13,9,0,0,0,1,0,0,1
TX000109,CUST0159,2025-01-11 13:59:00,100.25,Restaurants,FR,restaurant dinner,0,17,24,10,0,0,0,0,0,0,0
TX000110,CUST0024,2025-01-12 14:44:00,10.99,Services,FR,monthly streaming subscription,0,30,15,9,0,0,0,1,0,0,1
TX000111,CUST0126,2025-01-12 15:30:00,789.23,Services,MX,urgent international wire,1,25,18,8,1,0,0,0,0,1,0
TX000112,CUST0050,2025-01-12 16:35:00,11.0,Restaurants,FR,coffee shop purchase,0,20,16,10,0,0,0,0,0,0,0
TX000113,CUST0087,2025-01-12 17:53:00,34.0,Pharmacy,FR,pharmacy prescription,0,21,13,10,0,0,0,0,0,0,0
TX000114,CUST0128,2025-01-12 18:47:00,9.99,Services,FR,monthly streaming subscription,0,30,23,9,0,0,0,1,0,0,1
TX000115,CUST0078,2025-01-12 19:43:00,345.67,Online Retail,CN,digital asset purchase,1,22,17,8,0,0,1,0,0,0,1
TX000116,CUST0090,2025-01-12 20:47:00,145.0,Clothing,FR,clothing store shopping,0,23,8,10,0,0,0,0,0,0,0
TX000117,CUST0200,2025-01-12 21:36:00,77.0,Groceries,FR,grocery store visit,0,19,10,10,0,0,0,0,0,0,0
TX000118,CUST0096,2025-01-12 22:05:00,450.0,Services,NG,payment processing fee,1,22,13,10,1,0,0,0,0,0,0
TX000119,CUST0069,2025-01-12 23:43:00,10.99,Services,FR,monthly streaming subscription,0,30,9,9,0,0,0,1,0,0,1
TX000120,CUST0151,2025-01-13 00:56:00,12.5,Restaurants,FR,coffee shop purchase,0,20,8,10,0,0,0,0,0,0,0
TX000121,CUST0181,2025-01-13 01:06:00,1999.99,Electronics,US,overseas gadget import,1,22,10,10,0,0,0,0,0,0,0
TX000122,CUST0106,2025-01-13 02:50:00,10.99,Services,FR,monthly streaming subscription,0,30,14,9,0,0,0,1,0,0,1
TX000123,CUST0142,2025-01-13 03:31:00,12.0,Restaurants,FR,coffee shop purchase,0,20,15,10,0,0,0,0,0,0,0
TX000124,CUST0075,2025-01-13 04:12:00,29.8,Fuel,FR,gas station fill-up,0,19,15,10,0,0,0,0,0,0,0
TX000125,CUST0029,2025-01-13 05:39:00,10.99,Services,FR,monthly streaming subscription,0,30,18,9,0,0,0,1,0,0,1
TX000126,CUST0041,2025-01-13 06:52:00,13.5,Restaurants,FR,fast food lunch,0,15,6,10,0,0,0,0,0,0,0
TX000127,CUST0066,2025-01-13 07:37:00,78.99,Groceries,FR,grocery store visit,0,19,18,10,0,0,0,0,0,0,0
TX000128,CUST0138,2025-01-13 08:20:00,3500.0,Services,AE,cryptocurrency transaction,1,26,7,8,0,0,1,0,0,0,0
TX000129,CUST0133,2025-01-13 09:20:00,13.99,Restaurants,FR,fast food lunch,0,15,17,10,0,0,0,0,0,0,0
TX000130,CUST0107,2025-01-14 10:41:00,12.0,Restaurants,FR,coffee shop purchase,0,20,7,10,0,0,0,0,0,0,0
TX000131,CUST0179,2025-01-14 11:41:00,10.99,Services,FR,monthly streaming subscription,0,30,20,9,0,0,0,1,0,0,1
TX000132,CUST0160,2025-01-14 12:46:00,10.99,Services,FR,monthly streaming subscription,0,30,12,9,0,0,0,1,0,0,1
TX000133,CUST0053,2025-01-14 13:04:00,56.78,Services,GB,small online test transaction,1,29,22,7,1,0,0,0,0,0,0
TX000134,CUST0142,2025-01-14 14:44:00,110.0,Utilities,FR,phone bill payment,0,18,15,10,0,0,0,1,0,0,0
TX000135,CUST0091,2025-01-14 15:17:00,30.5,Pharmacy,FR,pharmacy prescription,0,21,14,10,0,0,0,0,0,0,0
TX000136,CUST0129,2025-01-14 16:52:00,10.99,Services,FR,monthly streaming subscription,0,30,19,9,0,0,0,1,0,0,1
TX000137,CUST0023,2025-01-14 17:09:00,899.5,Electronics,CA,high-value electronics purchase,1,31,19,10,0,0,0,0,0,0,0
TX000100,CUST0032,2025-01-11 04:12:00,11.25,Restaurants,CA,Coffee shop purchase,0,20,20,10,0,0,0,0,0,0,0
TX000101,CUST0163,2025-01-11 05:09:00,115.7,Apparel,CA,Apparel store purchase,0,22,10,10,0,0,0,0,0,0,0
TX000102,CUST0063,2025-01-11 06:20:00,34.6,Restaurants,CA,Fast food meal,0,14,9,10,0,0,0,0,0,0,0
TX000103,CUST0178,2025-01-11 07:01:00,1289.5,Luxury Goods,CN,Premium jewelry store order,1,27,13,10,0,0,0,0,0,0,0
TX000104,CUST0154,2025-01-11 08:11:00,105.1,Online Retail,CA,Online book order,0,17,8,10,0,0,0,0,0,0,0
TX000105,CUST0104,2025-01-11 09:12:00,54.3,Gas Station,CA,Gas station fill-up,0,19,12,10,0,0,0,0,0,0,0
TX000106,CUST0112,2025-01-11 10:10:00,68.75,Restaurants,CA,Restaurant dinner with friends,0,30,11,10,0,0,0,0,0,0,0
TX000107,CUST0006,2025-01-11 11:05:00,28.3,Pharmacy,CA,Pharmacy prescription pickup,0,28,14,10,0,0,0,0,0,0,0
TX000108,CUST0093,2025-01-11 12:57:00,83.1,Groceries,CA,Grocery shopping trip,0,21,9,10,0,0,0,0,0,0,0
TX000109,CUST0032,2025-01-11 13:00:00,12.5,Transport,CA,Bus ticket fare,0,15,20,10,0,0,0,0,0,0,0
TX000110,CUST0164,2025-01-12 14:35:00,45.99,Subscriptions,CA,Monthly streaming subscription,0,30,17,10,0,0,0,1,0,0,1
TX000111,CUST0056,2025-01-12 15:23:00,79.2,Groceries,CA,Grocery shopping trip,0,21,10,10,0,0,0,0,0,0,0
TX000112,CUST0058,2025-01-12 16:12:00,145.8,Home Improvement,CA,Hardware store supplies,0,23,9,10,0,0,0,0,0,0,0
TX000113,CUST0032,2025-01-12 17:15:00,55.45,Gas Station,CA,Gas station fill-up,0,19,20,10,0,0,0,0,0,0,0
TX000114,CUST0075,2025-01-12 18:14:00,9.99,Entertainment,CA,Movie ticket purchase,0,21,15,10,0,0,0,0,0,0,0
TX000115,CUST0182,2025-01-12 19:41:00,21.0,Restaurants,CA,Fast food meal,0,14,11,10,0,0,0,0,0,0,0
TX000116,CUST0098,2025-01-12 20:03:00,48.7,Healthcare,CA,Doctor's visit co-pay,0,21,15,10,0,0,0,0,0,0,0
TX000117,CUST0072,2025-01-12 21:31:00,65.2,Groceries,CA,Grocery shopping trip,0,21,8,10,0,0,0,0,0,0,0
TX000118,CUST0105,2025-01-12 22:26:00,34.0,Restaurants,CA,Restaurant dinner with friends,0,30,11,10,0,0,0,0,0,0,0
TX000119,CUST0060,2025-01-12 23:08:00,13.75,Restaurants,CA,Coffee shop purchase,0,20,9,10,0,0,0,0,0,0,0
TX000120,CUST0111,2025-01-13 00:14:00,14.99,Online Retail,GB,Online purchase,1,15,10,10,0,0,0,0,0,0,0
TX000121,CUST0026,2025-01-13 01:45:00,65.8,Groceries,CA,Grocery shopping trip,0,21,13,10,0,0,0,0,0,0,0
TX000122,CUST0153,2025-01-13 02:25:00,850.5,Services,CA,Urgent home repair service,0,26,14,10,0,0,0,0,0,0,0
TX000123,CUST0109,2025-01-13 03:10:00,35.1,Gas Station,CA,Gas station fill-up,0,19,11,10,0,0,0,0,0,0,0
TX000124,CUST0082,2025-01-13 04:01:00,110.2,Online Retail,CA,Online book order,0,17,13,10,0,0,0,0,0,0,0
TX000125,CUST0200,2025-01-13 05:52:00,25.0,Transport,CA,Taxi ride fare,0,14,10,10,0,0,0,0,0,0,0
TX000126,CUST0187,2025-01-13 06:48:00,42.15,Subscriptions,CA,Monthly streaming subscription,0,30,11,10,0,0,0,1,0,0,1
TX000127,CUST0093,2025-01-13 07:09:00,240.5,Apparel,CA,Apparel store purchase,0,22,9,10,0,0,0,0,0,0,0
TX000128,CUST0029,2025-01-13 08:12:00,8.0,Transport,CA,Parking fee payment,0,19,18,10,0,0,0,0,0,0,0
TX000129,CUST0109,2025-01-13 09:36:00,55.6,Groceries,CA,Grocery shopping trip,0,21,11,10,0,0,0,0,0,0,0
TX000130,CUST0133,2025-01-14 10:11:00,12.0,Restaurants,CA,Coffee shop purchase,0,20,17,10,0,0,0,0,0,0,0
TX000131,CUST0171,2025-01-14 11:34:00,75.3,Groceries,CA,Grocery shopping trip,0,21,11,10,0,0,0,0,0,0,0
TX000132,CUST0074,2025-01-14 12:13:00,105.75,Travel,MX,Unusual flight booking,1,22,11,10,0,0,0,0,0,0,0
TX000133,CUST0120,2025-01-14 13:02:00,54.99,Subscriptions,CA,Gym membership renewal,0,22,13,10,0,0,0,1,0,0,0
TX000134,CUST0124,2025-01-14 14:54:00,23.5,Restaurants,CA,Fast food meal,0,14,13,10,0,0,0,0,0,0,0
TX000135,CUST0161,2025-01-14 15:50:00,12.8,Transport,CA,Bus ticket fare,0,15,14,10,0,0,0,0,0,0,0
TX000136,CUST0065,2025-01-14 16:40:00,9.5,Entertainment,CA,Movie ticket purchase,0,21,15,10,0,0,0,0,0,0,0
TX000137,CUST0153,2025-01-14 17:09:00,65.4,Groceries,CA,Grocery shopping trip,0,21,14,10,0,0,0,0,0,0,0
TX000138,CUST0141,2025-01-14 18:39:00,30.0,Transport,CA,Taxi ride fare,0,14,15,10,0,0,0,0,0,0,0
TX000139,CUST0122,2025-01-14 19:11:00,75.0,Groceries,CA,Grocery shopping trip,0,21,17,10,0,0,0,0,0,0,0
TX000140,CUST0002,2025-01-15 20:52:00,18.2,Restaurants,CA,Coffee shop purchase,0,20,9,10,0,0,0,0,0,0,0
TX000141,CUST0183,2025-01-15 21:16:00,58.6,Gas Station,CA,Gas station fill-up,0,19,15,10,0,0,0,0,0,0,0
TX000142,CUST0121,2025-01-15 22:56:00,15.0,Transport,CA,Parking fee payment,0,19,17,10,0,0,0,0,0,0,0
TX000143,CUST0126,2025-01-15 23:03:00,25.5,Restaurants,CA,Fast food meal,0,14,18,10,0,0,0,0,0,0,0
TX000144,CUST0132,2025-01-15 00:47:00,62.1,Groceries,CA,Grocery shopping trip,0,21,16,10,0,0,0,0,0,0,0
TX000145,CUST0013,2025-01-15 01:17:00,120.0,Apparel,CA,Apparel store purchase,0,22,16,10,0,0,0,0,0,0,0
TX000146,CUST0099,2025-01-15 02:16:00,50.0,Healthcare,CA,Doctor's visit co-pay,0,21,9,10,0,0,0,0,0,0,0
TX000147,CUST0167,2025-01-15 03:34:00,250.0,Education,CA,Online course payment,0,21,11,10,0,0,0,0,0,0,1
TX000148,CUST0117,2025-01-15 04:13:00,12.0,Restaurants,CA,Coffee shop purchase,0,20,12,10,0,0,0,0,0,0,0
TX000149,CUST0060,2025-01-15 05:28:00,78.9,Groceries,CA,Grocery shopping trip,0,21,9,10,0,0,0,0,0,0,0
TX000150,CUST0062,2025-01-16 06:27:00,45.0,Subscriptions,CA,Monthly streaming subscription,0,30,16,10,0,0,0,1,0,0,1
TX000151,CUST0128,2025-01-16 07:26:00,68.3,Gas Station,CA,Gas station fill-up,0,19,23,10,0,0,0,0,0,0,0
TX000152,CUST0130,2025-01-16 08:46:00,45.99,Subscriptions,CA,Mobile phone bill,0,17,11,9,0,0,0,1,0,0,0
TX000153,CUST0114,2025-01-16 09:12:00,1560.25,Electronics,DE,High-value electronics shipment,1,31,12,10,0,0,0,0,0,0,0
TX000154,CUST0102,2025-01-16 10:40:00,10.0,Entertainment,CA,Movie ticket purchase,0,21,16,10,0,0,0,0,0,0,0
TX000155,CUST0018,2025-01-16 11:31:00,6.75,Restaurants,CA,Coffee shop purchase,0,20,15,10,0,0,0,0,0,0,0
TX000156,CUST0127,2025-01-16 12:09:00,90.5,Groceries,CA,Grocery shopping trip,0,21,14,10,0,0,0,0,0,0,0
TX000157,CUST0160,2025-01-16 13:56:00,52.8,Gas Station,CA,Gas station fill-up,0,19,12,10,0,0,0,0,0,0,0
TX000158,CUST0195,2025-01-16 14:36:00,12.99,Restaurants,CA,Fast food meal,0,14,11,10,0,0,0,0,0,0,0
TX000159,CUST0043,2025-01-16 15:52:00,89.2,Groceries,CA,Grocery shopping trip,0,21,16,10,0,0,0,0,0,0,0
TX000160,CUST0007,2025-01-17 16:49:00,350.0,Online Retail,CA,Online book order,0,17,11,10,0,0,0,0,0,0,0
TX000161,CUST0062,2025-01-17 17:18:00,15.0,Transport,CA,Bus ticket fare,0,15,16,10,0,0,0,0,0,0,0
TX000162,CUST0120,2025-01-17 18:38:00,55.0,Groceries,CA,Grocery shopping trip,0,21,13,10,0,0,0,0,0,0,0
TX000163,CUST0128,2025-01-17 19:56:00,389.99,Online Retail,FR,International gadget procurement,1,32,23,10,0,0,0,0,0,0,0
TX000164,CUST0052,2025-01-17 20:37:00,47.5,Healthcare,CA,Doctor's visit co-pay,0,21,11,10,0,0,0,0,0,0,0
TX000165,CUST0048,2025-01-17 21:00:00,14.5,Restaurants,CA,Coffee shop purchase,0,20,9,10,0,0,0,0,0,0,0
TX000166,CUST0118,2025-01-17 22:41:00,7.0,Transport,CA,Parking fee payment,0,19,18,10,0,0,0,0,0,0,0
TX000167,CUST0001,2025-01-17 23:38:00,28.99,Entertainment,CA,Kids toy store purchase,0,23,14,10,0,0,0,0,0,0,0
TX000168,CUST0088,2025-01-17 00:03:00,40.0,Subscriptions,CA,Monthly streaming subscription,0,30,11,10,0,0,0,1,0,0,1
TX000169,CUST0012,2025-01-17 01:17:00,16.0,Restaurants,CA,Coffee shop purchase,0,20,15,10,0,0,0,0,0,0,0
TX000170,CUST0102,2025-01-18 02:01:00,72.3,Groceries,CA,Grocery shopping trip,0,21,16,10,0,0,0,0,0,0,0
TX000171,CUST0141,2025-01-18 03:17:00,95.0,Groceries,CA,Grocery shopping trip,0,21,15,10,0,0,0,0,0,0,0
TX000172,CUST0165,2025-01-18 04:58:00,60.1,Gas Station,CA,Gas station fill-up,0,19,9,10,0,0,0,0,0,0,0
TX000173,CUST0102,2025-01-18 05:26:00,30.0,Restaurants,CA,Restaurant dinner with friends,0,30,16,10,0,0,0,0,0,0,0
TX000174,CUST0098,2025-01-18 06:32:00,550.0,Utilities,CA,Utility bill payment,0,20,15,10,0,0,0,1,0,0,0
TX000175,CUST0130,2025-01-18 07:29:00,11.5,Restaurants,CA,Coffee shop purchase,0,20,11,10,0,0,0,0,0,0,0
TX000176,CUST0075,2025-01-18 08:01:00,80.0,Groceries,CA,Grocery shopping trip,0,21,15,10,0,0,0,0,0,0,0
TX000177,CUST0152,2025-01-18 09:26:00,35.0,Donations,CA,Donation to charity,0,19,15,10,0,0,0,0,0,0,0
TX000178,CUST0122,2025-01-18 10:07:00,1500.0,Cryptocurrency Exchange,GB,Large amount digital currency,1,29,17,10,0,0,1,0,0,0,1
TX000179,CUST0070,2025-01-18 11:25:00,10.0,Restaurants,CA,Coffee shop purchase,0,20,9,10,0,0,0,0,0,0,0
TX000180,CUST0116,2025-01-19 12:56:00,75.0,Groceries,CA,Grocery shopping trip,0,21,16,10,0,0,0,0,0,0,0
TX000181,CUST0144,2025-01-19 13:32:00,48.0,Subscriptions,CA,Monthly streaming subscription,0,30,13,10,0,0,0,1,0,0,1
TX000182,CUST0064,2025-01-19 14:51:00,45.0,Gas Station,CA,Gas station fill-up,0,19,18,10,0,0,0,0,0,0,0
TX000183,CUST0039,2025-01-19 15:24:00,29.99,Pharmacy,CA,Pharmacy prescription pickup,0,28,13,10,0,0,0,0,0,0,0
TX000184,CUST0159,2025-01-19 16:09:00,750.5,Travel,BR,Unusual flight booking,1,22,24,10,0,0,0,0,0,0,0
TX000185,CUST0135,2025-01-19 17:43:00,12.0,Entertainment,CA,Movie ticket purchase,0,21,12,10,0,0,0,0,0,0,0
TX000186,CUST0200,2025-01-19 18:50:00,110.0,Online Retail,CA,Online book order,0,17,10,10,0,0,0,0,0,0,0
TX000187,CUST0137,2025-01-19 19:42:00,18.0,Restaurants,CA,Coffee shop purchase,0,20,20,10,0,0,0,0,0,0,0
TX000188,CUST0103,2025-01-19 20:30:00,70.0,Groceries,CA,Grocery shopping trip,0,21,14,10,0,0,0,0,0,0,0
TX000189,CUST0065,2025-01-19 21:02:00,25.0,Transport,CA,Taxi ride fare,0,14,15,10,0,0,0,0,0,0,0
TX000190,CUST0132,2025-01-20 22:58:00,1200.0,Electronics,CA,Large home appliance,0,20,16,10,0,0,0,0,0,0,0
TX000191,CUST0016,2025-01-20 23:05:00,60.0,Groceries,CA,Grocery shopping trip,0,21,7,10,0,0,0,0,0,0,0
TX000192,CUST0053,2025-01-20 00:00:00,49.0,Healthcare,CA,Doctor's visit co-pay,0,21,22,10,0,0,0,0,0,0,0
TX000193,CUST0100,2025-01-20 01:24:00,25.0,Restaurants,CA,Fast food meal,0,14,10,10,0,0,0,0,0,0,0
TX000194,CUST0134,2025-01-20 02:24:00,1899.99,Electronics,US,Premium gaming console,1,22,11,10,0,0,0,0,0,0,0
TX000195,CUST0129,2025-01-20 03:07:00,13.0,Restaurants,CA,Coffee shop purchase,0,20,19,10,0,0,0,0,0,0,0
TX000196,CUST0177,2025-01-20 04:15:00,120.0,Apparel,CA,Apparel store purchase,0,22,18,10,0,0,0,0,0,0,0
TX000197,CUST0133,2025-01-20 05:01:00,35.0,Restaurants,CA,Restaurant dinner with friends,0,30,17,10,0,0,0,0,0,0,0
TX000198,CUST0192,2025-01-20 06:05:00,78.0,Groceries,CA,Grocery shopping trip,0,21,16,10,0,0,0,0,0,0,0
TX000199,CUST0038,2025-01-20 07:06:00,450.0,Home Improvement,CA,Hardware store supplies,0,23,10,10,0,0,0,0,0,0,0
TX000200,CUST0082,2025-01-21 08:29:00,10.0,Transport,CA,Parking fee payment,0,19,13,10,0,0,0,0,0,0,0
TX000201,CUST0063,2025-01-21 09:40:00,42.0,Subscriptions,CA,Monthly streaming subscription,0,30,9,10,0,0,0,1,0,0,1
TX000202,CUST0175,2025-01-21 10:04:00,62.5,Gas Station,CA,Gas station fill-up,0,19,16,10,0,0,0,0,0,0,0
TX000203,CUST0189,2025-01-21 11:13:00,200.0,Services,CA,Service fee,1,11,12,10,0,0,0,0,0,0,0
TX000204,CUST0032,2025-01-21 12:45:00,55.0,Groceries,CA,Grocery shopping trip,0,21,20,10,0,0,0,0,0,0,0
TX000205,CUST0109,2025-01-21 13:24:00,11.75,Restaurants,CA,Coffee shop purchase,0,20,11,10,0,0,0,0,0,0,0
TX000206,CUST0080,2025-01-21 14:25:00,85.0,Groceries,CA,Grocery shopping trip,0,21,13,10,0,0,0,0,0,0,0
TX000207,CUST0032,2025-01-21 15:40:00,46.0,Subscriptions,CA,Mobile phone bill,0,17,20,9,0,0,0,1,0,0,0
TX000208,CUST0046,2025-01-21 16:37:00,20.0,Restaurants,CA,Fast food meal,0,14,18,10,0,0,0,0,0,0,0
TX000209,CUST0062,2025-01-21 17:34:00,300.0,Travel,US,International online purchase,0,29,16,6,0,0,0,0,0,0,0
TX000210,CUST0024,2025-01-22 18:43:00,7.5,Restaurants,CA,Coffee shop purchase,0,20,15,10,0,0,0,0,0,0,0
TX000211,CUST0170,2025-01-22 19:00:00,50.0,Gas Station,CA,Gas station fill-up,0,19,16,10,0,0,0,0,0,0,0
TX000212,CUST0053,2025-01-22 20:24:00,68.0,Groceries,CA,Grocery shopping trip,0,21,22,10,0,0,0,0,0,0,0
TX000213,CUST0150,2025-01-22 21:54:00,14.0,Transport,CA,Bus ticket fare,0,15,16,10,0,0,0,0,0,0,0
TX000214,CUST0049,2025-01-22 22:53:00,950.0,International Transfers,NG,Urgent international wire transfer,1,34,17,10,1,0,0,0,0,1,0
TX000215,CUST0100,2025-01-22 23:24:00,100.0,Online Retail,CA,Online book order,0,17,10,10,0,0,0,0,0,0,0
TX000216,CUST0012,2025-01-22 00:02:00,40.0,Healthcare,CA,Doctor's visit co-pay,0,21,15,10,0,0,0,0,0,0,0
TX000217,CUST0037,2025-01-22 01:07:00,25.0,Entertainment,CA,Kids toy store purchase,0,23,16,10,0,0,0,0,0,0,0
TX000218,CUST0002,2025-01-22 02:39:00,3500.0,Cryptocurrency Exchange,AU,Untraceable cryptocurrency exchange,1,35,9,10,0,0,1,0,0,0,1
TX000219,CUST0170,2025-01-22 03:36:00,15.0,Restaurants,CA,Coffee shop purchase,0,20,16,10,0,0,0,0,0,0,0
TX000220,CUST0108,2025-01-23 04:27:00,32.5,Restaurants,CA,Restaurant dinner with friends,0,30,16,10,0,0,0,0,0,0,0
TX000221,CUST0147,2025-01-23 05:13:00,120.0,Apparel,CA,Apparel store purchase,0,22,7,10,0,0,0,0,0,0,0
TX000222,CUST0015,2025-01-23 06:54:00,42.0,Pharmacy,CA,Pharmacy prescription pickup,0,28,6,10,0,0,0,0,0,0,0
TX000223,CUST0159,2025-01-23 07:51:00,650.0,Luxury Goods,US,Luxury watch online purchase,1,28,24,10,0,0,0,0,0,0,0
TX000224,CUST0180,2025-01-23 08:57:00,58.0,Gas Station,CA,Gas station fill-up,0,19,11,10,0,0,0,0,0,0,0
TX000225,CUST0051,2025-01-23 09:23:00,70.0,Groceries,CA,Grocery shopping trip,0,21,12,10,0,0,0,0,0,0,0
TX000226,CUST0039,2025-01-23 10:19:00,18.0,Restaurants,CA,Fast food meal,0,14,13,10,0,0,0,0,0,0,0
TX000227,CUST0118,2025-01-23 11:25:00,175.5,Data Services,MX,Anonymous VPN service payment,1,29,18,10,0,0,0,1,0,0,1
TX000200,CUST0053,2025-01-21 08:55:00,13.91,Restaurants,AU,quick fast food meal for one person,0,35,22,10,0,0,0,0,0,0,0
TX000201,CUST0053,2025-01-21 09:56:00,35.13,Home Goods,AU,bathroom essentials like towels and soap,0,40,22,10,0,0,0,0,0,0,0
TX000202,CUST0159,2025-01-21 10:22:00,68.32,Books,AU,children's storybook for bedtime stories,0,40,24,10,0,0,0,0,0,0,0
TX000203,CUST0191,2025-01-21 11:17:00,10.99,Restaurants,AU,takeaway food delivery for movie night,0,38,19,10,0,0,0,0,0,0,0
TX000204,CUST0191,2025-01-21 12:44:00,3.75,Gas Station,AU,petrol fill-up and snack purchase,0,33,19,10,0,0,0,0,0,0,0
TX000205,CUST0110,2025-01-21 13:02:00,28.32,Online Retail,AU,general web shopping for household items,0,40,13,10,0,0,0,0,0,0,0
TX000206,CUST0030,2025-01-21 14:24:00,22.86,Pharmacy,AU,vitamins and health supplements purchase,0,40,12,10,0,0,0,0,0,0,0
TX000207,CUST0096,2025-01-21 15:47:00,54.72,Home Goods,AU,home decor item to refresh living space,0,39,13,10,0,0,0,0,0,0,0
TX000208,CUST0066,2025-01-21 16:12:00,14.15,Automotive,AU,vehicle wash service for clean car,0,34,18,10,0,0,0,0,0,0,0
TX000209,CUST0004,2025-01-21 17:11:00,45.89,Electronics,AU,new smartphone accessory from tech store,1,40,15,10,0,0,0,0,0,0,0
TX000210,CUST0162,2025-01-22 18:07:00,42.9,Healthcare,AU,pharmacy prescription refill for ongoing medication,0,51,11,8,0,0,0,0,0,0,0
TX000211,CUST0037,2025-01-22 19:06:00,28.53,Books,AU,e-reader content download for travel,0,36,16,10,0,0,0,0,0,0,1
TX000212,CUST0174,2025-01-22 20:58:00,5.48,Entertainment,AU,streaming service subscription for shows,0,40,11,10,0,0,0,1,0,0,1
TX000213,CUST0111,2025-01-22 21:04:00,41.25,Sports,AU,athletic clothing for running session,0,37,10,10,0,0,0,0,0,0,0
TX000214,CUST0023,2025-01-22 22:22:00,102.04,Automotive,AU,minor car repair and parts replacement,0,38,19,10,0,0,0,0,0,0,0
TX000215,CUST0183,2025-01-22 23:52:00,7.99,Entertainment,AU,video game download for weekend fun,0,35,15,10,0,0,0,0,0,0,1
TX000216,CUST0194,2025-01-22 00:57:00,13.91,Gas Station,AU,road trip refreshments and fuel,0,31,14,10,0,0,0,0,0,0,0
TX000217,CUST0012,2025-01-22 01:41:00,40.23,Fashion,AU,accessories store items like a new watch,0,40,15,10,0,0,0,0,0,0,0
TX000218,CUST0069,2025-01-22 02:51:00,60.19,Home Goods,AU,kitchenware upgrade for cooking needs,0,37,9,10,0,0,0,0,0,0,0
TX000219,CUST0168,2025-01-22 03:55:00,110.02,Services,AU,monthly gym membership for fitness training,0,43,17,9,0,0,0,1,0,0,0
TX000220,CUST0119,2025-01-23 04:55:00,9.99,Books,AU,magazine subscription for hobby interests,0,41,14,9,0,0,0,1,0,0,0
TX000221,CUST0003,2025-01-23 05:22:00,25.07,Groceries,AU,food and drink items from local store,0,37,10,10,0,0,0,0,0,0,0
TX000222,CUST0008,2025-01-23 06:47:00,11.23,Restaurants,AU,takeaway food delivery for movie night,0,38,14,10,0,0,0,0,0,0,0
TX000223,CUST0190,2025-01-23 07:55:00,6.81,Entertainment,AU,streaming service subscription for shows,0,40,12,10,0,0,0,1,0,0,1
TX000224,CUST0091,2025-01-23 08:03:00,12.39,Pharmacy,AU,medication for cold and flu symptoms,0,36,14,10,0,0,0,0,0,0,0
TX000225,CUST0180,2025-01-23 09:08:00,3.99,Restaurants,AU,quick fast food meal for one person,0,35,11,10,0,0,0,0,0,0,0
TX000226,CUST0071,2025-01-23 10:54:00,12.32,Utilities,AU,phone bill auto-pay for mobile plan,0,35,17,10,0,0,0,1,0,0,0
TX000227,CUST0193,2025-01-23 11:13:00,21.65,Groceries,AU,daily convenience store purchase for quick snacks,0,49,12,10,0,0,0,0,0,0,0
TX000228,CUST0173,2025-01-23 12:10:00,139.54,Travel,AU,holiday hotel stay for a weekend getaway,0,40,9,10,0,0,0,0,0,0,0
TX000229,CUST0193,2025-01-23 13:07:00,11.45,Gas Station,AU,petrol fill-up and snack purchase,0,33,12,10,0,0,0,0,0,0,0
TX000230,CUST0193,2025-01-24 14:14:00,34.61,Pharmacy,AU,first aid kit items for emergencies,0,35,12,10,0,0,0,0,0,0,0
TX000231,CUST0004,2025-01-24 15:07:00,21.0,Restaurants,AU,cafe lunch order for a quick bite,0,33,15,10,0,0,0,0,0,0,0
TX000232,CUST0191,2025-01-24 16:15:00,31.62,Groceries,AU,weekly supermarket shop for household essentials,0,48,19,10,0,0,0,0,0,0,0
TX000233,CUST0120,2025-01-24 17:46:00,39.99,Software,AU,productivity app purchase for work efficiency,0,45,13,10,0,0,0,0,0,0,1
TX000234,CUST0115,2025-01-24 18:50:00,8.08,Entertainment,AU,movie tickets purchase for new release,0,38,15,10,0,0,0,0,0,0,0
TX000235,CUST0137,2025-01-24 19:28:00,42.3,Automotive,AU,car fuel top-up at local gas station,0,36,20,10,0,0,0,0,0,0,0
TX000236,CUST0092,2025-01-24 20:20:00,12.7,Travel,AU,local bus ticket for daily commute,0,34,11,10,0,0,0,0,0,0,0
TX000237,CUST0126,2025-01-24 21:52:00,89.24,Healthcare,AU,doctor's consultation fee for annual check-up,0,45,18,10,0,0,0,0,0,0,0
TX000238,CUST0031,2025-01-24 22:36:00,16.5,Travel,AU,train fare payment for intercity trip,0,37,12,10,1,0,0,0,0,0,0
TX000239,CUST0014,2025-01-24 23:27:00,9.99,Software,AU,game software key for new release,0,33,15,10,0,0,0,0,0,0,1
TX000240,CUST0148,2025-01-25 00:03:00,100.86,Fashion,AU,new casual clothing for everyday wear,0,37,13,10,0,0,0,0,0,0,0
TX000241,CUST0144,2025-01-25 01:40:00,450.41,Travel,US,luxury resort booking fraud for extended stay,0,45,13,10,0,0,0,0,0,0,0
TX000242,CUST0120,2025-01-25 02:32:00,32.74,Groceries,AU,food and drink items from local store,0,37,13,10,0,0,0,0,0,0,0
TX000243,CUST0073,2025-01-25 03:43:00,3.79,Gas Station,AU,car wash token for a quick clean,0,32,15,8,0,0,0,0,0,0,0
TX000244,CUST0163,2025-01-25 04:29:00,19.99,Books,AU,novel from bookstore for leisure reading,0,40,10,10,0,0,0,0,0,0,0
TX000245,CUST0135,2025-01-25 05:49:00,6.81,Entertainment,AU,streaming service subscription for shows,0,40,12,10,0,0,0,1,0,0,1
TX000246,CUST0152,2025-01-25 06:02:00,12.44,Travel,AU,local bus ticket for daily commute,0,34,15,10,0,0,0,0,0,0,0
TX000247,CUST0133,2025-01-25 07:22:00,25.0,Donations,AU,local charity contribution for good cause,0,41,17,10,0,0,0,0,0,0,0
TX000248,CUST0163,2025-01-25 08:03:00,4.99,Books,AU,e-reader content download for travel,0,36,10,10,0,0,0,0,0,0,1
TX000249,CUST0128,2025-01-25 09:39:00,18.06,Groceries,AU,daily convenience store purchase for quick snacks,0,49,23,10,0,0,0,0,0,0,0
TX000250,CUST0089,2025-01-26 10:37:00,76.53,Services,AU,haircut and styling fee at salon,0,32,18,10,0,0,0,0,0,0,0
TX000251,CUST0108,2025-01-26 11:08:00,16.03,Groceries,AU,daily convenience store purchase for quick snacks,0,49,16,10,0,0,0,0,0,0,0
TX000252,CUST0063,2025-01-26 12:22:00,3.55,Gas Station,AU,car wash token for a quick clean,0,32,9,8,0,0,0,0,0,0,0
TX000253,CUST0156,2025-01-26 13:38:00,11.23,Restaurants,AU,cafe lunch order for a quick bite,0,33,13,10,0,0,0,0,0,0,0
TX000254,CUST0118,2025-01-26 14:41:00,6.09,Entertainment,AU,streaming service subscription for shows,0,40,18,10,0,0,0,1,0,0,1
TX000255,CUST0074,2025-01-26 15:36:00,12.0,Utilities,AU,phone bill auto-pay for mobile plan,0,35,11,10,1,0,0,1,0,0,0
TX000256,CUST0045,2025-01-26 16:58:00,1399.78,Electronics,US,urgent premium device buy overseas without approval,1,51,18,10,0,0,0,0,0,0,0
TX000257,CUST0024,2025-01-26 17:19:00,89.26,Education,AU,school supplies purchase for children,0,37,15,9,0,0,0,0,0,0,0
TX000258,CUST0186,2025-01-26 18:29:00,19.5,Sports,AU,gym entry fee for daily exercise,0,32,11,9,0,0,0,0,0,0,0
TX000259,CUST0097,2025-01-26 19:43:00,3.4,Pharmacy,AU,medication for cold and flu symptoms,0,36,8,10,0,0,0,0,0,0,0
TX000260,CUST0033,2025-01-27 20:48:00,149.26,Fashion,AU,shoe shop purchase for running shoes,0,36,12,10,0,0,0,0,0,0,0
TX000261,CUST0159,2025-01-27 21:18:00,12.8,Utilities,AU,water usage charge for household consumption,0,44,24,10,0,0,0,0,0,0,0
TX000262,CUST0149,2025-01-27 22:58:00,65.73,Automotive,AU,car fuel top-up at local gas station,0,36,17,10,0,0,0,0,0,0,0
TX000263,CUST0117,2025-01-27 23:55:00,1655.97,Fashion,GB,luxury brand items fraud from exclusive boutique,1,48,12,10,0,0,0,0,0,0,0
TX000264,CUST0157,2025-01-27 00:42:00,10.99,Restaurants,AU,takeaway food delivery for movie night,0,38,12,10,0,0,0,0,0,0,0
TX000265,CUST0006,2025-01-27 01:25:00,3.99,Gas Station,AU,car wash token for a quick clean,0,32,14,8,0,0,0,0,0,0,0
TX000266,CUST0195,2025-01-27 02:45:00,12.44,Travel,AU,local bus ticket for daily commute,0,34,11,10,0,0,0,0,0,0,0
TX000267,CUST0190,2025-01-27 03:45:00,18.23,Education,AU,school supplies purchase for children,0,37,12,9,0,0,0,0,0,0,0
TX000268,CUST0152,2025-01-27 04:50:00,16.99,Online Retail,AU,amazon book purchase for upcoming vacation,0,42,15,10,0,0,0,0,0,0,0
TX000269,CUST0092,2025-01-27 05:16:00,29.99,Software,AU,productivity app purchase for work efficiency,0,45,11,10,0,0,0,0,0,0,1
TX000270,CUST0163,2025-01-28 06:22:00,55.43,Healthcare,AU,medical supplies order for home use,0,35,10,10,0,0,0,0,0,0,0
TX000271,CUST0014,2025-01-28 07:40:00,44.57,Online Retail,AU,gadget e-commerce buy for tech upgrade,0,38,15,10,0,0,0,0,0,0,0
TX000272,CUST0193,2025-01-28 08:07:00,3.86,Pharmacy,AU,medication for cold and flu symptoms,0,36,12,10,0,0,0,0,0,0,0
TX000273,CUST0046,2025-01-28 09:09:00,7.08,Books,AU,children's storybook for bedtime stories,0,40,18,10,0,0,0,0,0,0,0
TX000274,CUST0158,2025-01-28 10:03:00,1876.54,Travel,MX,unexplained international travel booking to exotic destination,1,62,19,10,0,0,0,0,0,0,0
TX000275,CUST0113,2025-01-28 11:07:00,12.0,Utilities,AU,phone bill auto-pay for mobile plan,0,35,8,10,1,0,0,1,0,0,0
TX000276,CUST0178,2025-01-28 12:07:00,139.73,Fashion,AU,new casual clothing for everyday wear,0,37,13,10,0,0,0,0,0,0,0
TX000277,CUST0200,2025-01-28 13:09:00,1.76,Automotive,AU,parking garage fee for city visit,0,33,10,8,0,0,0,0,0,0,0
TX000278,CUST0089,2025-01-28 14:09:00,6.99,Entertainment,AU,video game download for weekend fun,0,35,18,10,0,0,0,0,0,0,1
TX000279,CUST0071,2025-01-28 15:03:00,25.0,Donations,AU,animal welfare support for shelter pets,0,39,17,10,0,0,0,0,0,0,0
TX000280,CUST0054,2025-01-29 16:39:00,25.56,Groceries,AU,weekly supermarket shop for household essentials,0,48,17,10,0,0,0,0,0,0,0
TX000281,CUST0061,2025-01-29 17:20:00,29.83,Home Goods,AU,garden tools purchase for outdoor work,0,38,16,10,0,0,0,0,0,0,0
TX000282,CUST0091,2025-01-29 18:30:00,12.7,Travel,AU,local bus ticket for daily commute,0,34,14,10,0,0,0,0,0,0,0
TX000283,CUST0162,2025-01-29 19:21:00,19.99,Books,AU,novel from bookstore for leisure reading,0,40,11,10,0,0,0,0,0,0,0
TX000284,CUST0049,2025-01-29 20:09:00,12.0,Utilities,AU,phone bill auto-pay for mobile plan,0,35,17,10,1,0,0,1,0,0,0
TX000285,CUST0156,2025-01-29 21:28:00,19.99,Online Retail,AU,amazon book purchase for upcoming vacation,0,42,13,10,0,0,0,0,0,0,0
TX000286,CUST0038,2025-01-29 22:53:00,7.08,Books,AU,children's storybook for bedtime stories,0,40,10,10,0,0,0,0,0,0,0
TX000287,CUST0078,2025-01-29 23:56:00,76.53,Services,AU,haircut and styling fee at salon,0,32,17,10,0,0,0,0,0,0,0
TX000288,CUST0113,2025-01-29 00:12:00,16.03,Groceries,AU,daily convenience store purchase for quick snacks,0,49,8,10,0,0,0,0,0,0,0
TX000289,CUST0034,2025-01-29 01:25:00,12.39,Pharmacy,AU,medication for cold and flu symptoms,0,36,12,10,0,0,0,0,0,0,0
TX000290,CUST0154,2025-01-30 02:22:00,13.91,Restaurants,AU,quick fast food meal for one person,0,35,8,10,0,0,0,0,0,0,0
TX000291,CUST0182,2025-01-30 03:07:00,3.75,Gas Station,AU,petrol fill-up and snack purchase,0,33,11,10,0,0,0,0,0,0,0
TX000292,CUST0161,2025-01-30 04:22:00,25.07,Groceries,AU,food and drink items from local store,0,37,14,10,0,0,0,0,0,0,0
TX000293,CUST0124,2025-01-30 05:59:00,35.13,Home Goods,AU,bathroom essentials like towels and soap,0,40,13,10,0,0,0,0,0,0,0
TX000294,CUST0099,2025-01-30 06:18:00,110.02,Services,AU,monthly gym membership for fitness training,0,43,9,9,0,0,0,1,0,0,0
TX000295,CUST0051,2025-01-30 07:33:00,9.99,Books,AU,magazine subscription for hobby interests,0,41,12,9,0,0,0,1,0,0,0
TX000296,CUST0009,2025-01-30 08:23:00,42.9,Healthcare,AU,pharmacy prescription refill for ongoing medication,0,51,17,10,0,0,0,0,0,0,0
TX000297,CUST0067,2025-01-30 09:09:00,14.15,Automotive,AU,vehicle wash service for clean car,0,34,16,10,0,0,0,0,0,0,0
TX000298,CUST0069,2025-01-30 10:55:00,68.32,Books,AU,children's storybook for bedtime stories,0,40,9,10,0,0,0,0,0,0,0
TX000299,CUST0198,2025-01-30 11:15:00,54.72,Home Goods,AU,home decor item to refresh living space,0,39,10,10,0,0,0,0,0,0,0
TX000300,CUST0071,2025-01-31 12:52:00,10.99,Restaurants,AU,takeaway food delivery for movie night,0,38,17,10,0,0,0,0,0,0,0
TX000301,CUST0176,2025-01-31 13:29:00,5.48,Entertainment,AU,streaming service subscription for shows,0,40,15,10,0,0,0,1,0,0,1
TX000302,CUST0177,2025-01-31 14:59:00,28.32,Online Retail,AU,general web shopping for household items,0,40,18,10,0,0,0,0,0,0,0
TX000303,CUST0149,2025-01-31 15:37:00,22.86,Pharmacy,AU,vitamins and health supplements purchase,0,40,17,10,0,0,0,0,0,0,0
TX000304,CUST0157,2025-01-31 16:47:00,76.54,Restaurants,AU,cafe lunch order for a quick bite,1,33,12,10,0,0,0,0,0,0,0
TX000305,CUST0054,2025-01-31 17:31:00,139.54,Travel,AU,holiday hotel stay for a weekend getaway,0,40,17,10,0,0,0,0,0,0,0
TX000306,CUST0065,2025-01-31 18:23:00,12.32,Utilities,AU,phone bill auto-pay for mobile plan,0,35,15,10,1,0,0,1,0,0,0
TX000307,CUST0079,2025-01-31 19:27:00,357.29,Software,US,unlicensed crypto software key for mining,1,41,12,8,0,0,1,0,0,0,1
TX000308,CUST0162,2025-01-31 20:26:00,3.99,Restaurants,AU,quick fast food meal for one person,0,35,11,10,0,0,0,0,0,0,0
TX000309,CUST0041,2025-01-31 21:24:00,34.61,Pharmacy,AU,first aid kit items for emergencies,0,35,6,10,0,0,0,0,0,0,0
TX000310,CUST0123,2025-02-01 22:31:00,21.65,Groceries,AU,daily convenience store purchase for quick snacks,0,49,18,10,0,0,0,0,0,0,0
TX000311,CUST0017,2025-02-01 23:30:00,21.0,Restaurants,AU,cafe lunch order for a quick bite,0,33,20,10,0,0,0,0,0,0,0
TX000312,CUST0034,2025-02-01 00:41:00,11.45,Gas Station,AU,petrol fill-up and snack purchase,0,33,12,10,0,0,0,0,0,0,0
TX000313,CUST0126,2025-02-01 01:11:00,39.99,Software,AU,productivity app purchase for work efficiency,0,45,18,10,0,0,0,0,0,0,1
TX000314,CUST0144,2025-02-01 02:00:00,31.62,Groceries,AU,weekly supermarket shop for household essentials,0,48,13,10,0,0,0,0,0,0,0
TX000315,CUST0122,2025-02-01 03:14:00,8.08,Entertainment,AU,movie tickets purchase for new release,0,38,17,10,0,0,0,0,0,0,0
TX000316,CUST0024,2025-02-01 04:51:00,42.3,Automotive,AU,car fuel top-up at local gas station,0,36,15,10,0,0,0,0,0,0,0
TX000317,CUST0174,2025-02-01 05:00:00,89.24,Healthcare,AU,doctor's consultation fee for annual check-up,0,45,11,10,0,0,0,0,0,0,0
TX000318,CUST0080,2025-02-01 06:07:00,16.5,Travel,AU,train fare payment for intercity trip,0,37,13,10,1,0,0,0,0,0,0
TX000319,CUST0115,2025-02-01 07:22:00,9.99,Software,AU,game software key for new release,0,33,15,10,0,0,0,0,0,0,1
TX000320,CUST0038,2025-02-02 08:49:00,260.03,Online Retail,DE,suspicious foreign online item from new vendor,1,46,10,10,0,0,0,0,0,0,0
TX000321,CUST0196,2025-02-02 09:04:00,1269.87,Education,US,fake certification cost from an unaccredited institution,1,56,15,10,0,0,0,0,0,0,0
TX000322,CUST0067,2025-02-02 10:22:00,100.86,Fashion,AU,new casual clothing for everyday wear,0,37,16,10,0,0,0,0,0,0,0
TX000323,CUST0067,2025-02-02 11:15:00,11.23,Restaurants,AU,cafe lunch order for a quick bite,0,33,16,10,0,0,0,0,0,0,0
TX000324,CUST0034,2025-02-02 12:51:00,6.81,Entertainment,AU,streaming service subscription for shows,0,40,12,10,0,0,0,1,0,0,1
TX000325,CUST0037,2025-02-02 13:57:00,19.5,Sports,AU,gym entry fee for daily exercise,0,32,16,9,0,0,0,0,0,0,0
TX000326,CUST0182,2025-02-02 14:31:00,3.4,Pharmacy,AU,medication for cold and flu symptoms,0,36,11,10,0,0,0,0,0,0,0
TX000327,CUST0151,2025-02-02 15:38:00,149.26,Fashion,AU,shoe shop purchase for running shoes,0,36,8,10,0,0,0,0,0,0,0
TX000328,CUST0021,2025-02-02 16:17:00,12.8,Utilities,AU,water usage charge for household consumption,0,44,18,10,0,0,0,0,0,0,0
TX000329,CUST0111,2025-02-02 17:26:00,65.73,Automotive,AU,car fuel top-up at local gas station,0,36,10,10,0,0,0,0,0,0,0
TX000330,CUST0022,2025-02-03 18:16:00,478.11,Healthcare,CN,expensive medical equipment purchase for unknown clinic,1,55,12,10,0,0,0,0,0,0,0
TX000331,CUST0051,2025-02-03 19:27:00,89.26,Education,AU,school supplies purchase for children,0,37,12,9,0,0,0,0,0,0,0
TX000332,CUST0054,2025-02-03 20:14:00,19.99,Online Retail,AU,amazon book purchase for upcoming vacation,0,42,17,10,0,0,0,0,0,0,0
TX000333,CUST0108,2025-02-03 21:35:00,3.86,Pharmacy,AU,medication for cold and flu symptoms,0,36,16,10,0,0,0,0,0,0,0
TX000334,CUST0050,2025-02-03 22:06:00,55.43,Healthcare,AU,medical supplies order for home use,0,35,16,10,0,0,0,0,0,0,0
TX000335,CUST0005,2025-02-03 23:53:00,3456.99,Home Goods,DE,luxury home renovation items bought illicitly,1,45,13,10,0,0,0,0,0,0,0
TX000336,CUST0179,2025-02-03 00:03:00,44.57,Online Retail,AU,gadget e-commerce buy for tech upgrade,0,38,20,10,0,0,0,0,0,0,0
TX000337,CUST0127,2025-02-03 01:25:00,7.08,Books,AU,children's storybook for bedtime stories,0,40,14,10,0,0,0,0,0,0,0
TX000338,CUST0174,2025-02-03 02:59:00,1.76,Automotive,AU,parking garage fee for city visit,0,33,11,8,0,0,0,0,0,0,0
TX000339,CUST0198,2025-02-03 03:24:00,396.22,Services,TH,offshore consulting fee for unverified company,1,46,10,10,0,0,0,0,0,0,0
TX000340,CUST0110,2025-02-04 04:29:00,6.99,Entertainment,AU,video game download for weekend fun,0,35,13,10,0,0,0,0,0,0,1
TX000341,CUST0166,2025-02-04 05:35:00,25.0,Donations,AU,animal welfare support for shelter pets,0,39,22,10,0,0,0,0,0,0,0
TX000342,CUST0198,2025-02-04 06:20:00,29.83,Home Goods,AU,garden tools purchase for outdoor work,0,38,10,10,0,0,0,0,0,0,0
TX000343,CUST0093,2025-02-04 07:02:00,25.56,Groceries,AU,weekly supermarket shop for household essentials,0,48,9,10,0,0,0,0,0,0,0
TX000344,CUST0075,2025-02-04 08:27:00,789.0,Automotive,AU,minor car repair and parts replacement,1,38,15,10,0,0,0,0,0,0,0
TX000345,CUST0123,2025-02-04 09:37:00,102.04,Automotive,AU,minor car repair and parts replacement,0,38,18,10,0,0,0,0,0,0,0
TX000346,CUST0109,2025-02-04 10:40:00,29.99,Software,AU,productivity app purchase for work efficiency,0,45,11,10,0,0,0,0,0,0,1
TX000347,CUST0018,2025-02-04 11:00:00,19.99,Books,AU,novel from bookstore for leisure reading,0,40,15,10,0,0,0,0,0,0,0
TX000348,CUST0157,2025-02-04 12:41:00,12.0,Utilities,AU,phone bill auto-pay for mobile plan,0,35,12,10,1,0,0,1,0,0,0
TX000349,CUST0050,2025-02-04 13:53:00,7.08,Books,AU,children's storybook for bedtime stories,0,40,16,10,0,0,0,0,0,0,0
TX000350,CUST0127,2025-02-05 14:14:00,76.53,Services,AU,haircut and styling fee at salon,0,32,14,10,0,0,0,0,0,0,0
TX000351,CUST0183,2025-02-05 15:30:00,16.03,Groceries,AU,daily convenience store purchase for quick snacks,0,49,15,10,0,0,0,0,0,0,0
TX000352,CUST0009,2025-02-05 16:12:00,12.39,Pharmacy,AU,medication for cold and flu symptoms,0,36,17,10,0,0,0,0,0,0,0
TX000353,CUST0040,2025-02-05 17:40:00,13.91,Restaurants,AU,quick fast food meal for one person,0,35,14,10,0,0,0,0,0,0,0
TX000354,CUST0193,2025-02-05 18:27:00,3.75,Gas Station,AU,petrol fill-up and snack purchase,0,33,12,10,0,0,0,0,0,0,0
TX000355,CUST0194,2025-02-05 19:28:00,25.07,Groceries,AU,food and drink items from local store,0,37,14,10,0,0,0,0,0,0,0
TX000356,CUST0092,2025-02-05 20:03:00,35.13,Home Goods,AU,bathroom essentials like towels and soap,0,40,11,10,0,0,0,0,0,0,0
TX000357,CUST0014,2025-02-05 21:27:00,110.02,Services,AU,monthly gym membership for fitness training,0,43,15,9,0,0,0,1,0,0,0
TX000358,CUST0046,2025-02-05 22:25:00,9.99,Books,AU,magazine subscription for hobby interests,0,41,18,9,0,0,0,1,0,0,0
TX000359,CUST0143,2025-02-05 23:34:00,1746.54,Sports,JP,premium sports memorabilia acquisition fraud,1,44,15,10,0,0,0,0,0,0,0
TX000360,CUST0076,2025-02-06 00:41:00,42.9,Healthcare,AU,pharmacy prescription refill for ongoing medication,0,51,8,10,0,0,0,0,0,0,0
TX000361,CUST0047,2025-02-06 01:52:00,14.15,Automotive,AU,vehicle wash service for clean car,0,34,14,10,0,0,0,0,0,0,0
TX000362,CUST0199,2025-02-06 02:03:00,68.32,Books,AU,children's storybook for bedtime stories,0,40,15,10,0,0,0,0,0,0,0
TX000363,CUST0144,2025-02-06 03:40:00,54.72,Home Goods,AU,home decor item to refresh living space,0,39,13,10,0,0,0,0,0,0,0
TX000364,CUST0161,2025-02-06 04:01:00,10.99,Restaurants,AU,takeaway food delivery for movie night,0,38,14,10,0,0,0,0,0,0,0
TX000365,CUST0176,2025-02-06 05:18:00,5.48,Entertainment,AU,streaming service subscription for shows,0,40,15,10,0,0,0,1,0,0,1
TX000366,CUST0187,2025-02-06 06:53:00,28.32,Online Retail,AU,general web shopping for household items,0,40,11,10,0,0,0,0,0,0,0
TX000367,CUST0061,2025-02-06 07:16:00,1827.88,Online Retail,PH,anonymous luxury goods order to untraceable address,1,51,16,10,0,0,0,0,0,0,0
TX000368,CUST0107,2025-02-06 08:25:00,22.86,Pharmacy,AU,vitamins and health supplements purchase,0,40,7,10,0,0,0,0,0,0,0
TX000369,CUST0054,2025-02-06 09:07:00,260.03,Online Retail,DE,suspicious foreign online item from new vendor,1,46,17,10,0,0,0,0,0,0,0
TX000370,CUST0120,2025-02-07 10:00:00,139.54,Travel,AU,holiday hotel stay for a weekend getaway,0,40,13,10,0,0,0,0,0,0,0
TX000371,CUST0104,2025-02-07 11:12:00,12.32,Utilities,AU,phone bill auto-pay for mobile plan,0,35,12,10,1,0,0,1,0,0,0
TX000372,CUST0019,2025-02-07 12:46:00,3.99,Restaurants,AU,quick fast food meal for one person,0,35,14,10,0,0,0,0,0,0,0
TX000300,CUST0024,2025-01-31 12:29:00,91.13,Online Retail,CA,daily coffee shop purchase and pastry,0,37,15,2,0,0,0,0,0,0,0
TX000301,CUST0018,2025-01-31 13:00:00,68.33,Home Goods,CA,purchase of groceries and other items,0,37,15,4,0,0,0,0,0,0,0
TX000302,CUST0014,2025-01-31 14:28:00,76.53,Healthcare,CA,weekly grocery shopping at local supermarket,0,44,15,1,0,0,0,0,0,0,0
TX000303,CUST0051,2025-01-31 15:09:00,54.43,Services,CA,monthly streaming service subscription renewal,0,46,12,8,0,0,0,1,0,0,1
TX000304,CUST0130,2025-01-31 16:57:00,1656.74,Software,FR,immediate purchase of expensive electronics online,1,50,11,3,0,0,0,0,0,0,0
TX000305,CUST0043,2025-01-31 17:26:00,109.11,Entertainment,CA,monthly gym membership auto-payment,0,35,16,4,1,0,0,1,0,0,0
TX000306,CUST0013,2025-01-31 18:53:00,562.96,Travel,GB,travel agency booking for exotic destination,0,44,16,10,0,0,0,0,0,0,0
TX000307,CUST0029,2025-01-31 19:27:00,34.69,Healthcare,CA,haircut and styling appointment,0,31,18,2,0,0,0,0,0,0,0
TX000308,CUST0029,2025-01-31 20:00:00,47.78,Services,CA,monthly gym membership auto-payment,0,35,18,9,1,0,0,1,0,0,0
TX000309,CUST0067,2025-01-31 21:26:00,774.28,Electronics,CA,remote IT support service payment from foreign company,0,54,16,3,1,0,0,0,0,0,0
TX000310,CUST0042,2025-02-01 22:43:00,79.17,Dining,CA,dinner at local restaurant with friends,0,39,9,10,0,0,0,0,0,0,0
TX000311,CUST0125,2025-02-01 23:22:00,38.65,Utilities,CA,daily coffee shop purchase and pastry,0,37,17,1,0,0,0,0,0,0,0
TX000312,CUST0176,2025-02-01 00:00:00,2501.95,Financial Services,NG,unauthorized digital asset transfer to foreign account,1,54,15,9,1,0,1,0,0,0,1
TX000313,CUST0025,2025-02-01 01:27:00,11.23,Healthcare,CA,daily coffee shop purchase and pastry,0,37,16,1,0,0,0,0,0,0,0
TX000314,CUST0094,2025-02-01 02:38:00,102.55,Online Retail,CA,monthly streaming service subscription renewal,0,46,8,4,0,0,0,1,0,0,1
TX000315,CUST0132,2025-02-01 03:11:00,117.84,Automotive,CA,car wash and vacuum service,0,27,16,10,0,0,0,0,0,0,0
TX000316,CUST0096,2025-02-01 04:36:00,105.81,Groceries,CA,weekly grocery shopping at local supermarket,0,44,13,10,0,0,0,0,0,0,0
TX000317,CUST0029,2025-02-01 05:27:00,140.24,Home Goods,CA,purchase of groceries and other items,0,37,18,4,0,0,0,0,0,0,0
TX000318,CUST0161,2025-02-01 06:44:00,83.19,Education,CA,online book order for new releases,0,34,14,7,0,0,0,0,0,0,0
TX000319,CUST0142,2025-02-01 07:10:00,15.65,Dining,CA,daily coffee shop purchase and pastry,0,37,15,10,0,0,0,0,0,0,0
TX000320,CUST0146,2025-02-02 08:09:00,76.62,Dining,CA,dinner at local restaurant with friends,0,39,8,10,0,0,0,0,0,0,0
TX000321,CUST0097,2025-02-02 09:19:00,1899.99,Electronics,DE,immediate purchase of expensive electronics online,1,50,8,10,0,0,0,0,0,0,0
TX000322,CUST0036,2025-02-02 10:32:00,213.91,Online Retail,CA,overseas investment fund contribution,0,37,14,2,0,0,0,0,0,0,0
TX000323,CUST0045,2025-02-02 11:38:00,139.75,Groceries,CA,weekly grocery shopping at local supermarket,0,44,18,10,0,0,0,0,0,0,0
TX000324,CUST0139,2025-02-02 12:26:00,42.06,Dining,CA,dinner at local restaurant with friends,0,39,12,10,0,0,0,0,0,0,0
TX000325,CUST0102,2025-02-02 13:58:00,23.36,Home Goods,CA,purchase of groceries and other items,0,37,16,4,0,0,0,0,0,0,0
TX000326,CUST0106,2025-02-02 14:50:00,113.84,Entertainment,CA,monthly gym membership auto-payment,0,35,14,4,1,0,0,1,0,0,0
TX000327,CUST0141,2025-02-02 15:54:00,9.42,Dining,CA,daily coffee shop purchase and pastry,0,37,15,10,0,0,0,0,0,0,0
TX000328,CUST0028,2025-02-02 16:05:00,92.51,Online Retail,CA,monthly magazine subscription payment,1,37,10,5,1,0,0,1,0,0,0
TX000329,CUST0080,2025-02-02 17:16:00,105.51,Fashion,CA,clothing store purchase for new apparel,0,39,13,10,0,0,0,0,0,0,0
TX000330,CUST0121,2025-02-03 18:54:00,12.33,Dining,CA,daily coffee shop purchase and pastry,0,37,17,10,0,0,0,0,0,0,0
TX000331,CUST0071,2025-02-03 19:59:00,93.3,Online Retail,CA,online book order for new releases,0,34,17,10,0,0,0,0,0,0,0
TX000332,CUST0067,2025-02-03 20:24:00,118.06,Utilities,CA,utility bill payment for electricity and gas,0,44,16,10,1,0,0,0,0,0,0
TX000333,CUST0010,2025-02-03 21:30:00,131.6,Groceries,CA,weekly grocery shopping at local supermarket,0,44,9,10,0,0,0,0,0,0,0
TX000334,CUST0191,2025-02-03 22:33:00,100.95,Utilities,CA,utility bill payment for electricity and gas,0,44,19,10,1,0,0,0,0,0,0
TX000335,CUST0033,2025-02-03 23:36:00,69.45,Dining,CA,dinner at local restaurant with friends,0,39,12,10,0,0,0,0,0,0,0
TX000336,CUST0023,2025-02-03 00:34:00,3.76,Healthcare,CA,pharmacy purchase for personal care items,0,41,19,10,0,0,0,0,0,0,0
TX000337,CUST0083,2025-02-03 01:19:00,13.91,Dining,CA,daily coffee shop purchase and pastry,0,37,11,10,0,0,0,0,0,0,0
TX000338,CUST0044,2025-02-03 02:53:00,13.14,Dining,CA,daily coffee shop purchase and pastry,0,37,16,10,0,0,0,0,0,0,0
TX000339,CUST0161,2025-02-03 03:50:00,93.0,Entertainment,CA,monthly streaming service subscription renewal,0,46,14,10,0,0,0,1,0,0,1
TX000340,CUST0017,2025-02-04 04:41:00,134.78,Groceries,CA,weekly grocery shopping at local supermarket,0,44,20,10,0,0,0,0,0,0,0
TX000341,CUST0061,2025-02-04 05:01:00,80.82,Healthcare,CA,pharmacy purchase for personal care items,0,41,16,10,0,0,0,0,0,0,0
TX000342,CUST0074,2025-02-04 06:22:00,111.45,Automotive,CA,car wash and vacuum service,0,27,11,10,0,0,0,0,0,0,0
TX000343,CUST0091,2025-02-04 07:58:00,204.34,Electronics,CA,large international online retail purchase,0,42,14,8,0,0,0,0,0,0,0
TX000344,CUST0037,2025-02-04 08:52:00,7.97,Dining,CA,daily coffee shop purchase and pastry,0,37,16,10,0,0,0,0,0,0,0
TX000345,CUST0046,2025-02-04 09:57:00,10.96,Dining,CA,daily coffee shop purchase and pastry,0,37,18,10,0,0,0,0,0,0,0
TX000346,CUST0169,2025-02-04 10:15:00,134.4,Groceries,CA,weekly grocery shopping at local supermarket,0,44,9,10,0,0,0,0,0,0,0
TX000347,CUST0010,2025-02-04 11:42:00,63.63,Online Retail,CA,online book order for new releases,0,34,9,10,0,0,0,0,0,0,0
TX000348,CUST0082,2025-02-04 12:39:00,10.36,Dining,CA,daily coffee shop purchase and pastry,0,37,13,10,0,0,0,0,0,0,0
TX000349,CUST0074,2025-02-04 13:24:00,105.81,Automotive,CA,gas station fill-up for morning commute,0,39,11,10,0,0,0,0,0,0,0
TX000350,CUST0174,2025-02-05 14:11:00,125.75,Online Retail,CA,small online retail purchase delivery,1,37,11,10,0,0,0,0,0,0,0
TX000351,CUST0045,2025-02-05 15:04:00,250.77,Travel,GB,travel agency booking for exotic destination,0,44,18,10,0,0,0,0,0,0,0
TX000352,CUST0123,2025-02-05 16:21:00,110.15,Utilities,CA,utility bill payment for electricity and gas,0,44,18,10,1,0,0,0,0,0,0
TX000353,CUST0021,2025-02-05 17:56:00,11.02,Dining,CA,daily coffee shop purchase and pastry,0,37,18,10,0,0,0,0,0,0,0
TX000354,CUST0141,2025-02-05 18:57:00,67.43,Dining,CA,dinner at local restaurant with friends,0,39,15,10,0,0,0,0,0,0,0
TX000355,CUST0132,2025-02-05 19:09:00,10.2,Dining,CA,daily coffee shop purchase and pastry,0,37,16,10,0,0,0,0,0,0,0
TX000356,CUST0027,2025-02-05 20:53:00,24.31,Automotive,CA,car wash and vacuum service,0,27,11,10,0,0,0,0,0,0,0
TX000357,CUST0134,2025-02-05 21:39:00,10.34,Dining,CA,daily coffee shop purchase and pastry,0,37,11,10,0,0,0,0,0,0,0
TX000358,CUST0022,2025-02-05 22:04:00,106.63,Utilities,CA,utility bill payment for electricity and gas,0,44,12,10,1,0,0,0,0,0,0
TX000359,CUST0054,2025-02-05 23:32:00,98.74,Automotive,CA,gas station fill-up for morning commute,0,39,17,10,0,0,0,0,0,0,0
TX000360,CUST0172,2025-02-06 00:13:00,105.15,Groceries,CA,weekly grocery shopping at local supermarket,0,44,10,10,0,0,0,0,0,0,0
TX000361,CUST0128,2025-02-06 01:48:00,110.95,Fashion,CA,clothing store purchase for new apparel,0,39,23,10,0,0,0,0,0,0,0
TX000362,CUST0034,2025-02-06 02:06:00,113.68,Healthcare,CA,pharmacy purchase for personal care items,0,41,12,10,0,0,0,0,0,0,0
TX000363,CUST0084,2025-02-06 03:18:00,10.31,Dining,CA,daily coffee shop purchase and pastry,0,37,18,10,0,0,0,0,0,0,0
TX000364,CUST0121,2025-02-06 04:23:00,104.97,Entertainment,CA,monthly streaming service subscription renewal,0,46,17,10,0,0,0,1,0,0,1
TX000365,CUST0117,2025-02-06 05:14:00,128.52,Groceries,CA,weekly grocery shopping at local supermarket,0,44,12,10,0,0,0,0,0,0,0
TX000366,CUST0137,2025-02-06 06:15:00,123.65,Home Goods,CA,purchase of groceries and other items,0,37,20,4,0,0,0,0,0,0,0
TX000367,CUST0077,2025-02-06 07:14:00,25.13,Automotive,CA,car wash and vacuum service,0,27,12,10,0,0,0,0,0,0,0
TX000368,CUST0175,2025-02-06 08:13:00,832.06,Financial Services,CN,anonymous crypto purchase from offshore provider,1,48,16,9,0,0,1,0,0,0,1
TX000369,CUST0015,2025-02-06 09:33:00,87.89,Automotive,CA,gas station fill-up for morning commute,0,39,6,10,0,0,0,0,0,0,0
TX000370,CUST0065,2025-02-07 10:39:00,9.47,Dining,CA,daily coffee shop purchase and pastry,0,37,15,10,0,0,0,0,0,0,0
TX000371,CUST0141,2025-02-07 11:52:00,10.6,Dining,CA,daily coffee shop purchase and pastry,0,37,15,10,0,0,0,0,0,0,0
TX000372,CUST0178,2025-02-07 12:46:00,6.78,Dining,CA,daily coffee shop purchase and pastry,0,37,13,10,0,0,0,0,0,0,0
TX000373,CUST0036,2025-02-07 13:13:00,139.73,Groceries,CA,weekly grocery shopping at local supermarket,0,44,14,10,0,0,0,0,0,0,0
TX000374,CUST0118,2025-02-07 14:50:00,28.52,Healthcare,CA,pharmacy purchase for personal care items,0,41,18,10,0,0,0,0,0,0,0
TX000375,CUST0114,2025-02-07 15:23:00,5.92,Dining,CA,daily coffee shop purchase and pastry,0,37,12,10,0,0,0,0,0,0,0
TX000376,CUST0030,2025-02-07 16:40:00,8.01,Dining,CA,daily coffee shop purchase and pastry,0,37,12,10,0,0,0,0,0,0,0
TX000377,CUST0177,2025-02-07 17:46:00,112.59,Utilities,CA,utility bill payment for electricity and gas,0,44,18,10,1,0,0,0,0,0,0
TX000378,CUST0004,2025-02-07 18:01:00,136.69,Groceries,CA,weekly grocery shopping at local supermarket,0,44,15,10,0,0,0,0,0,0,0
TX000379,CUST0066,2025-02-07 19:21:00,114.28,Education,CA,online book order for new releases,0,34,18,7,0,0,0,0,0,0,0
TX000380,CUST0045,2025-02-08 20:00:00,76.54,Dining,CA,dinner at local restaurant with friends,0,39,18,10,0,0,0,0,0,0,0
TX000381,CUST0124,2025-02-08 21:45:00,112.18,Utilities,CA,utility bill payment for electricity and gas,0,44,13,10,1,0,0,0,0,0,0
TX000382,CUST0040,2025-02-08 22:32:00,96.06,Automotive,CA,gas station fill-up for morning commute,0,39,14,10,0,0,0,0,0,0,0
TX000383,CUST0099,2025-02-08 23:13:00,47.93,Services,CA,monthly gym membership auto-payment,0,35,9,9,1,0,0,1,0,0,0
TX000384,CUST0112,2025-02-08 00:51:00,6.26,Dining,CA,daily coffee shop purchase and pastry,0,37,11,10,0,0,0,0,0,0,0
TX000385,CUST0175,2025-02-08 01:42:00,9.49,Dining,CA,daily coffee shop purchase and pastry,0,37,16,10,0,0,0,0,0,0,0
TX000386,CUST0141,2025-02-08 02:38:00,250.77,Travel,GB,travel agency booking for exotic destination,0,44,15,10,0,0,0,0,0,0,0
TX000387,CUST0060,2025-02-08 03:55:00,13.62,Dining,CA,daily coffee shop purchase and pastry,0,37,9,10,0,0,0,0,0,0,0
TX000388,CUST0006,2025-02-08 04:34:00,122.95,Groceries,CA,weekly grocery shopping at local supermarket,0,44,14,10,0,0,0,0,0,0,0
TX000389,CUST0067,2025-02-08 05:57:00,8.01,Dining,CA,daily coffee shop purchase and pastry,0,37,16,10,0,0,0,0,0,0,0
TX000390,CUST0151,2025-02-09 06:23:00,104.94,Services,CA,monthly streaming service subscription renewal,0,46,8,8,0,0,0,1,0,0,1
TX000391,CUST0027,2025-02-09 07:32:00,1250.29,Fashion,GB,express delivery for designer handbag from abroad,1,49,11,10,0,0,0,0,0,0,0
TX000392,CUST0143,2025-02-09 08:10:00,10.36,Dining,CA,daily coffee shop purchase and pastry,0,37,15,10,0,0,0,0,0,0,0
TX000393,CUST0006,2025-02-09 09:48:00,133.58,Groceries,CA,weekly grocery shopping at local supermarket,0,44,14,10,0,0,0,0,0,0,0
TX000394,CUST0095,2025-02-09 10:52:00,90.54,Entertainment,CA,monthly streaming service subscription renewal,0,46,14,10,0,0,0,1,0,0,1
TX000395,CUST0177,2025-02-09 11:01:00,5476.92,Services,BR,unverified financial consulting service fee,1,43,18,10,1,0,0,0,0,0,0
TX000396,CUST0039,2025-02-09 12:33:00,123.0,Home Goods,CA,purchase of groceries and other items,0,37,13,4,0,0,0,0,0,0,0
TX000397,CUST0034,2025-02-09 13:07:00,11.23,Dining,CA,daily coffee shop purchase and pastry,0,37,12,10,0,0,0,0,0,0,0
TX000398,CUST0178,2025-02-09 14:45:00,10.2,Dining,CA,daily coffee shop purchase and pastry,0,37,13,10,0,0,0,0,0,0,0
TX000399,CUST0089,2025-02-09 15:53:00,1500.22,Software,US,suspicious software license payment overseas,1,44,18,10,1,0,0,0,0,0,1
TX000400,CUST0138,2025-02-10 16:30:00,123.95,Home Goods,CA,purchase of groceries and other items,0,37,7,4,0,0,0,0,0,0,0
TX000401,CUST0097,2025-02-10 17:49:00,10.96,Dining,CA,daily coffee shop purchase and pastry,0,37,8,10,0,0,0,0,0,0,0
TX000402,CUST0059,2025-02-10 18:13:00,9.49,Dining,CA,daily coffee shop purchase and pastry,0,37,9,10,0,0,0,0,0,0,0
TX000403,CUST0019,2025-02-10 19:47:00,6.26,Dining,CA,daily coffee shop purchase and pastry,0,37,14,10,0,0,0,0,0,0,0
TX000404,CUST0078,2025-02-10 20:52:00,22.84,Healthcare,CA,pharmacy purchase for personal care items,0,41,17,10,0,0,0,0,0,0,0
TX000405,CUST0191,2025-02-10 21:29:00,120.35,Automotive,CA,gas station fill-up for morning commute,0,39,19,10,0,0,0,0,0,0,0
TX000406,CUST0179,2025-02-10 22:00:00,113.79,Services,CA,car wash and vacuum service,0,27,20,9,0,0,0,0,0,0,0
TX000407,CUST0085,2025-02-10 23:23:00,1600.0,Fashion,CH,high-value luxury watch order with express shipping,1,51,8,10,0,0,0,0,0,0,0
TX000408,CUST0023,2025-02-10 00:43:00,119.5,Automotive,CA,gas station fill-up for morning commute,0,39,19,10,0,0,0,0,0,0,0
TX000409,CUST0073,2025-02-10 01:25:00,105.15,Fashion,CA,clothing store purchase for new apparel,0,39,15,10,0,0,0,0,0,0,0
TX000410,CUST0169,2025-02-11 02:53:00,47.93,Services,CA,monthly gym membership auto-payment,0,35,9,9,1,0,0,1,0,0,0
TX000411,CUST0036,2025-02-11 03:19:00,11.23,Dining,CA,daily coffee shop purchase and pastry,0,37,14,10,0,0,0,0,0,0,0
TX000412,CUST0049,2025-02-11 04:05:00,107.01,Healthcare,CA,pharmacy purchase for personal care items,0,41,17,10,0,0,0,0,0,0,0
TX000413,CUST0014,2025-02-11 05:15:00,1100.45,Financial Services,MX,urgent international wire transfer for unknown services,1,55,15,10,1,0,0,0,0,0,0
TX000414,CUST0132,2025-02-11 06:30:00,2500.0,Automotive,CA,large groceries expense abroad,0,30,16,1,0,0,0,0,0,0,0
TX000415,CUST0069,2025-02-11 07:43:00,10.36,Dining,CA,daily coffee shop purchase and pastry,0,37,9,10,0,0,0,0,0,0,0
TX000416,CUST0186,2025-02-11 08:48:00,106.63,Education,CA,online book order for new releases,0,34,11,7,0,0,0,0,0,0,0
TX000417,CUST0132,2025-02-11 09:00:00,10.31,Dining,CA,daily coffee shop purchase and pastry,0,37,16,10,0,0,0,0,0,0,0
TX000418,CUST0119,2025-02-11 10:04:00,110.13,Online Retail,CA,coffee and snack from cafe,1,26,14,2,0,0,0,0,0,0,0
TX000419,CUST0158,2025-02-11 11:41:00,10.96,Dining,CA,daily coffee shop purchase and pastry,0,37,19,10,0,0,0,0,0,0,0
TX000420,CUST0114,2025-02-12 12:24:00,10.96,Dining,CA,daily coffee shop purchase and pastry,0,37,12,10,0,0,0,0,0,0,0
TX000421,CUST0126,2025-02-12 13:53:00,10.36,Dining,CA,daily coffee shop purchase and pastry,0,37,18,10,0,0,0,0,0,0,0
TX000422,CUST0013,2025-02-12 14:35:00,9.49,Dining,CA,daily coffee shop purchase and pastry,0,37,16,10,0,0,0,0,0,0,0
TX000423,CUST0169,2025-02-12 15:26:00,11.23,Dining,CA,daily coffee shop purchase and pastry,0,37,9,10,0,0,0,0,0,0,0
TX000424,CUST0024,2025-02-12 16:33:00,12.33,Dining,CA,daily coffee shop purchase and pastry,0,37,15,10,0,0,0,0,0,0,0
TX000425,CUST0192,2025-02-12 17:48:00,114.28,Education,CA,online book order for new releases,0,34,16,7,0,0,0,0,0,0,0
TX000426,CUST0035,2025-02-12 18:35:00,11.23,Dining,CA,daily coffee shop purchase and pastry,0,37,11,10,0,0,0,0,0,0,0
TX000427,CUST0118,2025-02-12 19:09:00,104.97,Entertainment,CA,monthly streaming service subscription renewal,0,46,18,10,0,0,0,1,0,0,1
TX000428,CUST0068,2025-02-12 20:11:00,139.75,Groceries,CA,weekly grocery shopping at local supermarket,0,44,17,10,0,0,0,0,0,0,0
TX000429,CUST0059,2025-02-12 21:17:00,6.78,Dining,CA,daily coffee shop purchase and pastry,0,37,9,10,0,0,0,0,0,0,0
TX000430,CUST0089,2025-02-13 22:41:00,10.2,Dining,CA,daily coffee shop purchase and pastry,0,37,18,10,0,0,0,0,0,0,0
TX000431,CUST0170,2025-02-13 23:26:00,11.02,Dining,CA,daily coffee shop purchase and pastry,0,37,16,10,0,0,0,0,0,0,0
TX000400,CUST0121,2025-02-10 16:31:00,26.69,Subscription,AU,App store purchase,0,18,17,10,0,0,0,1,0,0,1
TX000401,CUST0053,2025-02-10 17:04:00,10.98,Entertainment,AU,Fast food lunch,0,15,22,2,0,0,0,0,0,0,0
TX000402,CUST0049,2025-02-10 18:25:00,35.53,Groceries,AU,Pet food supply,0,15,17,9,0,0,0,0,0,0,0
TX000403,CUST0103,2025-02-10 19:54:00,83.33,Dining,AU,Car wash service,0,16,14,1,0,0,0,0,0,0,0
TX000404,CUST0151,2025-02-10 20:46:00,6.88,Healthcare,AU,Music album download,0,20,8,1,0,0,0,0,0,0,1
TX000405,CUST0063,2025-02-10 21:22:00,34.19,Automotive,AU,Public transport fare,0,21,9,6,0,0,0,0,0,0,0
TX000406,CUST0112,2025-02-10 22:19:00,12.01,Online Retail,AU,Public transport fare,0,21,11,1,0,0,0,0,0,0,0
TX000407,CUST0028,2025-02-10 23:58:00,149.33,Hardware Store,AU,Pet food supply,0,15,10,1,0,0,0,0,0,0,0
TX000408,CUST0007,2025-02-10 00:55:00,34.34,Dining,AU,Mobile phone bill,0,17,11,1,0,0,0,0,0,0,0
TX000409,CUST0155,2025-02-10 01:25:00,23.95,Fashion,AU,Mobile phone bill,0,17,15,1,0,0,0,0,0,0,0
TX000410,CUST0168,2025-02-11 02:25:00,79.79,Services,AU,Parking fee payment,0,19,17,8,1,0,0,0,0,0,0
TX000411,CUST0084,2025-02-11 03:08:00,31.95,Subscription,AU,Coffee shop purchase,0,20,18,3,0,0,0,0,0,0,0
TX000412,CUST0036,2025-02-11 04:11:00,56.4,Books,AU,App store purchase,0,18,14,4,0,0,0,0,0,0,1
TX000413,CUST0031,2025-02-11 05:26:00,31.97,Online Retail,AU,Car wash service,0,16,12,1,0,0,0,0,0,0,0
TX000414,CUST0080,2025-02-11 06:00:00,65.41,Beauty,AU,Gym membership renewal,0,22,13,1,0,0,0,1,0,0,0
TX000415,CUST0109,2025-02-11 07:28:00,54.91,Groceries,AU,Gardening supplies,0,18,11,2,0,0,0,0,0,0,0
TX000416,CUST0116,2025-02-11 08:41:00,47.78,Automotive,AU,Gardening supplies,0,18,16,1,0,0,0,0,0,0,0
TX000417,CUST0168,2025-02-11 09:14:00,12.87,Online Retail,AU,Mobile phone bill,0,17,17,1,0,0,0,0,0,0,0
TX000418,CUST0056,2025-02-11 10:08:00,142.12,Pet Supplies,AU,Online course enrollment,0,24,10,1,0,0,0,0,0,0,1
TX000419,CUST0173,2025-02-11 11:32:00,69.8,Sporting Goods,AU,Car wash service,0,16,9,1,0,0,0,0,0,0,0
TX000420,CUST0152,2025-02-12 12:40:00,91.13,Automotive,AU,E-book purchase,0,15,15,1,0,0,0,0,0,0,1
TX000421,CUST0044,2025-02-12 13:07:00,105.15,Subscription,AU,New shoes purchase,0,18,16,1,0,0,0,0,0,0,0
TX000422,CUST0151,2025-02-12 14:24:00,53.07,Fashion,AU,Dry cleaning service,0,20,8,5,0,0,0,0,0,0,0
TX000423,CUST0013,2025-02-12 15:37:00,129.8,Online Retail,AU,Home repair supplies,0,20,16,6,0,0,0,0,0,0,0
TX000424,CUST0134,2025-02-12 16:37:00,74.07,Pharmacy,AU,Gardening supplies,0,18,11,1,0,0,0,0,0,0,0
TX000425,CUST0020,2025-02-12 17:03:00,76.22,Entertainment,AU,Supermarket groceries order,0,27,18,1,0,0,0,0,0,0,0
TX000426,CUST0166,2025-02-12 18:54:00,73.19,Subscription,AU,Dry cleaning service,0,20,22,3,0,0,0,1,0,0,0
TX000427,CUST0091,2025-02-12 19:47:00,57.17,Dining,AU,Public transport fare,0,21,14,1,0,0,0,0,0,0,0
TX000428,CUST0188,2025-02-12 20:33:00,94.75,Automotive,AU,Mobile phone bill,0,17,6,1,0,0,0,0,0,0,0
TX000429,CUST0172,2025-02-12 21:38:00,59.95,Hardware Store,AU,Public transport fare,0,21,10,1,0,0,0,0,0,0,0
TX000430,CUST0199,2025-02-13 22:39:00,104.09,Beauty,AU,Car wash service,0,16,15,1,0,0,0,0,0,0,0
TX000431,CUST0071,2025-02-13 23:58:00,128.43,Automotive,AU,Vehicle maintenance service,0,27,17,10,0,0,0,0,0,0,0
TX000432,CUST0128,2025-02-13 00:24:00,16.3,Pet Supplies,AU,Coffee shop purchase,0,20,23,1,0,0,0,0,0,0,0
TX000433,CUST0091,2025-02-13 01:29:00,83.16,Online Retail,AU,Online book purchase,0,20,14,10,0,0,0,0,0,0,0
TX000434,CUST0029,2025-02-13 02:06:00,17.58,Subscription,AU,Mobile phone bill,0,17,18,9,0,0,0,1,0,0,0
TX000435,CUST0140,2025-02-13 03:39:00,47.97,Groceries,AU,Supermarket groceries order,0,27,7,10,0,0,0,0,0,0,0
TX000436,CUST0120,2025-02-13 04:10:00,7.64,Entertainment,AU,Monthly streaming subscription,0,30,13,10,0,0,0,1,0,0,0
TX000437,CUST0155,2025-02-13 05:43:00,78.71,Healthcare,AU,Supermarket groceries order,0,27,15,1,0,0,0,0,0,0,0
TX000438,CUST0123,2025-02-13 06:12:00,71.9,Books,AU,Gym membership renewal,0,22,18,1,0,0,0,1,0,0,0
TX000439,CUST0198,2025-02-13 07:14:00,57.07,Healthcare,AU,Local bakery treats,0,19,10,1,0,0,0,0,0,0,0
TX000440,CUST0025,2025-02-14 08:55:00,46.16,Electronics,AU,Gas station fill-up,0,19,16,1,0,0,0,0,0,0,0
TX000441,CUST0177,2025-02-14 09:32:00,37.93,Online Retail,AU,Coffee shop purchase,0,20,18,2,0,0,0,0,0,0,0
TX000442,CUST0083,2025-02-14 10:00:00,93.99,Groceries,AU,Local craft market buy,0,22,11,5,0,0,0,0,0,0,0
TX000443,CUST0062,2025-02-14 11:11:00,109.91,Hardware Store,AU,Hardware store items,0,20,16,10,0,0,0,0,0,0,0
TX000444,CUST0009,2025-02-14 12:18:00,26.65,Electronics,AU,Restaurant dinner bill,0,22,17,1,0,0,0,0,0,0,0
TX000445,CUST0092,2025-02-14 13:21:00,583.9,Electronics,DE,Luxury watch order,1,18,11,3,0,0,0,0,0,0,0
TX000446,CUST0160,2025-02-14 14:17:00,93.38,Education,AU,Newspaper subscription,0,22,12,4,0,0,0,1,0,0,0
TX000447,CUST0143,2025-02-14 15:16:00,107.03,Fashion,AU,Monthly streaming subscription,0,30,15,1,0,0,0,1,0,0,0
TX000448,CUST0080,2025-02-14 16:00:00,45.3,Dining,AU,Haircut appointment,0,19,13,1,0,0,0,0,0,0,0
TX000449,CUST0033,2025-02-14 17:27:00,23.47,Pet Supplies,AU,Movie ticket booking,0,20,12,1,0,0,0,0,0,0,0
TX000450,CUST0025,2025-02-15 18:19:00,128.87,Hardware Store,AU,Hardware store items,0,20,16,10,0,0,0,0,0,0,0
TX000451,CUST0159,2025-02-15 19:45:00,6.89,Education,AU,Gas station fill-up,0,19,24,1,0,0,0,0,0,0,0
TX000452,CUST0127,2025-02-15 20:43:00,139.11,Online Retail,AU,Public transport fare,0,21,14,1,0,0,0,0,0,0,0
TX000453,CUST0068,2025-02-15 21:24:00,127.35,Automotive,AU,Car wash service,0,16,17,10,0,0,0,0,0,0,0
TX000454,CUST0075,2025-02-15 22:28:00,34.6,Entertainment,AU,Fast food lunch,0,15,15,4,0,0,0,0,0,0,0
TX000455,CUST0026,2025-02-15 23:45:00,40.7,Books,AU,Pet food supply,0,15,13,1,0,0,0,0,0,0,0
TX000456,CUST0132,2025-02-15 00:41:00,20.33,Services,AU,E-book purchase,0,15,16,6,0,0,0,0,0,0,1
TX000457,CUST0073,2025-02-15 01:12:00,45.69,Subscription,AU,Software license renewal,0,24,15,10,0,0,0,1,0,0,1
TX000458,CUST0168,2025-02-15 02:58:00,50.04,Online Retail,AU,Concert tickets purchase,0,24,17,7,0,0,0,0,0,0,0
TX000459,CUST0149,2025-02-15 03:59:00,1137.95,Electronics,US,High-end computer parts,1,23,17,10,0,0,0,0,0,0,0
TX000460,CUST0190,2025-02-16 04:18:00,109.1,Services,AU,Gym membership renewal,0,22,12,8,0,0,0,1,0,0,0
TX000461,CUST0080,2025-02-16 05:51:00,33.19,Online Retail,AU,Public transport fare,0,21,13,1,0,0,0,0,0,0,0
TX000462,CUST0071,2025-02-16 06:20:00,76.22,Home Goods,AU,Hardware store items,0,20,17,9,0,0,0,0,0,0,0
TX000463,CUST0179,2025-02-16 07:28:00,21.36,Fashion,AU,Supermarket groceries order,0,27,20,1,0,0,0,0,0,0,0
TX000464,CUST0007,2025-02-16 08:25:00,7.97,Sporting Goods,AU,Online book purchase,0,20,11,1,0,0,0,0,0,0,0
TX000465,CUST0121,2025-02-16 09:33:00,30.2,Electronics,AU,Coffee shop purchase,0,20,17,1,0,0,0,0,0,0,0
TX000466,CUST0112,2025-02-16 10:40:00,17.58,Entertainment,AU,Monthly streaming subscription,0,30,11,10,0,0,0,1,0,0,0
TX000467,CUST0069,2025-02-16 11:50:00,21.41,Beauty,AU,Haircut appointment,0,19,9,10,0,0,0,0,0,0,0
TX000468,CUST0128,2025-02-16 12:01:00,17.38,Online Retail,AU,Parking fee payment,0,19,23,1,0,0,0,0,0,0,0
TX000469,CUST0033,2025-02-16 13:48:00,19.82,Automotive,AU,E-book purchase,0,15,12,1,0,0,0,0,0,0,1
TX000470,CUST0122,2025-02-17 14:09:00,45.41,Healthcare,AU,Restaurant dinner bill,0,22,17,1,0,0,0,0,0,0,0
TX000471,CUST0194,2025-02-17 15:22:00,6.88,Electronics,AU,E-book purchase,0,15,14,5,0,0,0,0,0,0,1
TX000472,CUST0182,2025-02-17 16:46:00,29.53,Books,AU,Newspaper subscription,0,22,11,8,0,0,0,1,0,0,0
TX000473,CUST0021,2025-02-17 17:08:00,12.08,Dining,AU,Fast food lunch,0,15,18,10,0,0,0,0,0,0,0
TX000474,CUST0190,2025-02-17 18:27:00,1228.02,Online Retail,GB,Anonymous VPN subscription,1,26,12,4,0,0,0,1,0,0,1
TX000475,CUST0122,2025-02-17 19:11:00,21.73,Healthcare,AU,Monthly streaming subscription,0,30,17,1,0,0,0,1,0,0,0
TX000476,CUST0159,2025-02-17 20:20:00,172.06,Fashion,AU,Clothing store item,1,19,24,10,0,0,0,0,0,0,0
TX000477,CUST0141,2025-02-17 21:14:00,43.14,Pharmacy,AU,Pharmacy medicine pickup,0,24,15,10,0,0,0,0,0,0,0
TX000478,CUST0036,2025-02-17 22:29:00,122.95,Education,AU,School fees payment,0,19,14,10,0,0,0,0,0,0,0
TX000479,CUST0114,2025-02-17 23:49:00,54.04,Beauty,AU,Local bakery treats,0,19,12,1,0,0,0,0,0,0,0
TX000480,CUST0088,2025-02-18 00:20:00,17.15,Subscription,AU,Coffee shop purchase,0,20,11,1,0,0,0,0,0,0,0
TX000481,CUST0038,2025-02-18 01:38:00,5.48,Groceries,AU,Fast food lunch,0,15,10,4,0,0,0,0,0,0,0
TX000482,CUST0165,2025-02-18 02:43:00,655.08,Online Retail,MX,High-value crypto purchase,1,26,9,2,0,0,1,0,0,0,0
TX000483,CUST0002,2025-02-18 03:50:00,105.79,Pet Supplies,AU,Pet food supply,0,15,9,10,0,0,0,0,0,0,0
TX000484,CUST0150,2025-02-18 04:34:00,76.54,Home Goods,AU,Home repair supplies,0,20,16,9,0,0,0,0,0,0,0
TX000485,CUST0026,2025-02-18 05:40:00,113.88,Travel,AU,Car wash service,0,16,13,2,0,0,0,0,0,0,0
TX000486,CUST0169,2025-02-18 06:43:00,9.47,Entertainment,AU,Travel card top-up,0,18,9,2,1,0,0,0,0,0,0
TX000487,CUST0108,2025-02-18 07:15:00,1823.11,Services,NG,Urgent international wire transfer,1,34,16,6,0,0,0,0,0,1,0
TX000488,CUST0037,2025-02-18 08:36:00,23.78,Online Retail,AU,Hardware store items,0,20,16,6,0,0,0,0,0,0,0
TX000489,CUST0181,2025-02-18 09:44:00,59.5,Home Goods,AU,Online course enrollment,0,24,10,1,0,0,0,0,0,0,1
TX000490,CUST0144,2025-02-19 10:20:00,34.09,Fashion,AU,Clothing store item,0,19,13,10,0,0,0,0,0,0,0
TX000491,CUST0016,2025-02-19 11:03:00,139.81,Home Goods,AU,Home repair supplies,0,20,7,9,0,0,0,0,0,0,0
TX000492,CUST0137,2025-02-19 12:48:00,26.54,Sporting Goods,AU,Gas station fill-up,0,19,20,1,0,0,0,0,0,0,0
TX000493,CUST0158,2025-02-19 13:36:00,47.74,Services,AU,Utility bill payment,0,20,19,7,0,0,0,0,0,0,0
TX000494,CUST0052,2025-02-19 14:10:00,58.73,Pet Supplies,AU,Pet food supply,0,15,11,10,0,0,0,0,0,0,0
TX000495,CUST0064,2025-02-19 15:51:00,37.77,Dining,AU,Fast food lunch,0,15,18,10,0,0,0,0,0,0,0
TX000496,CUST0179,2025-02-19 16:33:00,37.07,Subscription,AU,Online book purchase,0,20,20,1,0,0,0,0,0,0,0
TX000497,CUST0181,2025-02-19 17:41:00,27.24,Electronics,AU,Movie ticket booking,0,20,10,1,0,0,0,0,0,0,0
TX000498,CUST0070,2025-02-19 18:01:00,134.82,Travel,AU,Online book purchase,0,20,9,1,0,0,0,0,0,0,0
TX000499,CUST0127,2025-02-19 19:55:00,10.63,Pharmacy,AU,Movie ticket booking,0,20,14,1,0,0,0,0,0,0,0
TX000500,CUST0185,2025-02-20 20:06:00,154.51,Electronics,AU,Prepaid card top-up offshore,1,28,13,1,1,0,0,0,0,0,0
TX000501,CUST0071,2025-02-20 21:12:00,6.78,Dining,AU,Coffee shop purchase,0,20,17,10,0,0,0,0,0,0,0
TX000502,CUST0140,2025-02-20 22:51:00,24.08,Fashion,AU,Clothing store item,0,19,7,10,0,0,0,0,0,0,0
TX000503,CUST0186,2025-02-20 23:24:00,23.35,Healthcare,AU,Pharmacy medicine pickup,0,24,11,9,0,0,0,0,0,0,0
TX000504,CUST0150,2025-02-20 00:31:00,10.15,Services,AU,E-book purchase,0,15,16,6,0,0,0,0,0,0,1
TX000505,CUST0005,2025-02-20 01:48:00,27.57,Online Retail,AU,Online book purchase,0,20,13,10,0,0,0,0,0,0,0
TX000506,CUST0199,2025-02-20 02:23:00,47.45,Automotive,AU,Gas station fill-up,0,19,15,9,0,0,0,0,0,0,0
TX000507,CUST0141,2025-02-20 03:54:00,79.54,Fashion,AU,New shoes purchase,0,18,15,10,0,0,0,0,0,0,0
TX000508,CUST0124,2025-02-20 04:53:00,482.72,Online Retail,CN,Gift card bulk purchase,1,23,13,8,0,1,0,0,0,0,0
TX000509,CUST0143,2025-02-20 05:35:00,8.01,Groceries,AU,Gas station fill-up,0,19,15,3,0,0,0,0,0,0,0
TX000510,CUST0141,2025-02-21 06:53:00,7.42,Beauty,AU,Haircut appointment,0,19,15,10,0,0,0,0,0,0,0
TX000511,CUST0093,2025-02-21 07:11:00,37.89,Entertainment,AU,Coffee shop purchase,0,20,9,3,0,0,0,0,0,0,0
TX000512,CUST0049,2025-02-21 08:35:00,123.63,Services,AU,Online book purchase,1,20,17,5,0,0,0,0,0,0,0
TX000513,CUST0158,2025-02-21 09:01:00,10.97,Utilities,AU,Utility bill payment,0,20,19,10,0,0,0,0,0,0,0
TX000514,CUST0032,2025-02-21 10:02:00,43.19,Dining,AU,Takeaway food order,0,19,20,10,0,0,0,0,0,0,0
TX000515,CUST0174,2025-02-21 11:43:00,10.15,Books,AU,E-book purchase,0,15,11,10,0,0,0,0,0,0,1
TX000516,CUST0188,2025-02-21 12:19:00,105.77,Automotive,AU,Automotive Vehicle maintenance service,0,38,6,10,0,0,0,0,0,0,0
TX000517,CUST0105,2025-02-21 13:55:00,789.26,Services,US,Foreign currency exchange large sum,1,35,11,8,0,0,0,0,0,0,0
TX000518,CUST0098,2025-02-21 14:00:00,2891.13,Travel,FR,Family holiday booking France,0,29,15,10,0,0,0,0,0,0,0
TX000500,CUST0023,2025-02-20 20:00:00,140.73,Clothing,AU,online clothing order delivery for new season,0,45,19,10,0,0,0,0,0,0,0
TX000501,CUST0179,2025-02-20 21:07:00,35.8,Restaurants,AU,dinner with family at local restaurant,0,38,20,10,0,0,0,0,0,0,0
TX000502,CUST0132,2025-02-20 22:58:00,8.52,Groceries,AU,bakery morning pastry and coffee purchase,0,41,16,8,0,0,0,0,0,0,0
TX000503,CUST0090,2025-02-20 23:32:00,1587.35,Luxury Goods,DE,luxury watch online order from unknown seller,1,45,8,10,0,0,0,0,0,0,0
TX000504,CUST0090,2025-02-20 00:29:00,75.1,Online Retail,AU,new book for leisure reading purchase,0,37,8,9,0,0,0,0,0,0,0
TX000505,CUST0084,2025-02-20 01:56:00,12.99,Subscription Services,AU,monthly streaming service subscription renewal payment,0,54,18,10,0,0,0,1,0,0,0
TX000506,CUST0029,2025-02-20 02:05:00,55.45,Restaurants,AU,dinner with family at local restaurant,0,38,18,10,0,0,0,0,0,0,0
TX000507,CUST0101,2025-02-20 03:13:00,89.2,Health & Wellness,AU,dentist check-up fee annual dental appointment,0,46,13,10,0,0,0,0,0,0,0
TX000508,CUST0025,2025-02-20 04:59:00,22.5,Pharmacy,AU,pharmacy prescription pickup for family member,0,46,16,10,0,0,0,0,0,0,0
TX000509,CUST0009,2025-02-20 05:03:00,105.18,Groceries,AU,weekly grocery shopping trip for household,0,42,17,10,0,0,0,0,0,0,0
TX000510,CUST0179,2025-02-21 06:43:00,9.99,Subscription Services,AU,monthly streaming service subscription renewal payment,0,54,20,10,0,0,0,1,0,0,0
TX000511,CUST0103,2025-02-21 07:41:00,45.6,Restaurants,AU,takeaway lunch order from local cafe,0,36,14,10,0,0,0,0,0,0,0
TX000512,CUST0115,2025-02-21 08:34:00,6.8,Restaurants,AU,morning coffee shop purchase for quick start,0,44,15,10,0,0,0,0,0,0,0
TX000513,CUST0130,2025-02-21 09:11:00,65.3,Online Retail,AU,online clothing order delivery for new season,0,45,11,9,0,0,0,0,0,0,0
TX000514,CUST0094,2025-02-21 10:21:00,31.25,Restaurants,AU,cafe snack break with friends,0,29,8,10,0,0,0,0,0,0,0
TX000515,CUST0026,2025-02-21 11:06:00,133.5,Health & Wellness,AU,gym membership recurring fee monthly payment,0,44,13,10,0,0,0,1,0,0,0
TX000516,CUST0001,2025-02-21 12:32:00,185.0,Online Retail,AU,online clothing order delivery,1,30,14,9,0,0,0,0,0,0,0
TX000517,CUST0179,2025-02-21 13:51:00,8.75,Restaurants,AU,morning coffee shop purchase for quick start,0,44,20,10,0,0,0,0,0,0,0
TX000518,CUST0018,2025-02-21 14:15:00,12.5,Transportation,AU,public transport daily fare to work,0,35,15,10,0,0,0,0,0,0,0
TX000519,CUST0164,2025-02-21 15:21:00,67.9,Restaurants,AU,dinner with family at restaurant,0,32,17,10,0,0,0,0,0,0,0
TX000520,CUST0188,2025-02-22 16:57:00,42.1,Restaurants,AU,takeaway lunch order from local cafe,0,36,6,10,0,0,0,0,0,0,0
TX000521,CUST0111,2025-02-22 17:13:00,11.5,Restaurants,AU,morning coffee shop purchase for quick start,0,44,10,10,0,0,0,0,0,0,0
TX000522,CUST0149,2025-02-22 18:28:00,85.0,Services,AU,haircut and styling appointment,0,31,17,9,0,0,0,0,0,0,0
TX000523,CUST0191,2025-02-22 19:11:00,125.75,Online Retail,AU,new book for leisure reading purchase,0,37,19,9,0,0,0,0,0,0,0
TX000524,CUST0053,2025-02-22 20:43:00,95.0,Services,AU,car wash service payment for clean vehicle,0,42,22,9,0,0,0,0,0,0,0
TX000525,CUST0038,2025-02-22 21:26:00,34.0,Restaurants,AU,cafe snack break with friends,0,29,10,10,0,0,0,0,0,0,0
TX000526,CUST0196,2025-02-22 22:56:00,115.0,Services,AU,haircut and styling appointment,0,31,15,9,0,0,0,0,0,0,0
TX000527,CUST0021,2025-02-22 23:43:00,15.0,Transportation,AU,parking fee for city visit,0,26,18,10,0,0,0,0,0,0,0
TX000528,CUST0077,2025-02-22 00:18:00,10.5,Restaurants,AU,bakery morning pastry and coffee purchase,0,41,12,9,0,0,0,0,0,0,0
TX000529,CUST0053,2025-02-22 01:49:00,5.99,Subscription Services,AU,monthly streaming service subscription renewal payment,0,54,22,10,0,0,0,1,0,0,0
TX000530,CUST0178,2025-02-23 02:04:00,48.2,Restaurants,AU,takeaway lunch order from local cafe,0,36,13,10,0,0,0,0,0,0,0
TX000531,CUST0095,2025-02-23 03:29:00,25.0,Pharmacy,AU,pharmacy prescription pickup for family member,0,46,14,10,0,0,0,0,0,0,0
TX000532,CUST0129,2025-02-23 04:38:00,99.95,Online Retail,AU,new book for leisure reading purchase,0,37,19,9,0,0,0,0,0,0,0
TX000533,CUST0092,2025-02-23 05:47:00,18.0,Transportation,AU,public transport daily fare to work,0,35,11,10,0,0,0,0,0,0,0
TX000534,CUST0118,2025-02-23 06:04:00,120.4,Groceries,AU,weekly grocery shopping trip for household,0,42,18,10,0,0,0,0,0,0,0
TX000535,CUST0170,2025-02-23 07:01:00,38.5,Restaurants,AU,dinner with family at local restaurant,0,38,16,10,0,0,0,0,0,0,0
TX000536,CUST0051,2025-02-23 08:29:00,5.0,Transportation,AU,parking fee for city visit,0,26,12,10,0,0,0,0,0,0,0
TX000537,CUST0122,2025-02-23 09:50:00,11.2,Restaurants,AU,morning coffee shop purchase for quick start,0,44,17,10,0,0,0,0,0,0,0
TX000538,CUST0031,2025-02-23 10:15:00,6.5,Restaurants,AU,morning coffee shop purchase for quick start,0,44,12,10,0,0,0,0,0,0,0
TX000539,CUST0017,2025-02-23 11:22:00,25.5,Home Goods,AU,small hardware store items for home project,0,43,20,9,0,0,0,0,0,0,0
TX000540,CUST0045,2025-02-24 12:30:00,55.0,Utilities,AU,monthly electricity bill payment,0,32,18,10,0,0,0,0,0,0,0
TX000541,CUST0093,2025-02-24 13:32:00,14.5,Restaurants,AU,bakery morning pastry and coffee purchase,0,41,9,9,0,0,0,0,0,0,0
TX000542,CUST0062,2025-02-24 14:54:00,12.0,Transportation,AU,public transport daily fare to work,0,35,16,10,0,0,0,0,0,0,0
TX000543,CUST0099,2025-02-24 15:13:00,13.99,Subscription Services,AU,monthly streaming service subscription renewal payment,0,54,9,10,0,0,0,1,0,0,0
TX000544,CUST0035,2025-02-24 16:52:00,68.4,Groceries,AU,local farmers market produce fresh vegetables,0,45,11,10,0,0,0,0,0,0,0
TX000545,CUST0067,2025-02-24 17:51:00,750.8,Travel,US,international flight tickets to visit family,0,44,16,10,0,0,0,0,0,0,0
TX000546,CUST0164,2025-02-24 18:23:00,105.0,Services,AU,haircut and styling appointment,0,31,17,9,0,0,0,0,0,0,0
TX000547,CUST0068,2025-02-24 19:51:00,98.7,Groceries,AU,weekly grocery shopping trip for household,0,42,17,10,0,0,0,0,0,0,0
TX000548,CUST0051,2025-02-24 20:05:00,7.2,Restaurants,AU,morning coffee shop purchase for quick start,0,44,12,10,0,0,0,0,0,0,0
TX000549,CUST0183,2025-02-24 21:15:00,120.0,Utilities,AU,monthly electricity bill payment,0,32,15,10,0,0,0,0,0,0,0
TX000550,CUST0130,2025-02-25 22:01:00,8.0,Restaurants,AU,bakery morning pastry and coffee purchase,0,41,11,9,0,0,0,0,0,0,0
TX000551,CUST0015,2025-02-25 23:33:00,15.0,Transportation,AU,parking fee for city visit,0,26,6,10,0,0,0,0,0,0,0
TX000552,CUST0177,2025-02-25 00:29:00,1899.99,Electronics,GB,high-value electronics purchase suspicious vendor,1,49,18,10,0,0,0,0,0,0,0
TX000553,CUST0141,2025-02-25 01:37:00,12.0,Transportation,AU,public transport daily fare to work,0,35,15,10,0,0,0,0,0,0,0
TX000554,CUST0079,2025-02-25 02:17:00,7.5,Restaurants,AU,morning coffee shop purchase for quick start,0,44,12,10,0,0,0,0,0,0,0
TX000555,CUST0071,2025-02-25 03:45:00,13.0,Transportation,AU,public transport daily fare to work,0,35,17,10,0,0,0,0,0,0,0
TX000556,CUST0071,2025-02-25 04:35:00,60.5,Groceries,AU,local farmers market produce fresh vegetables,0,45,17,10,0,0,0,0,0,0,0
TX000557,CUST0135,2025-02-25 05:30:00,34.5,Restaurants,AU,cafe snack break with friends,0,29,12,10,0,0,0,0,0,0,0
TX000558,CUST0046,2025-02-25 06:38:00,12.99,Subscription Services,AU,monthly streaming service subscription renewal payment,0,54,18,10,0,0,0,1,0,0,0
TX000559,CUST0025,2025-02-25 07:55:00,28.5,Pet Store,AU,pet store food and supplies purchase,0,36,16,10,0,0,0,0,0,0,0
TX000560,CUST0099,2025-02-26 08:15:00,5.5,Restaurants,AU,morning coffee shop purchase for quick start,0,44,9,10,0,0,0,0,0,0,0
TX000561,CUST0023,2025-02-26 09:18:00,75.0,Services,AU,haircut and styling appointment,0,31,19,9,0,0,0,0,0,0,0
TX000562,CUST0152,2025-02-26 10:27:00,45.0,Gas Station,AU,gas station fuel fill-up for weekend trip,0,41,15,10,0,0,0,0,0,0,0
TX000563,CUST0189,2025-02-26 11:48:00,12.99,Subscription Services,AU,monthly streaming service subscription renewal payment,0,54,12,10,0,0,0,1,0,0,0
TX000564,CUST0173,2025-02-26 12:36:00,6.99,Books,AU,new book for leisure reading purchase,0,37,9,10,0,0,0,0,0,0,0
TX000565,CUST0178,2025-02-26 13:40:00,135.0,Clothing,AU,online clothing order delivery for new season,0,45,13,10,0,0,0,0,0,0,0
TX000566,CUST0166,2025-02-26 14:56:00,22.0,Pharmacy,AU,pharmacy prescription pickup for family member,0,46,22,10,0,0,0,0,0,0,0
TX000567,CUST0015,2025-02-26 15:19:00,7.0,Restaurants,AU,morning coffee shop purchase for quick start,0,44,6,10,0,0,0,0,0,0,0
TX000568,CUST0172,2025-02-26 16:51:00,110.5,Groceries,AU,weekly grocery shopping trip for household,0,42,10,10,0,0,0,0,0,0,0
TX000569,CUST0013,2025-02-26 17:46:00,55.7,Gas Station,AU,gas station fuel fill-up for weekend trip,0,41,16,10,0,0,0,0,0,0,0
TX000570,CUST0036,2025-02-27 18:13:00,32.0,Restaurants,AU,cafe snack break with friends,0,29,14,10,0,0,0,0,0,0,0
TX000571,CUST0194,2025-02-27 19:27:00,90.0,Health & Wellness,AU,dentist check-up fee annual dental appointment,0,46,14,10,0,0,0,0,0,0,0
TX000572,CUST0200,2025-02-27 20:58:00,25.0,Home Goods,AU,small hardware store items for home project,0,43,10,9,0,0,0,0,0,0,0
TX000573,CUST0150,2025-02-27 21:51:00,18.0,Online Retail,AU,mobile phone credit top-up,0,26,16,4,1,0,0,0,0,0,0
TX000574,CUST0103,2025-02-27 22:11:00,1250.75,International Transfer,NG,urgent international wire transfer unverified source,1,52,14,10,0,0,0,0,0,1,0
TX000575,CUST0022,2025-02-27 23:49:00,6.7,Restaurants,AU,morning coffee shop purchase for quick start,0,44,12,10,0,0,0,0,0,0,0
TX000576,CUST0143,2025-02-27 00:51:00,10.0,Transportation,AU,parking fee for city visit,0,26,15,10,0,0,0,0,0,0,0
TX000577,CUST0130,2025-02-27 01:02:00,12.0,Restaurants,AU,bakery morning pastry and coffee purchase,0,41,11,9,0,0,0,0,0,0,0
TX000578,CUST0055,2025-02-27 02:39:00,125.0,Health & Wellness,AU,gym membership recurring fee monthly payment,0,44,9,10,0,0,0,1,0,0,0
TX000579,CUST0018,2025-02-27 03:26:00,130.0,Services,AU,car wash service payment for clean vehicle,0,42,15,9,0,0,0,0,0,0,0
TX000580,CUST0194,2025-02-28 04:13:00,88.0,Groceries,AU,weekly grocery shopping trip for household,0,42,14,10,0,0,0,0,0,0,0
TX000581,CUST0131,2025-02-28 05:54:00,35.0,Restaurants,AU,takeaway lunch order from local cafe,0,36,9,10,0,0,0,0,0,0,0
TX000582,CUST0042,2025-02-28 06:04:00,12.99,Subscription Services,AU,monthly streaming service subscription renewal payment,0,54,9,10,0,0,0,1,0,0,0
TX000583,CUST0118,2025-02-28 07:00:00,850.5,Cryptocurrency Exchange,CA,cryptocurrency exchange purchase large amount,1,45,18,10,0,0,1,0,0,0,0
TX000584,CUST0048,2025-02-28 08:17:00,40.0,Gas Station,AU,gas station fuel fill-up for weekend trip,0,41,9,10,0,0,0,0,0,0,0
TX000585,CUST0170,2025-02-28 09:28:00,14.99,Online Retail,AU,new book for leisure reading purchase,0,37,16,9,0,0,0,0,0,0,0
TX000586,CUST0167,2025-02-28 10:46:00,12.0,Online Retail,AU,mobile phone credit top-up,0,26,11,4,1,0,0,0,0,0,0
TX000587,CUST0194,2025-02-28 11:56:00,13.99,Subscription Services,AU,monthly streaming service subscription renewal payment,0,54,14,10,0,0,0,1,0,0,0
TX000588,CUST0107,2025-02-28 12:25:00,10.0,Transportation,AU,public transport daily fare to work,0,35,7,10,0,0,0,0,0,0,0
TX000589,CUST0014,2025-02-28 13:42:00,7.0,Restaurants,AU,bakery morning pastry and coffee purchase,0,41,15,9,0,0,0,0,0,0,0
TX000590,CUST0157,2025-03-01 14:22:00,12.5,Restaurants,AU,cafe snack break with friends,0,29,12,10,0,0,0,0,0,0,0
TX000591,CUST0147,2025-03-01 15:01:00,6.5,Restaurants,AU,morning coffee shop purchase for quick start,0,44,7,10,0,0,0,0,0,0,0
TX000592,CUST0023,2025-03-01 16:14:00,10.0,Transportation,AU,parking fee for city visit,0,26,19,10,0,0,0,0,0,0,0
TX000593,CUST0071,2025-03-01 17:46:00,11.0,Restaurants,AU,morning coffee shop purchase for quick start,0,44,17,10,0,0,0,0,0,0,0
TX000594,CUST0005,2025-03-01 18:49:00,55.0,Gas Station,AU,gas station fuel fill-up for weekend trip,0,41,13,10,0,0,0,0,0,0,0
TX000595,CUST0091,2025-03-01 19:35:00,1500.0,Software,US,unauthorized software license key activation fee,1,48,14,10,0,0,0,0,0,0,1
TX000596,CUST0147,2025-03-01 20:16:00,13.5,Restaurants,AU,bakery morning pastry and coffee purchase,0,41,7,9,0,0,0,0,0,0,0
TX000597,CUST0144,2025-03-01 21:38:00,120.0,Groceries,AU,weekly grocery shopping trip for household,0,42,13,10,0,0,0,0,0,0,0
TX000598,CUST0097,2025-03-01 22:53:00,25.0,Pharmacy,AU,pharmacy prescription pickup for family member,0,46,8,10,0,0,0,0,0,0,0
TX000599,CUST0180,2025-03-01 23:41:00,140.0,Clothing,AU,online clothing order delivery for new season,0,45,11,10,0,0,0,0,0,0,0
TX000600,CUST0101,2025-03-02 00:59:00,35.0,Restaurants,AU,takeaway lunch order from local cafe,0,36,13,10,0,0,0,0,0,0,0
TX000601,CUST0031,2025-03-02 01:32:00,89.0,Utilities,AU,monthly electricity bill payment,0,32,12,10,0,0,0,0,0,0,0
TX000602,CUST0177,2025-03-02 02:36:00,12.99,Subscription Services,AU,monthly streaming service subscription renewal payment,0,54,18,10,0,0,0,1,0,0,0
TX000603,CUST0169,2025-03-02 03:43:00,11.5,Restaurants,AU,morning coffee shop purchase for quick start,0,44,9,10,0,0,0,0,0,0,0
TX000604,CUST0178,2025-03-02 04:42:00,1050.2,Electronics,CN,high-value electronics purchase suspicious vendor,1,49,13,10,0,0,0,0,0,0,0
TX000605,CUST0061,2025-03-02 05:25:00,10.0,Transportation,AU,public transport daily fare to work,0,35,16,10,0,0,0,0,0,0,0
TX000606,CUST0185,2025-03-02 06:58:00,14.99,Online Retail,AU,new book for leisure reading purchase,0,37,13,9,0,0,0,0,0,0,0
TX000607,CUST0125,2025-03-02 07:24:00,12.99,Subscription Services,AU,monthly streaming service subscription renewal payment,0,54,17,10,0,0,0,1,0,0,0
TX000608,CUST0173,2025-03-02 08:53:00,10.0,Transportation,AU,parking fee for city visit,0,26,9,10,0,0,0,0,0,0,0
TX000609,CUST0200,2025-03-02 09:01:00,25.0,Online Retail,AU,mobile phone credit top-up,0,26,10,4,1,0,0,0,0,0,0
TX000610,CUST0055,2025-03-03 10:14:00,30.0,Online Retail,AU,concert ticket purchase for favorite band,0,41,9,7,0,0,0,0,0,0,0
TX000611,CUST0146,2025-03-03 11:29:00,12.0,Restaurants,AU,bakery morning pastry and coffee purchase,0,41,8,9,0,0,0,0,0,0,0
TX000612,CUST0020,2025-03-03 12:40:00,12.99,Subscription Services,AU,monthly streaming service subscription renewal payment,0,54,18,10,0,0,0,1,0,0,0
TX000613,CUST0161,2025-03-03 13:35:00,5.0,Restaurants,AU,morning coffee shop purchase for quick start,0,44,14,10,0,0,0,0,0,0,0
TX000614,CUST0163,2025-03-03 14:48:00,13.99,Subscription Services,AU,monthly streaming service subscription renewal payment,0,54,10,10,0,0,0,1,0,0,0
TX000615,CUST0152,2025-03-03 15:56:00,45.0,Gas Station,AU,gas station fuel fill-up for weekend trip,0,41,15,10,0,0,0,0,0,0,0
TX000616,CUST0072,2025-03-03 16:15:00,13.0,Transportation,AU,public transport daily fare to work,0,35,8,10,0,0,0,0,0,0,0
TX000617,CUST0183,2025-03-03 17:55:00,50.0,Gas Station,AU,gas station fuel fill-up for weekend trip,0,41,15,10,0,0,0,0,0,0,0
TX000618,CUST0043,2025-03-03 18:36:00,1650.0,Gaming,MX,large online gaming credits unauthorized transaction,1,52,16,10,0,0,0,0,0,0,1
TX000619,CUST0122,2025-03-03 19:10:00,25.0,Online Retail,AU,mobile phone credit top-up,0,26,17,4,1,0,0,0,0,0,0
TX000620,CUST0104,2025-03-04 20:51:00,7.5,Restaurants,AU,morning coffee shop purchase for quick start,0,44,12,10,0,0,0,0,0,0,0
TX000621,CUST0175,2025-03-04 21:57:00,950.0,Travel,NZ,international flight tickets to visit family,0,44,16,10,0,0,0,0,0,0,0
TX000622,CUST0001,2025-03-04 22:50:00,12.0,Transportation,AU,public transport daily fare to work,0,35,14,10,0,0,0,0,0,0,0
TX000623,CUST0077,2025-03-04 23:02:00,6.9,Restaurants,AU,morning coffee shop purchase for quick start,0,44,12,10,0,0,0,0,0,0,0
TX000624,CUST0032,2025-03-04 00:52:00,12.99,Subscription Services,AU,monthly streaming service subscription renewal payment,0,54,20,10,0,0,0,1,0,0,0
TX000625,CUST0124,2025-03-04 01:50:00,70.0,Services,AU,haircut and styling appointment,0,31,13,9,0,0,0,0,0,0,0
TX000626,CUST0087,2025-03-04 02:14:00,10.0,Restaurants,AU,bakery morning pastry and coffee purchase,0,41,13,9,0,0,0,0,0,0,0
TX000627,CUST0077,2025-03-04 03:10:00,30.0,Restaurants,AU,cafe snack break with friends,0,29,12,10,0,0,0,0,0,0,0
TX000628,CUST0073,2025-03-04 04:54:00,42.0,Groceries,AU,local farmers market produce fresh vegetables,0,45,15,10,0,0,0,0,0,0,0
TX000629,CUST0075,2025-03-04 05:37:00,13.99,Subscription Services,AU,monthly streaming service subscription renewal payment,0,54,15,10,0,0,0,1,0,0,0
TX000630,CUST0166,2025-03-05 06:26:00,12.0,Transportation,AU,public transport daily fare to work,0,35,22,10,0,0,0,0,0,0,0
TX000631,CUST0025,2025-03-05 07:13:00,12.99,Subscription Services,AU,monthly streaming service subscription renewal payment,0,54,16,10,0,0,0,1,0,0,0
TX000632,CUST0038,2025-03-05 08:31:00,15.0,Transportation,AU,parking fee for city visit,0,26,10,10,0,0,0,0,0,0,0
TX000633,CUST0141,2025-03-05 09:44:00,25.0,Pharmacy,AU,pharmacy prescription pickup for family member,0,46,15,10,0,0,0,0,0,0,0
TX000634,CUST0046,2025-03-05 10:51:00,55.0,Gas Station,AU,gas station fuel fill-up for weekend trip,0,41,18,10,0,0,0,0,0,0,0
TX000635,CUST0040,2025-03-05 11:02:00,10.0,Restaurants,AU,bakery morning pastry and coffee purchase,0,41,14,9,0,0,0,0,0,0,0
TX000636,CUST0155,2025-03-05 12:31:00,180.0,Online Retail,AU,monthly streaming service subscription renewal payment,1,54,15,3,0,0,0,1,0,0,0
TX000637,CUST0012,2025-03-05 13:21:00,38.0,Restaurants,AU,takeaway lunch order from local cafe,0,36,15,10,0,0,0,0,0,0,0
TX000638,CUST0020,2025-03-05 14:50:00,12.0,Transportation,AU,public transport daily fare to work,0,35,18,10,0,0,0,0,0,0,0
TX000639,CUST0104,2025-03-05 15:08:00,13.99,Subscription Services,AU,monthly streaming service subscription renewal payment,0,54,12,10,0,0,0,1,0,0,0
TX000640,CUST0123,2025-03-06 16:27:00,550.0,Services,NG,data recovery service bill unexpected charge,1,44,18,10,0,0,0,0,0,0,0
TX000641,CUST0029,2025-03-06 17:23:00,12.0,Restaurants,AU,bakery morning pastry and coffee purchase,0,41,18,9,0,0,0,0,0,0,0
TX000642,CUST0045,2025-03-06 18:50:00,12.99,Subscription Services,AU,monthly streaming service subscription renewal payment,0,54,18,10,0,0,0,1,0,0,0
TX000643,CUST0113,2025-03-06 19:00:00,12.99,Subscription Services,AU,monthly streaming service subscription renewal payment,0,54,8,10,0,0,0,1,0,0,0
TX000644,CUST0185,2025-03-06 20:52:00,1950.0,International Transfer,BR,anonymous donation large sum international charity,1,50,13,7,0,0,0,0,0,1,0
TX000645,CUST0199,2025-03-06 21:46:00,28.0,Restaurants,AU,cafe snack break with friends,0,29,15,10,0,0,0,0,0,0,0
TX000646,CUST0014,2025-03-06 22:39:00,12.0,Transportation,AU,public transport daily fare to work,0,35,15,10,0,0,0,0,0,0,0
TX000647,CUST0054,2025-03-06 23:25:00,7.0,Restaurants,AU,morning coffee shop purchase for quick start,0,44,17,10,0,0,0,0,0,0,0
TX000648,CUST0159,2025-03-06 00:51:00,65.0,Gas Station,AU,gas station fuel fill-up for weekend trip,0,41,24,10,0,0,0,0,0,0,0
TX000600,CUST0166,2025-03-02 00:45:00,105.82,Subscription Services,US,monthly online streaming subscription regular payment,0,53,22,10,0,0,0,1,0,0,0
TX000601,CUST0101,2025-03-02 01:49:00,14.5,Pet Supplies,US,pet supplies for dog standard charge,0,36,13,10,0,0,0,0,0,0,0
TX000602,CUST0019,2025-03-02 02:42:00,12.35,Restaurants,US,fast food lunch order,0,21,14,10,0,0,0,0,0,0,0
TX000603,CUST0122,2025-03-02 03:07:00,6.78,Groceries,US,local farmers market produce,0,28,17,10,0,0,0,0,0,0,0
TX000604,CUST0160,2025-03-02 04:23:00,34.0,Gas Station,US,gas tank fill-up,0,16,12,10,0,0,0,0,0,0,0
TX000605,CUST0083,2025-03-02 05:12:00,1245.99,Electronics,DE,expensive electronics online order priority shipment arranged,1,61,11,10,0,0,0,0,0,0,0
TX000606,CUST0126,2025-03-02 06:14:00,45.12,Apparel,US,new apparel purchase,0,20,18,10,0,0,0,0,0,0,0
TX000607,CUST0137,2025-03-02 07:33:00,10.99,Entertainment,US,movie night out tickets,0,23,20,10,0,0,0,0,0,0,0
TX000608,CUST0087,2025-03-02 08:04:00,50.75,Home Improvement,US,small hardware store items,0,26,13,10,0,0,0,0,0,0,0
TX000609,CUST0175,2025-03-02 09:35:00,78.2,Restaurants,US,family restaurant dinner,0,24,16,10,0,0,0,0,0,0,0
TX000610,CUST0132,2025-03-03 10:38:00,25.4,Services,US,dry cleaning pickup service,0,27,16,10,0,0,0,0,0,0,0
TX000611,CUST0050,2025-03-03 11:08:00,10.99,Entertainment,US,app store game download,0,23,16,10,0,0,0,0,0,0,1
TX000612,CUST0078,2025-03-03 12:00:00,22.8,Gas Station,US,car wash service pass,0,21,17,7,0,0,0,0,0,0,0
TX000613,CUST0088,2025-03-03 13:22:00,7.5,Restaurants,US,daily coffee shop visit,0,23,11,10,0,0,0,0,0,0,0
TX000614,CUST0042,2025-03-03 14:39:00,110.5,Utilities,US,quarterly electricity bill payment,0,34,9,10,0,0,0,0,0,0,0
TX000615,CUST0041,2025-03-03 15:08:00,16.99,Apparel,US,new apparel purchase,0,20,6,10,0,0,0,0,0,0,0
TX000616,CUST0161,2025-03-03 16:51:00,3.75,Restaurants,US,bakery morning pastries,0,23,14,9,0,0,0,0,0,0,0
TX000617,CUST0095,2025-03-03 17:51:00,250.7,Home Improvement,US,major appliance delivery service,0,32,14,10,0,0,0,0,0,0,0
TX000618,CUST0175,2025-03-03 18:17:00,60.0,Health,US,pharmacy prescription refill,0,28,16,9,0,0,0,0,0,0,0
TX000619,CUST0108,2025-03-03 19:47:00,45.0,Entertainment,US,movie night out tickets,0,23,16,10,0,0,0,0,0,0,0
TX000620,CUST0105,2025-03-04 20:55:00,12.3,Restaurants,US,fast food lunch order,0,21,11,10,0,0,0,0,0,0,0
TX000621,CUST0149,2025-03-04 21:35:00,15.0,Entertainment,US,bookstore novel purchase,0,24,17,8,0,0,0,0,0,0,0
TX000622,CUST0062,2025-03-04 22:35:00,9.99,Services,US,app store game download,0,23,16,6,0,0,0,0,0,0,1
TX000623,CUST0049,2025-03-04 23:26:00,8.5,Restaurants,US,bakery morning pastries,0,23,17,9,0,0,0,0,0,0,0
TX000624,CUST0071,2025-03-04 00:53:00,42.15,Gas Station,US,gas tank fill-up,0,16,17,10,0,0,0,0,0,0,0
TX000625,CUST0190,2025-03-04 01:05:00,10.99,Subscription Services,US,monthly online streaming subscription,0,37,12,10,0,0,0,1,0,0,0
TX000626,CUST0078,2025-03-04 02:38:00,85.2,Health,US,pharmacy prescription refill,0,28,17,9,0,0,0,0,0,0,0
TX000627,CUST0097,2025-03-04 03:33:00,120.0,Utilities,US,quarterly electricity bill payment,0,34,8,10,0,0,0,0,0,0,0
TX000628,CUST0083,2025-03-04 04:44:00,7.25,Restaurants,US,daily coffee shop visit,0,23,11,10,0,0,0,0,0,0,0
TX000629,CUST0098,2025-03-04 05:53:00,10.0,Services,US,city parking lot fee,0,20,15,8,0,0,0,0,0,0,0
TX000630,CUST0087,2025-03-05 06:28:00,120.5,Groceries,US,weekly grocery store trip standard charge,0,41,13,10,0,0,0,0,0,0,0
TX000631,CUST0051,2025-03-05 07:45:00,25.0,Entertainment,US,movie night out tickets,0,23,12,10,0,0,0,0,0,0,0
TX000632,CUST0142,2025-03-05 08:36:00,35.0,Apparel,US,new apparel purchase,0,20,15,10,0,0,0,0,0,0,0
TX000633,CUST0168,2025-03-05 09:37:00,10.99,Subscription Services,US,monthly online streaming subscription,0,37,17,10,0,0,0,1,0,0,0
TX000634,CUST0173,2025-03-05 10:53:00,6.5,Restaurants,US,daily coffee shop visit,0,23,9,10,0,0,0,0,0,0,0
TX000635,CUST0013,2025-03-05 11:27:00,28.5,Services,US,dry cleaning pickup service,0,27,16,10,0,0,0,0,0,0,0
TX000636,CUST0168,2025-03-05 12:26:00,13.99,Entertainment,US,app store game download,0,23,17,10,0,0,0,0,0,0,1
TX000637,CUST0057,2025-03-05 13:18:00,55.75,Gas Station,US,gas tank fill-up,0,16,15,10,0,0,0,0,0,0,0
TX000638,CUST0052,2025-03-05 14:11:00,22.0,Services,US,rideshare trip,0,14,11,10,0,0,0,0,0,0,0
TX000639,CUST0102,2025-03-05 15:21:00,12.0,Restaurants,US,fast food lunch order,0,21,16,10,0,0,0,0,0,0,0
TX000640,CUST0189,2025-03-06 16:05:00,150.0,Utilities,US,quarterly electricity bill payment,0,34,12,10,0,0,0,0,0,0,0
TX000641,CUST0166,2025-03-06 17:00:00,6.75,Restaurants,US,daily coffee shop visit,0,23,22,10,0,0,0,0,0,0,0
TX000642,CUST0129,2025-03-06 18:37:00,78.99,Groceries,US,weekly grocery store trip,0,25,19,10,0,0,0,0,0,0,0
TX000643,CUST0135,2025-03-06 19:34:00,10.99,Online Retail,US,app store game download,0,23,12,7,0,0,0,0,0,0,1
TX000644,CUST0021,2025-03-06 20:08:00,55.0,Apparel,US,new apparel purchase,0,20,18,10,0,0,0,0,0,0,0
TX000645,CUST0030,2025-03-06 21:23:00,15.0,Entertainment,US,bookstore novel purchase,0,24,12,8,0,0,0,0,0,0,0
TX000646,CUST0132,2025-03-06 22:25:00,18.0,Services,US,city parking lot fee,0,20,16,8,0,0,0,0,0,0,0
TX000647,CUST0190,2025-03-06 23:38:00,10.99,Subscription Services,US,monthly online streaming subscription,0,37,12,10,0,0,0,1,0,0,0
TX000648,CUST0037,2025-03-06 00:14:00,4.5,Restaurants,US,bakery morning pastries,0,23,16,9,0,0,0,0,0,0,0
TX000649,CUST0119,2025-03-06 01:33:00,75.0,Health,US,pharmacy prescription refill,0,28,14,9,0,0,0,0,0,0,0
TX000650,CUST0042,2025-03-07 02:32:00,65.0,Pet Supplies,US,pet supplies for dog,0,20,9,10,0,0,0,0,0,0,0
TX000651,CUST0055,2025-03-07 03:34:00,3.25,Restaurants,US,bakery morning pastries,0,23,9,9,0,0,0,0,0,0,0
TX000652,CUST0118,2025-03-07 04:29:00,100.0,Utilities,US,home internet service bill monthly fee,0,38,18,10,0,0,0,1,0,0,0
TX000653,CUST0054,2025-03-07 05:48:00,12.0,Services,US,rideshare trip,0,14,17,10,0,0,0,0,0,0,0
TX000654,CUST0153,2025-03-07 06:40:00,10.99,Subscription Services,US,monthly online streaming subscription,0,37,14,10,0,0,0,1,0,0,0
TX000655,CUST0080,2025-03-07 07:16:00,11.5,Entertainment,US,movie night out tickets,0,23,13,10,0,0,0,0,0,0,0
TX000656,CUST0129,2025-03-07 08:04:00,5.0,Restaurants,US,daily coffee shop visit,0,23,19,10,0,0,0,0,0,0,0
TX000657,CUST0121,2025-03-07 09:16:00,102.35,Electronics,US,premium software license key,1,28,17,7,0,0,0,0,0,0,1
TX000658,CUST0137,2025-03-07 10:27:00,95.0,Groceries,US,weekly grocery store trip,0,25,20,10,0,0,0,0,0,0,0
TX000659,CUST0143,2025-03-07 11:49:00,12.5,Restaurants,US,fast food lunch order,0,21,15,10,0,0,0,0,0,0,0
TX000660,CUST0162,2025-03-08 12:37:00,40.0,Gas Station,US,gas tank fill-up,0,16,11,10,0,0,0,0,0,0,0
TX000661,CUST0074,2025-03-08 13:46:00,5.99,Restaurants,US,daily coffee shop visit,0,23,11,5,0,0,0,0,0,0,0
TX000662,CUST0124,2025-03-08 14:47:00,10.99,Subscription Services,US,monthly online streaming subscription,0,37,13,5,0,0,0,0,0,0,0
TX000663,CUST0047,2025-03-08 15:24:00,8.0,Restaurants,US,bakery morning pastries,0,23,14,5,0,0,0,0,0,0,0
TX000664,CUST0191,2025-03-08 16:32:00,12.0,Services,US,rideshare trip,0,14,19,5,0,0,0,0,0,0,0
TX000665,CUST0047,2025-03-08 17:39:00,25.0,Apparel,US,new apparel purchase,0,20,14,5,0,0,0,0,0,0,0
TX000666,CUST0106,2025-03-08 18:35:00,18.0,Entertainment,US,bookstore novel purchase,0,24,14,5,0,0,0,0,0,0,0
TX000667,CUST0133,2025-03-08 19:13:00,10.0,Services,US,city parking lot fee,0,20,17,5,0,0,0,0,0,0,0
TX000668,CUST0142,2025-03-08 20:05:00,11.99,Subscription Services,US,monthly online streaming subscription,0,37,15,5,0,0,0,0,0,0,0
TX000669,CUST0168,2025-03-08 21:15:00,1500.0,Cryptocurrency,CH,anonymous digital currency purchase funds moved quickly,1,55,17,5,0,0,0,0,0,0,0
TX000670,CUST0035,2025-03-09 22:23:00,10.99,Online Retail,US,app store game download,0,23,11,5,0,0,0,0,0,0,0
TX000671,CUST0012,2025-03-09 23:22:00,85.0,Health,US,pharmacy prescription refill,0,28,15,5,0,0,0,0,0,0,0
TX000672,CUST0050,2025-03-09 00:49:00,25.0,Services,US,dry cleaning pickup service,0,27,16,5,0,0,0,0,0,0,0
TX000673,CUST0130,2025-03-09 01:05:00,10.0,Restaurants,US,fast food lunch order,0,21,11,5,0,0,0,0,0,0,0
TX000674,CUST0116,2025-03-09 02:17:00,150.0,Utilities,US,quarterly electricity bill payment,0,34,16,5,0,0,0,0,0,0,0
TX000675,CUST0020,2025-03-09 03:03:00,7.0,Restaurants,US,daily coffee shop visit,0,23,18,5,0,0,0,0,0,0,0
TX000676,CUST0155,2025-03-09 04:28:00,60.0,Pet Supplies,US,pet supplies for dog,0,20,15,5,0,0,0,0,0,0,0
TX000677,CUST0095,2025-03-09 05:13:00,10.99,Subscription Services,US,monthly online streaming subscription,0,37,14,5,0,0,0,0,0,0,0
TX000678,CUST0089,2025-03-09 06:03:00,22.0,Gas Station,US,car wash service pass,0,21,18,5,0,0,0,0,0,0,0
TX000679,CUST0136,2025-03-09 07:06:00,5.0,Restaurants,US,bakery morning pastries,0,23,15,5,0,0,0,0,0,0,0
TX000680,CUST0046,2025-03-10 08:36:00,100.0,Utilities,US,home internet service bill monthly fee,0,38,18,5,0,0,0,0,0,0,0
TX000681,CUST0051,2025-03-10 09:35:00,12.0,Services,US,rideshare trip,0,14,12,5,0,0,0,0,0,0,0
TX000682,CUST0064,2025-03-10 10:44:00,125.0,Groceries,US,supermarket bulk shopping,0,25,18,5,0,0,0,0,0,0,0
TX000683,CUST0140,2025-03-10 11:14:00,10.99,Subscription Services,US,monthly online streaming subscription regular payment,0,53,7,5,0,0,0,0,0,0,0
TX000684,CUST0125,2025-03-10 12:35:00,45.0,Entertainment,US,movie night out tickets,0,23,17,5,0,0,0,0,0,0,0
TX000685,CUST0159,2025-03-10 13:13:00,5.99,Restaurants,US,daily coffee shop visit,0,23,24,5,0,0,0,0,0,0,0
TX000686,CUST0127,2025-03-10 14:40:00,35.0,Apparel,US,new apparel purchase,0,20,14,5,0,0,0,0,0,0,0
TX000687,CUST0168,2025-03-10 15:08:00,15.0,Entertainment,US,bookstore novel purchase,0,24,17,5,0,0,0,0,0,0,0
TX000688,CUST0025,2025-03-10 16:23:00,2500.0,International Services,AE,urgent international wire transfer transaction processed,1,56,16,5,0,0,0,0,0,0,0
TX000689,CUST0100,2025-03-10 17:48:00,8.0,Services,US,city parking lot fee,0,20,10,5,0,0,0,0,0,0,0
TX000690,CUST0025,2025-03-11 18:42:00,10.99,Subscription Services,US,monthly online streaming subscription,0,37,16,5,0,0,0,0,0,0,0
TX000691,CUST0023,2025-03-11 19:02:00,4.25,Restaurants,US,bakery morning pastries,0,23,19,5,0,0,0,0,0,0,0
TX000692,CUST0109,2025-03-11 20:42:00,70.0,Health,US,pharmacy prescription refill,0,28,11,5,0,0,0,0,0,0,0
TX000693,CUST0166,2025-03-11 21:41:00,500.0,Online Retail,JP,unusual large online payment priority shipment arranged,1,55,22,5,0,0,0,0,0,0,0
TX000694,CUST0020,2025-03-11 22:10:00,10.99,Online Retail,US,app store game download,0,23,18,5,0,0,0,0,0,0,0
TX000695,CUST0100,2025-03-11 23:22:00,12.0,Restaurants,US,fast food lunch order,0,21,10,5,0,0,0,0,0,0,0
TX000696,CUST0163,2025-03-11 00:26:00,140.0,Utilities,US,quarterly electricity bill payment,0,34,10,5,0,0,0,0,0,0,0
TX000697,CUST0019,2025-03-11 01:16:00,7.5,Restaurants,US,daily coffee shop visit,0,23,14,5,0,0,0,0,0,0,0
TX000698,CUST0070,2025-03-11 02:21:00,6.78,Groceries,US,local farmers market produce,0,28,9,5,0,0,0,0,0,0,0
TX000699,CUST0132,2025-03-11 03:13:00,38.0,Gas Station,US,gas tank fill-up,0,16,16,5,0,0,0,0,0,0,0
TX000700,CUST0195,2025-03-12 04:00:00,1899.99,Electronics,CN,expensive electronics online order priority shipment arranged,1,61,11,5,0,0,0,0,0,0,0
TX000701,CUST0185,2025-03-12 05:43:00,10.99,Subscription Services,US,monthly online streaming subscription,0,37,13,5,0,0,0,0,0,0,0
TX000702,CUST0164,2025-03-12 06:48:00,22.0,Services,US,car wash service pass,0,21,17,5,0,0,0,0,0,0,0
TX000703,CUST0166,2025-03-12 07:36:00,5.5,Restaurants,US,bakery morning pastries,0,23,22,5,0,0,0,0,0,0,0
TX000704,CUST0086,2025-03-12 08:51:00,110.0,Utilities,US,home internet service bill monthly fee,0,38,10,5,0,0,0,0,0,0,0
TX000705,CUST0044,2025-03-12 09:51:00,12.0,Services,US,rideshare trip,0,14,16,5,0,0,0,0,0,0,0
TX000706,CUST0100,2025-03-12 10:58:00,10.99,Subscription Services,US,monthly online streaming subscription,0,37,10,5,0,0,0,0,0,0,0
TX000707,CUST0162,2025-03-12 11:56:00,12.0,Entertainment,US,movie night out tickets,0,23,11,5,0,0,0,0,0,0,0
TX000708,CUST0151,2025-03-12 12:06:00,5.99,Restaurants,US,daily coffee shop visit,0,23,8,5,0,0,0,0,0,0,0
TX000709,CUST0044,2025-03-12 13:25:00,75.5,Online Retail,US,gift card code redemption,1,25,16,5,0,0,0,0,0,0,0
TX000710,CUST0016,2025-03-13 14:10:00,30.0,Apparel,US,new apparel purchase,0,20,7,5,0,0,0,0,0,0,0
TX000711,CUST0179,2025-03-13 15:11:00,18.0,Entertainment,US,bookstore novel purchase,0,24,20,5,0,0,0,0,0,0,0
TX000712,CUST0158,2025-03-13 16:28:00,9.0,Services,US,city parking lot fee,0,20,19,5,0,0,0,0,0,0,0
TX000713,CUST0013,2025-03-13 17:03:00,11.99,Subscription Services,US,monthly online streaming subscription,0,37,16,5,0,0,0,0,0,0,0
TX000714,CUST0186,2025-03-13 18:15:00,4.75,Restaurants,US,bakery morning pastries,0,23,11,5,0,0,0,0,0,0,0
TX000715,CUST0171,2025-03-13 19:43:00,68.0,Health,US,pharmacy prescription refill,0,28,11,5,0,0,0,0,0,0,0
TX000716,CUST0023,2025-03-13 20:18:00,62.0,Pet Supplies,US,pet supplies for dog,0,20,19,5,0,0,0,0,0,0,0
TX000717,CUST0027,2025-03-13 21:38:00,320.0,International Services,NG,unverified data service charge,1,30,11,5,0,0,0,0,0,0,0
TX000718,CUST0157,2025-03-13 22:21:00,10.99,Online Retail,US,app store game download,0,23,12,5,0,0,0,0,0,0,0
TX000719,CUST0033,2025-03-13 23:49:00,12.0,Restaurants,US,fast food lunch order,0,21,12,5,0,0,0,0,0,0,0
TX000720,CUST0065,2025-03-14 00:45:00,130.0,Utilities,US,quarterly electricity bill payment,0,34,15,5,0,0,0,0,0,0,0
TX000721,CUST0178,2025-03-14 01:40:00,7.25,Restaurants,US,daily coffee shop visit,0,23,13,5,0,0,0,0,0,0,0
TX000722,CUST0150,2025-03-14 02:49:00,80.0,Groceries,US,weekly grocery store trip,0,25,16,5,0,0,0,0,0,0,0
TX000723,CUST0184,2025-03-14 03:36:00,41.0,Gas Station,US,gas tank fill-up,0,16,6,5,0,0,0,0,0,0,0
TX000724,CUST0191,2025-03-14 04:24:00,890.0,Luxury Goods,ES,high-end jewelry store transaction funds moved quickly,1,54,19,5,0,0,0,0,0,0,0
TX000725,CUST0185,2025-03-14 05:25:00,10.99,Subscription Services,US,monthly online streaming subscription,0,37,13,5,0,0,0,0,0,0,0
TX000726,CUST0134,2025-03-14 06:36:00,25.0,Services,US,dry cleaning pickup service,0,27,11,5,0,0,0,0,0,0,0
TX000727,CUST0004,2025-03-14 07:07:00,5.0,Restaurants,US,bakery morning pastries,0,23,15,5,0,0,0,0,0,0,0
TX000728,CUST0082,2025-03-14 08:30:00,105.0,Utilities,US,home internet service bill monthly fee,0,38,13,5,0,0,0,0,0,0,0
TX000729,CUST0037,2025-03-14 09:58:00,12.0,Services,US,rideshare trip,0,14,16,5,0,0,0,0,0,0,0
TX000730,CUST0098,2025-03-15 10:58:00,10.99,Subscription Services,US,monthly online streaming subscription,0,37,15,5,0,0,0,0,0,0,0
TX000731,CUST0199,2025-03-15 11:38:00,11.0,Entertainment,US,movie night out tickets,0,23,15,5,0,0,0,0,0,0,0
TX000732,CUST0021,2025-03-15 12:16:00,6.0,Restaurants,US,daily coffee shop visit,0,23,18,5,0,0,0,0,0,0,0
TX000700,CUST0124,2025-03-12 04:37:00,16.03,Clothing,FR,New pair of running shoes from sports store,0,43,13,5,0,0,0,0,0,0,0
TX000701,CUST0073,2025-03-12 05:34:00,58.74,Fuel,FR,Fuel station fill-up for weekend road trip,0,42,15,5,0,0,0,0,0,0,0
TX000702,CUST0046,2025-03-12 06:36:00,34.5,Restaurants,FR,Local cafe breakfast with friends on Sunday,0,43,18,5,0,0,0,0,0,0,0
TX000703,CUST0068,2025-03-12 07:27:00,47.78,Groceries,FR,Supermarket grocery store essentials for the week,0,49,17,5,0,0,0,0,0,0,0
TX000704,CUST0183,2025-03-12 08:38:00,78.47,Online Services,FR,Monthly mobile phone bill payment to provider,0,45,15,5,0,0,0,0,0,0,0
TX000705,CUST0127,2025-03-12 09:45:00,105.77,Subscription,FR,Monthly online streaming service subscription payment,0,53,14,5,0,0,0,0,0,0,0
TX000706,CUST0128,2025-03-12 10:30:00,76.53,Online Services,FR,Internet service bill for home broadband connection,0,51,23,5,0,0,0,0,0,0,0
TX000707,CUST0003,2025-03-12 11:42:00,26.68,Restaurants,FR,Daily coffee shop purchase for morning break,0,44,10,5,0,0,0,0,0,0,0
TX000708,CUST0046,2025-03-12 12:35:00,62.15,Groceries,FR,Supermarket grocery store essentials for the week,0,49,18,5,0,0,0,0,0,0,0
TX000709,CUST0073,2025-03-12 13:12:00,39.81,Groceries,FR,Weekly supermarket shop for household provisions,0,48,15,5,0,0,0,0,0,0,0
TX000710,CUST0158,2025-03-13 14:22:00,17.55,Restaurants,FR,Daily coffee shop purchase for morning break,0,44,19,5,0,0,0,0,0,0,0
TX000711,CUST0019,2025-03-13 15:59:00,12.01,Subscription,FR,Monthly online streaming service subscription payment,0,53,14,5,0,0,0,0,0,0,0
TX000712,CUST0191,2025-03-13 16:01:00,110.16,Clothing,FR,New pair of running shoes from sports store,0,43,19,5,0,0,0,0,0,0,0
TX000713,CUST0012,2025-03-13 17:28:00,158.42,Department Store,FR,Clothing store purchase for new winter jacket,0,45,15,5,0,0,0,0,0,0,0
TX000714,CUST0121,2025-03-13 18:08:00,40.85,Restaurants,FR,Local cafe breakfast with friends on Sunday,0,43,17,5,0,0,0,0,0,0,0
TX000715,CUST0077,2025-03-13 19:53:00,54.91,Fuel,FR,Fuel station fill-up for weekend road trip,0,42,12,5,0,0,0,0,0,0,0
TX000716,CUST0006,2025-03-13 20:28:00,83.13,Online Services,FR,Monthly mobile phone bill payment to provider,0,45,14,5,0,0,0,0,0,0,0
TX000717,CUST0128,2025-03-13 21:03:00,17.84,Pharmacy,FR,Pharmacy prescription pickup for regular medication,0,51,23,5,0,0,0,0,0,0,0
TX000718,CUST0157,2025-03-13 22:54:00,52.88,Fuel,FR,Fuel station fill-up for weekend road trip,0,42,12,5,0,0,0,0,0,0,0
TX000719,CUST0189,2025-03-13 23:14:00,22.95,Restaurants,FR,Daily coffee shop purchase for morning break,0,44,12,5,0,0,0,0,0,0,0
TX000720,CUST0125,2025-03-14 00:39:00,34.8,Groceries,FR,Weekly supermarket shop for household provisions,0,48,17,5,0,0,0,0,0,0,0
TX000721,CUST0136,2025-03-14 01:42:00,22.84,Restaurants,FR,Daily coffee shop purchase for morning break,0,44,15,5,0,0,0,0,0,0,0
TX000722,CUST0070,2025-03-14 02:35:00,25.43,Pharmacy,FR,Pharmacy prescription pickup for regular medication,0,51,9,5,0,0,0,0,0,0,0
TX000723,CUST0179,2025-03-14 03:02:00,58.17,Fuel,FR,Fuel station fill-up for weekend road trip,0,42,20,5,0,0,0,0,0,0,0
TX000724,CUST0106,2025-03-14 04:21:00,33.39,Restaurants,FR,Local cafe breakfast with friends on Sunday,0,43,14,5,0,0,0,0,0,0,0
TX000725,CUST0136,2025-03-14 05:46:00,105.1,Subscription,FR,Monthly online streaming service subscription payment,0,53,15,5,0,0,0,0,0,0,0
TX000726,CUST0145,2025-03-14 06:11:00,40.09,Groceries,FR,Supermarket grocery store essentials for the week,0,49,12,5,0,0,0,0,0,0,0
TX000727,CUST0104,2025-03-14 07:15:00,52.28,Fuel,FR,Fuel station fill-up for weekend road trip,0,42,12,5,0,0,0,0,0,0,0
TX000728,CUST0133,2025-03-14 08:34:00,20.08,Restaurants,FR,Daily coffee shop purchase for morning break,0,44,17,5,0,0,0,0,0,0,0
TX000729,CUST0150,2025-03-14 09:15:00,14.89,Subscription,FR,Monthly online streaming service subscription payment,0,53,16,5,0,0,0,0,0,0,0
TX000730,CUST0008,2025-03-15 10:01:00,34.02,Groceries,US,Family restaurant dinner bill on Friday night,1,45,14,5,0,0,0,0,0,0,0
TX000731,CUST0057,2025-03-15 11:05:00,35.53,Restaurants,FR,Local cafe breakfast with friends on Sunday,0,43,15,5,0,0,0,0,0,0,0
TX000732,CUST0184,2025-03-15 12:44:00,109.11,Department Store,FR,Clothing store purchase for new winter jacket,0,45,6,5,0,0,0,0,0,0,0
TX000733,CUST0091,2025-03-15 13:15:00,58.75,Fuel,FR,Fuel station fill-up for weekend road trip,0,42,14,5,0,0,0,0,0,0,0
TX000734,CUST0146,2025-03-15 14:56:00,30.73,Groceries,FR,Supermarket grocery store essentials for the week,0,49,8,5,0,0,0,0,0,0,0
TX000735,CUST0118,2025-03-15 15:03:00,23.36,Restaurants,FR,Daily coffee shop purchase for morning break,0,44,18,5,0,0,0,0,0,0,0
TX000736,CUST0104,2025-03-15 16:01:00,54.12,Fuel,FR,Fuel station fill-up for weekend road trip,0,42,12,5,0,0,0,0,0,0,0
TX000737,CUST0152,2025-03-15 17:55:00,31.81,Groceries,FR,Weekly supermarket shop for household provisions,0,48,15,5,0,0,0,0,0,0,0
TX000738,CUST0185,2025-03-15 18:48:00,142.12,Hardware Store,FR,Hardware store supplies for home improvement project,0,52,13,5,0,0,0,0,0,0,0
TX000739,CUST0106,2025-03-15 19:18:00,42.11,Restaurants,FR,Family restaurant dinner bill on Friday night,0,45,14,5,0,0,0,0,0,0,0
TX000740,CUST0107,2025-03-16 20:45:00,139.69,Clothing,FR,New pair of running shoes from sports store,0,43,7,5,0,0,0,0,0,0,0
TX000741,CUST0171,2025-03-16 21:11:00,39.52,Groceries,FR,Supermarket grocery store essentials for the week,0,49,11,5,0,0,0,0,0,0,0
TX000742,CUST0018,2025-03-16 22:03:00,108.97,Online Services,FR,Internet service bill for home broadband connection,0,51,15,5,0,0,0,0,0,0,0
TX000743,CUST0082,2025-03-16 23:05:00,11.23,Online Services,FR,Monthly online streaming service subscription payment,0,53,13,5,0,0,0,0,0,0,0
TX000744,CUST0013,2025-03-16 00:06:00,38.08,Groceries,FR,Supermarket grocery store essentials for the week,0,49,16,5,0,0,0,0,0,0,0
TX000745,CUST0129,2025-03-16 01:04:00,26.66,Restaurants,FR,Daily coffee shop purchase for morning break,0,44,19,5,0,0,0,0,0,0,0
TX000746,CUST0167,2025-03-16 02:43:00,45.45,Groceries,FR,Weekly supermarket shop for household provisions,0,48,11,5,0,0,0,0,0,0,0
TX000747,CUST0170,2025-03-16 03:12:00,26.54,Restaurants,FR,Daily coffee shop purchase for morning break,0,44,16,5,0,0,0,0,0,0,0
TX000748,CUST0047,2025-03-16 04:32:00,63.36,Fuel,FR,Fuel station fill-up for weekend road trip,0,42,14,5,0,0,0,0,0,0,0
TX000749,CUST0009,2025-03-16 05:08:00,128.23,Electronics,MX,Online bookstore order for new fiction novel,1,44,17,5,0,0,0,0,0,0,0
TX000750,CUST0102,2025-03-17 06:19:00,42.22,Groceries,FR,Supermarket grocery store essentials for the week,0,49,16,5,0,0,0,0,0,0,0
TX000751,CUST0007,2025-03-17 07:09:00,56.4,Fuel,FR,Fuel station fill-up for weekend road trip,0,42,11,5,0,0,0,0,0,0,0
TX000752,CUST0164,2025-03-17 08:58:00,20.35,Restaurants,FR,Daily coffee shop purchase for morning break,0,44,17,5,0,0,0,0,0,0,0
TX000753,CUST0084,2025-03-17 09:36:00,10.98,Travel,FR,Bus ticket fare for daily commute to work,0,41,18,5,0,0,0,0,0,0,0
TX000754,CUST0191,2025-03-17 10:40:00,54.0,Fuel,FR,Fuel station fill-up for weekend road trip,0,42,19,5,0,0,0,0,0,0,0
TX000755,CUST0119,2025-03-17 11:16:00,24.08,Pharmacy,FR,Pharmacy prescription pickup for regular medication,0,51,14,5,0,0,0,0,0,0,0
TX000756,CUST0043,2025-03-17 12:09:00,53.68,Fuel,FR,Fuel station fill-up for weekend road trip,0,42,16,5,0,0,0,0,0,0,0
TX000757,CUST0102,2025-03-17 13:03:00,129.82,Clothing,FR,New pair of running shoes from sports store,0,43,16,5,0,0,0,0,0,0,0
TX000758,CUST0089,2025-03-17 14:59:00,56.57,Fuel,FR,Fuel station fill-up for weekend road trip,0,42,18,5,0,0,0,0,0,0,0
TX000759,CUST0116,2025-03-17 15:16:00,10.87,Travel,FR,Bus ticket fare for daily commute to work,0,41,16,5,0,0,0,0,0,0,0
TX000760,CUST0016,2025-03-18 16:55:00,21.03,Restaurants,FR,Daily coffee shop purchase for morning break,0,44,7,5,0,0,0,0,0,0,0
TX000761,CUST0129,2025-03-18 17:10:00,124.78,Clothing,FR,New pair of running shoes from sports store,0,43,19,5,0,0,0,0,0,0,0
TX000762,CUST0126,2025-03-18 18:10:00,22.84,Restaurants,FR,Daily coffee shop purchase for morning break,0,44,18,5,0,0,0,0,0,0,0
TX000763,CUST0002,2025-03-18 19:15:00,18.06,Pharmacy,FR,Pharmacy prescription pickup for regular medication,0,51,9,5,0,0,0,0,0,0,0
TX000764,CUST0025,2025-03-18 20:49:00,11.64,Subscription,FR,Monthly online streaming service subscription payment,0,53,16,5,0,0,0,0,0,0,0
TX000765,CUST0199,2025-03-18 21:50:00,21.36,Restaurants,FR,Daily coffee shop purchase for morning break,0,44,15,5,0,0,0,0,0,0,0
TX000766,CUST0194,2025-03-18 22:13:00,48.06,Groceries,FR,Weekly supermarket shop for household provisions,0,48,14,5,0,0,0,0,0,0,0
TX000767,CUST0187,2025-03-18 23:52:00,24.81,Pharmacy,FR,Pharmacy prescription pickup for regular medication,0,51,11,5,0,0,0,0,0,0,0
TX000768,CUST0156,2025-03-18 00:51:00,10.33,Travel,FR,Bus ticket fare for daily commute to work,0,41,13,5,0,0,0,0,0,0,0
TX000769,CUST0117,2025-03-18 01:46:00,1673.35,High-End Retail,CN,Exclusive designer clothes acquisition from obscure website,1,59,12,5,0,0,0,0,0,0,0
TX000770,CUST0014,2025-03-19 02:50:00,50.15,Fuel,FR,Fuel station fill-up for weekend road trip,0,42,15,5,0,0,0,0,0,0,0
TX000771,CUST0095,2025-03-19 03:12:00,34.02,Groceries,FR,Supermarket grocery store essentials for the week,0,49,14,5,0,0,0,0,0,0,0
TX000772,CUST0014,2025-03-19 04:40:00,11.55,Subscription,FR,Monthly online streaming service subscription payment,0,53,15,5,0,0,0,0,0,0,0
TX000773,CUST0087,2025-03-19 05:14:00,28.52,Restaurants,FR,Local cafe breakfast with friends on Sunday,0,43,13,5,0,0,0,0,0,0,0
TX000774,CUST0101,2025-03-19 06:44:00,11.13,Travel,FR,Bus ticket fare for daily commute to work,0,41,13,5,0,0,0,0,0,0,0
TX000775,CUST0062,2025-03-19 07:50:00,58.74,Fuel,FR,Fuel station fill-up for weekend road trip,0,42,16,5,0,0,0,0,0,0,0
TX000776,CUST0150,2025-03-19 08:18:00,1345.91,Luxury Goods,NG,Luxury watch order from unverified international vendor,1,55,16,5,0,0,0,0,0,0,0
TX000777,CUST0165,2025-03-19 09:24:00,139.19,Clothing,FR,New pair of running shoes from sports store,0,43,9,5,0,0,0,0,0,0,0
TX000778,CUST0135,2025-03-19 10:09:00,110.15,Online Services,FR,Internet service bill for home broadband connection,0,51,12,5,0,0,0,0,0,0,0
TX000779,CUST0182,2025-03-19 11:39:00,54.76,Fuel,FR,Fuel station fill-up for weekend road trip,0,42,11,5,0,0,0,0,0,0,0
TX000780,CUST0065,2025-03-20 12:17:00,41.51,Groceries,FR,Supermarket grocery store essentials for the week,0,49,15,5,0,0,0,0,0,0,0
TX000781,CUST0158,2025-03-20 13:31:00,36.31,Restaurants,FR,Family restaurant dinner bill on Friday night,0,45,19,5,0,0,0,0,0,0,0
TX000782,CUST0166,2025-03-20 14:51:00,221.75,Electronics,DE,High-value electronics buy from offshore online store,1,53,22,5,0,0,0,0,0,0,0
TX000783,CUST0078,2025-03-20 15:37:00,26.54,Restaurants,FR,Daily coffee shop purchase for morning break,0,44,17,5,0,0,0,0,0,0,0
TX000784,CUST0121,2025-03-20 16:24:00,34.19,Groceries,FR,Weekly supermarket shop for household provisions,0,48,17,5,0,0,0,0,0,0,0
TX000785,CUST0142,2025-03-20 17:33:00,55.4,Fuel,FR,Fuel station fill-up for weekend road trip,0,42,15,5,0,0,0,0,0,0,0
TX000786,CUST0009,2025-03-20 18:09:00,13.91,Subscription,FR,Monthly online streaming service subscription payment,0,53,17,5,0,0,0,0,0,0,0
TX000787,CUST0020,2025-03-20 19:35:00,21.46,Restaurants,FR,Daily coffee shop purchase for morning break,0,44,18,5,0,0,0,0,0,0,0
TX000788,CUST0164,2025-03-20 20:32:00,47.78,Groceries,FR,Weekly supermarket shop for household provisions,0,48,17,5,0,0,0,0,0,0,0
TX000789,CUST0038,2025-03-20 21:05:00,21.65,Restaurants,FR,Daily coffee shop purchase for morning break,0,44,10,5,0,0,0,0,0,0,0
TX000790,CUST0174,2025-03-21 22:23:00,22.09,Pharmacy,FR,Pharmacy prescription pickup for regular medication,0,51,11,5,0,0,0,0,0,0,0
TX000791,CUST0011,2025-03-21 23:24:00,26.59,Restaurants,FR,Local cafe breakfast with friends on Sunday,0,43,2,5,0,0,0,0,0,0,0
TX000792,CUST0180,2025-03-21 00:44:00,57.17,Fuel,FR,Fuel station fill-up for weekend road trip,0,42,11,5,0,0,0,0,0,0,0
TX000793,CUST0106,2025-03-21 01:41:00,10.36,Travel,FR,Bus ticket fare for daily commute to work,0,41,14,5,0,0,0,0,0,0,0
TX000794,CUST0064,2025-03-21 02:09:00,10.23,Travel,FR,Bus ticket fare for daily commute to work,0,41,18,5,0,0,0,0,0,0,0
TX000795,CUST0175,2025-03-21 03:10:00,76.53,Online Services,FR,Monthly streaming service subscription payment,1,46,16,5,0,0,0,0,0,0,0
TX000796,CUST0191,2025-03-21 04:37:00,49.33,Groceries,FR,Weekly supermarket shop for household provisions,0,48,19,5,0,0,0,0,0,0,0
TX000797,CUST0131,2025-03-21 05:51:00,14.88,Subscription,FR,Monthly online streaming service subscription payment,0,53,9,5,0,0,0,0,0,0,0
TX000798,CUST0186,2025-03-21 06:15:00,58.75,Fuel,FR,Fuel station fill-up for weekend road trip,0,42,11,5,0,0,0,0,0,0,0
TX000799,CUST0182,2025-03-21 07:54:00,20.35,Restaurants,FR,Daily coffee shop purchase for morning break,0,44,11,5,0,0,0,0,0,0,0
TX000800,CUST0090,2025-03-22 08:19:00,139.38,Clothing,FR,New pair of running shoes from sports store,0,43,8,5,0,0,0,0,0,0,0
TX000801,CUST0104,2025-03-22 09:17:00,42.11,Groceries,FR,Weekly supermarket shop for household provisions,0,48,12,5,0,0,0,0,0,0,0
TX000802,CUST0082,2025-03-22 10:58:00,55.48,Fuel,FR,Fuel station fill-up for weekend road trip,0,42,13,5,0,0,0,0,0,0,0
TX000803,CUST0022,2025-03-22 11:31:00,687.2,Electronics,US,Unverified merchant charge for recurring phantom service,1,56,12,5,0,0,0,0,0,0,0
TX000804,CUST0117,2025-03-22 12:45:00,21.65,Restaurants,FR,Daily coffee shop purchase for morning break,0,44,12,5,0,0,0,0,0,0,0
TX000805,CUST0185,2025-03-22 13:45:00,11.23,Subscription,FR,Monthly online streaming service subscription payment,0,53,13,5,0,0,0,0,0,0,0
TX000806,CUST0026,2025-03-22 14:02:00,27.5,Restaurants,FR,Local cafe breakfast with friends on Sunday,0,43,13,5,0,0,0,0,0,0,0
TX000807,CUST0015,2025-03-22 15:19:00,26.68,Pharmacy,FR,Pharmacy prescription pickup for regular medication,0,51,6,5,0,0,0,0,0,0,0
TX000808,CUST0147,2025-03-22 16:52:00,47.92,Groceries,FR,Supermarket grocery store essentials for the week,0,49,7,5,0,0,0,0,0,0,0
TX000809,CUST0134,2025-03-22 17:45:00,44.06,Groceries,FR,Supermarket grocery store essentials for the week,0,49,11,5,0,0,0,0,0,0,0
TX000810,CUST0037,2025-03-23 18:22:00,140.23,Department Store,FR,Clothing store purchase for new winter jacket,0,45,16,5,0,0,0,0,0,0,0
TX000811,CUST0014,2025-03-23 19:35:00,124.93,International Transfer,US,Large amount foreign currency exchange without verification,1,59,15,5,0,0,0,0,0,0,0
TX000812,CUST0159,2025-03-23 20:45:00,33.72,Restaurants,FR,Local cafe breakfast with friends on Sunday,0,43,24,5,0,0,0,0,0,0,0
TX000813,CUST0117,2025-03-23 21:18:00,35.8,Groceries,FR,Supermarket grocery store essentials for the week,0,49,12,5,0,0,0,0,0,0,0
TX000814,CUST0008,2025-03-23 22:24:00,12.01,Subscription,FR,Monthly online streaming service subscription payment,0,53,14,5,0,0,0,0,0,0,0
TX000815,CUST0081,2025-03-23 23:49:00,23.36,Restaurants,FR,Daily coffee shop purchase for morning break,0,44,7,5,0,0,0,0,0,0,0
TX000816,CUST0033,2025-03-23 00:04:00,109.11,Department Store,FR,Clothing store purchase for new winter jacket,0,45,12,5,0,0,0,0,0,0,0
TX000817,CUST0133,2025-03-23 01:54:00,44.06,Groceries,FR,Weekly supermarket shop for household provisions,0,48,17,5,0,0,0,0,0,0,0
TX000818,CUST0016,2025-03-23 02:14:00,12.89,Subscription,FR,Monthly online streaming service subscription payment,0,53,7,5,0,0,0,0,0,0,0
TX000819,CUST0071,2025-03-23 03:20:00,35.53,Restaurants,FR,Local cafe breakfast with friends on Sunday,0,43,17,5,0,0,0,0,0,0,0
TX000820,CUST0175,2025-03-24 04:15:00,25.43,Pharmacy,FR,Pharmacy prescription pickup for regular medication,0,51,16,5,0,0,0,0,0,0,0
TX000821,CUST0094,2025-03-24 05:24:00,24.81,Pharmacy,FR,Pharmacy prescription pickup for regular medication,0,51,8,5,0,0,0,0,0,0,0
TX000822,CUST0072,2025-03-24 06:10:00,13.91,Subscription,FR,Monthly online streaming service subscription payment,0,53,8,5,0,0,0,0,0,0,0
TX000823,CUST0130,2025-03-24 07:39:00,4015.36,Cryptocurrency,GB,Crypto platform purchase of volatile assets,1,43,11,5,0,0,0,0,0,0,0
TX000824,CUST0156,2025-03-24 08:24:00,54.0,Fuel,FR,Fuel station fill-up for weekend road trip,0,42,13,5,0,0,0,0,0,0,0
TX000825,CUST0097,2025-03-24 09:30:00,138.64,Clothing,FR,New pair of running shoes from sports store,0,43,8,5,0,0,0,0,0,0,0
TX000826,CUST0050,2025-03-24 10:23:00,956.12,High-End Retail,MX,Urgent international wire transfer to unknown recipient,1,55,16,5,0,0,0,0,0,0,0
TX000827,CUST0069,2025-03-24 11:30:00,76.53,Online Services,FR,Internet service bill for home broadband connection,0,51,9,5,0,0,0,0,0,0,0
TX000828,CUST0096,2025-03-24 12:45:00,110.16,Clothing,FR,New pair of running shoes from sports store,0,43,13,5,0,0,0,0,0,0,0
TX000829,CUST0115,2025-03-24 13:15:00,26.59,Restaurants,FR,Local cafe breakfast with friends on Sunday,0,43,15,5,0,0,0,0,0,0,0
TX000830,CUST0191,2025-03-25 14:23:00,12.89,Subscription,FR,Monthly online streaming service subscription payment,0,53,19,5,0,0,0,0,0,0,0
TX000831,CUST0062,2025-03-25 15:31:00,30.73,Groceries,FR,Supermarket grocery store essentials for the week,0,49,16,5,0,0,0,0,0,0,0
TX000832,CUST0004,2025-03-25 16:39:00,21.03,Restaurants,FR,Daily coffee shop purchase for morning break,0,44,15,5,0,0,0,0,0,0,0
TX000833,CUST0032,2025-03-25 17:16:00,56.57,Fuel,FR,Fuel station fill-up for weekend road trip,0,42,20,5,0,0,0,0,0,0,0
TX000834,CUST0047,2025-03-25 18:12:00,40.09,Groceries,FR,Supermarket grocery store essentials for the week,0,49,14,5,0,0,0,0,0,0,0
TX000835,CUST0176,2025-03-25 19:56:00,298.54,Cryptocurrency,US,Crypto platform purchase of volatile assets,1,43,15,5,0,0,0,0,0,0,0
TX000836,CUST0075,2025-03-25 20:58:00,10.33,Travel,FR,Bus ticket fare for daily commute to work,0,41,15,5,0,0,0,0,0,0,0
TX000837,CUST0175,2025-03-25 21:35:00,11.55,Subscription,FR,Monthly online streaming service subscription payment,0,53,16,5,0,0,0,0,0,0,0
TX000838,CUST0123,2025-03-25 22:29:00,10.98,Travel,FR,Bus ticket fare for daily commute to work,0,41,18,5,0,0,0,0,0,0,0
TX000839,CUST0076,2025-03-25 23:06:00,139.38,Clothing,FR,New pair of running shoes from sports store,0,43,8,5,0,0,0,0,0,0,0
TX000840,CUST0149,2025-03-26 00:59:00,22.09,Pharmacy,FR,Pharmacy prescription pickup for regular medication,0,51,17,5,0,0,0,0,0,0,0
TX000841,CUST0166,2025-03-26 01:55:00,158.42,International Transfer,CN,Unauthorized software license activation for premium services,1,61,22,5,0,0,0,0,0,0,0
TX000842,CUST0138,2025-03-26 02:05:00,105.77,Subscription,FR,Monthly online streaming service subscription payment,0,53,7,5,0,0,0,0,0,0,0
TX000800,CUST0164,2025-03-22 08:43:00,10.38,Restaurants,FR,local restaurant lunch with colleagues today,0,44,17,5,0,0,0,0,0,0,0
TX000801,CUST0190,2025-03-22 09:19:00,12.02,Transport,FR,public transport fare for daily commute journey,0,47,12,5,0,0,0,0,0,0,0
TX000802,CUST0088,2025-03-22 10:43:00,79.59,Online Retail,FR,online book order from favorite author's latest release,0,55,11,5,0,0,0,0,0,0,0
TX000803,CUST0048,2025-03-22 11:05:00,11.08,Coffee Shop,FR,coffee shop morning beverage and croissant purchase,0,51,9,5,0,0,0,0,0,0,0
TX000804,CUST0111,2025-03-22 12:26:00,110.42,Clothing,FR,clothing store purchase for new season wardrobe update,0,54,10,5,0,0,0,0,0,0,0
TX000805,CUST0059,2025-03-22 13:56:00,56.41,Utilities,FR,mobile phone bill payment for monthly service usage,0,51,9,5,0,0,0,0,0,0,0
TX000806,CUST0062,2025-03-22 14:24:00,6.78,Coffee Shop,FR,coffee shop morning beverage and croissant purchase,0,51,16,5,0,0,0,0,0,0,0
TX000807,CUST0122,2025-03-22 15:04:00,39.52,Entertainment,FR,online game subscription renewal for entertainment fun,0,54,17,5,0,0,0,0,0,0,0
TX000808,CUST0045,2025-03-22 16:02:00,26.54,Gas Station,FR,gas station fill-up for daily commute to work,0,45,18,5,0,0,0,0,0,0,0
TX000809,CUST0035,2025-03-22 17:12:00,20.47,Restaurants,FR,local restaurant lunch with colleagues today,0,44,11,5,0,0,0,0,0,0,0
TX000810,CUST0075,2025-03-23 18:30:00,83.3,Online Retail,FR,online book order from favorite author's latest release,0,55,15,5,0,0,0,0,0,0,0
TX000811,CUST0199,2025-03-23 19:12:00,10.22,Coffee Shop,FR,coffee shop morning beverage and croissant purchase,0,51,15,5,0,0,0,0,0,0,0
TX000812,CUST0150,2025-03-23 20:25:00,54.12,Groceries,FR,weekly grocery shopping trip at local supermarket,0,49,16,5,0,0,0,0,0,0,0
TX000813,CUST0165,2025-03-23 21:37:00,12.06,Pharmacy,FR,pharmacy prescription pick-up for essential medication,0,54,9,5,0,0,0,0,0,0,0
TX000814,CUST0167,2025-03-23 22:27:00,28.18,Gas Station,FR,gas station fill-up for daily commute to work,0,45,11,5,0,0,0,0,0,0,0
TX000815,CUST0126,2025-03-23 23:05:00,78.41,Online Retail,FR,online book order from favorite author's latest release,0,55,18,5,0,0,0,0,0,0,0
TX000816,CUST0121,2025-03-23 00:58:00,16.92,Coffee Shop,FR,coffee shop morning beverage and croissant purchase,0,51,17,5,0,0,0,0,0,0,0
TX000817,CUST0139,2025-03-23 01:41:00,90.1,Online Retail,FR,online book order from favorite author's latest release,0,55,12,5,0,0,0,0,0,0,0
TX000818,CUST0018,2025-03-23 02:57:00,7.42,Coffee Shop,FR,coffee shop morning beverage and croissant purchase,0,51,15,5,0,0,0,0,0,0,0
TX000819,CUST0189,2025-03-23 03:15:00,11.2,Transport,FR,public transport fare for daily commute journey,0,47,12,5,0,0,0,0,0,0,0
TX000820,CUST0082,2025-03-24 04:11:00,11.33,Coffee Shop,FR,coffee shop morning beverage and croissant purchase,0,51,13,5,0,0,0,0,0,0,0
TX000821,CUST0019,2025-03-24 05:43:00,54.43,Groceries,FR,weekly grocery shopping trip at local supermarket,0,49,14,5,0,0,0,0,0,0,0
TX000822,CUST0077,2025-03-24 06:26:00,35.13,Entertainment,FR,monthly streaming subscription for entertainment services,0,57,12,5,0,0,0,0,0,0,0
TX000823,CUST0050,2025-03-24 07:46:00,51.64,Services,FR,internet service payment for home broadband connection,0,54,16,5,0,0,0,0,0,0,0
TX000824,CUST0046,2025-03-24 08:33:00,57.19,Groceries,FR,weekly grocery shopping trip at local supermarket,0,49,18,5,0,0,0,0,0,0,0
TX000825,CUST0166,2025-03-24 09:04:00,12.35,Coffee Shop,FR,coffee shop morning beverage and croissant purchase,0,51,22,5,0,0,0,0,0,0,0
TX000826,CUST0122,2025-03-24 10:45:00,45.45,Groceries,FR,weekly grocery shopping trip at local supermarket,0,49,17,5,0,0,0,0,0,0,0
TX000827,CUST0020,2025-03-24 11:32:00,24.28,Restaurants,FR,local restaurant lunch with colleagues today,0,44,18,5,0,0,0,0,0,0,0
TX000828,CUST0040,2025-03-24 12:30:00,13.92,Pharmacy,FR,pharmacy prescription pick-up for essential medication,0,54,14,5,0,0,0,0,0,0,0
TX000829,CUST0164,2025-03-24 13:03:00,9.47,Coffee Shop,FR,coffee shop morning beverage and croissant purchase,0,51,17,5,0,0,0,0,0,0,0
TX000830,CUST0125,2025-03-25 14:12:00,47.98,Groceries,FR,weekly grocery shopping trip at local supermarket,0,49,17,5,0,0,0,0,0,0,0
TX000831,CUST0117,2025-03-25 15:44:00,16.51,Restaurants,FR,local restaurant lunch with colleagues today,0,44,12,5,0,0,0,0,0,0,0
TX000832,CUST0196,2025-03-25 16:18:00,37.04,Entertainment,FR,monthly streaming subscription for entertainment services,0,57,15,5,0,0,0,0,0,0,0
TX000833,CUST0084,2025-03-25 17:15:00,26.31,Gas Station,FR,gas station fill-up for daily commute to work,0,45,18,5,0,0,0,0,0,0,0
TX000834,CUST0003,2025-03-25 18:47:00,20.89,Health & Wellness,FR,gym membership fee for regular fitness workouts,0,47,10,5,0,0,0,0,0,0,0
TX000835,CUST0124,2025-03-25 19:34:00,9.9,Coffee Shop,FR,coffee shop morning beverage and croissant purchase,0,51,13,5,0,0,0,0,0,0,0
TX000836,CUST0143,2025-03-25 20:32:00,41.69,Groceries,FR,weekly grocery shopping trip at local supermarket,0,49,15,5,0,0,0,0,0,0,0
TX000837,CUST0170,2025-03-25 21:44:00,10.63,Transport,FR,public transport fare for daily commute journey,0,47,16,5,0,0,0,0,0,0,0
TX000838,CUST0032,2025-03-25 22:52:00,6.8,Coffee Shop,FR,coffee shop morning beverage and croissant purchase,0,51,20,5,0,0,0,0,0,0,0
TX000839,CUST0091,2025-03-25 23:31:00,8.04,Restaurants,FR,local restaurant lunch with colleagues today,0,44,14,5,0,0,0,0,0,0,0
TX000840,CUST0066,2025-03-26 00:00:00,76.77,Online Retail,FR,online book order from favorite author's latest release,0,55,18,5,0,0,0,0,0,0,0
TX000841,CUST0071,2025-03-26 01:43:00,14.53,Pharmacy,FR,pharmacy prescription pick-up for essential medication,0,54,17,5,0,0,0,0,0,0,0
TX000842,CUST0037,2025-03-26 02:44:00,54.34,Utilities,FR,mobile phone bill payment for monthly service usage,0,51,16,5,0,0,0,0,0,0,0
TX000843,CUST0180,2025-03-26 03:50:00,5.92,Coffee Shop,FR,coffee shop morning beverage and croissant purchase,0,51,11,5,0,0,0,0,0,0,0
TX000844,CUST0053,2025-03-26 04:08:00,35.84,Entertainment,FR,monthly streaming subscription for entertainment services,0,57,22,5,0,0,0,0,0,0,0
TX000845,CUST0115,2025-03-26 05:54:00,10.51,Transport,FR,public transport fare for daily commute journey,0,47,15,5,0,0,0,0,0,0,0
TX000846,CUST0068,2025-03-26 06:20:00,78.53,Online Retail,FR,online book order from favorite author's latest release,0,55,17,5,0,0,0,0,0,0,0
TX000847,CUST0025,2025-03-26 07:42:00,12.18,Pharmacy,FR,pharmacy prescription pick-up for essential medication,0,54,16,5,0,0,0,0,0,0,0
TX000848,CUST0182,2025-03-26 08:08:00,48.24,Groceries,FR,weekly grocery shopping trip at local supermarket,0,49,11,5,0,0,0,0,0,0,0
TX000849,CUST0137,2025-03-26 09:26:00,37.89,Entertainment,FR,monthly streaming subscription for entertainment services,0,57,20,5,0,0,0,0,0,0,0
TX000850,CUST0139,2025-03-27 10:44:00,10.42,Coffee Shop,FR,coffee shop morning beverage and croissant purchase,0,51,12,5,0,0,0,0,0,0,0
TX000851,CUST0035,2025-03-27 11:16:00,26.85,Gas Station,FR,gas station fill-up for daily commute to work,0,45,11,5,0,0,0,0,0,0,0
TX000852,CUST0169,2025-03-27 12:38:00,110.15,Clothing,FR,clothing store purchase for new season wardrobe update,0,54,9,5,0,0,0,0,0,0,0
TX000853,CUST0181,2025-03-27 13:54:00,6.85,Restaurants,FR,local restaurant lunch with colleagues today,0,44,10,5,0,0,0,0,0,0,0
TX000854,CUST0159,2025-03-27 14:01:00,52.48,Services,FR,internet service payment for home broadband connection,0,54,24,5,0,0,0,0,0,0,0
TX000855,CUST0084,2025-03-27 15:15:00,15.01,Pharmacy,FR,pharmacy prescription pick-up for essential medication,0,54,18,5,0,0,0,0,0,0,0
TX000856,CUST0158,2025-03-27 16:44:00,88.08,Online Retail,FR,online book order from favorite author's latest release,0,55,19,5,0,0,0,0,0,0,0
TX000857,CUST0046,2025-03-27 17:54:00,7.07,Coffee Shop,FR,coffee shop morning beverage and croissant purchase,0,51,18,5,0,0,0,0,0,0,0
TX000858,CUST0088,2025-03-27 18:15:00,47.9,Groceries,FR,weekly grocery shopping trip at local supermarket,0,49,11,5,0,0,0,0,0,0,0
TX000859,CUST0012,2025-03-27 19:54:00,35.5,Entertainment,FR,monthly streaming subscription for entertainment services,0,57,15,5,0,0,0,0,0,0,0
TX000860,CUST0120,2025-03-28 20:31:00,11.23,Transport,FR,public transport fare for daily commute journey,0,47,13,5,0,0,0,0,0,0,0
TX000861,CUST0017,2025-03-28 21:23:00,52.17,Groceries,FR,weekly grocery shopping trip at local supermarket,0,49,20,5,0,0,0,0,0,0,0
TX000862,CUST0167,2025-03-28 22:28:00,15.93,Restaurants,FR,local restaurant lunch with colleagues today,0,44,11,5,0,0,0,0,0,0,0
TX000863,CUST0028,2025-03-28 23:07:00,57.08,Utilities,FR,mobile phone bill payment for monthly service usage,0,51,10,5,0,0,0,0,0,0,0
TX000864,CUST0196,2025-03-28 00:15:00,27.53,Gas Station,FR,gas station fill-up for daily commute to work,0,45,15,5,0,0,0,0,0,0,0
TX000865,CUST0014,2025-03-28 01:26:00,12.0,Coffee Shop,FR,coffee shop morning beverage and croissant purchase,0,51,15,5,0,0,0,0,0,0,0
TX000866,CUST0169,2025-03-28 02:34:00,82.26,Online Retail,FR,online book order from favorite author's latest release,0,55,9,5,0,0,0,0,0,0,0
TX000867,CUST0084,2025-03-28 03:31:00,14.12,Pharmacy,FR,pharmacy prescription pick-up for essential medication,0,54,18,5,0,0,0,0,0,0,0
TX000868,CUST0054,2025-03-28 04:41:00,29.54,Gas Station,FR,gas station fill-up for daily commute to work,0,45,17,5,0,0,0,0,0,0,0
TX000869,CUST0108,2025-03-28 05:22:00,5.43,Coffee Shop,FR,coffee shop morning beverage and croissant purchase,0,51,16,5,0,0,0,0,0,0,0
TX000870,CUST0079,2025-03-29 06:22:00,43.14,Groceries,FR,weekly grocery shopping trip at local supermarket,0,49,12,5,0,0,0,0,0,0,0
TX000871,CUST0192,2025-03-29 07:48:00,12.01,Transport,FR,public transport fare for daily commute journey,0,47,16,5,0,0,0,0,0,0,0
TX000872,CUST0171,2025-03-29 08:02:00,55.44,Utilities,FR,mobile phone bill payment for monthly service usage,0,51,11,5,0,0,0,0,0,0,0
TX000873,CUST0096,2025-03-29 09:58:00,13.92,Pharmacy,FR,pharmacy prescription pick-up for essential medication,0,54,13,5,0,0,0,0,0,0,0
TX000874,CUST0030,2025-03-29 10:24:00,16.73,Restaurants,FR,local restaurant lunch with colleagues today,0,44,12,5,0,0,0,0,0,0,0
TX000875,CUST0055,2025-03-29 11:33:00,12.27,Coffee Shop,FR,coffee shop morning beverage and croissant purchase,0,51,9,5,0,0,0,0,0,0,0
TX000876,CUST0145,2025-03-29 12:27:00,58.74,Groceries,FR,weekly grocery shopping trip at local supermarket,0,49,12,5,0,0,0,0,0,0,0
TX000877,CUST0116,2025-03-29 13:45:00,11.19,Transport,FR,public transport fare for daily commute journey,0,47,16,5,0,0,0,0,0,0,0
TX000878,CUST0087,2025-03-29 14:50:00,38.64,Health & Wellness,FR,gym membership fee for regular fitness workouts,0,47,13,5,0,0,0,0,0,0,0
TX000879,CUST0023,2025-03-29 15:14:00,45.45,Online Retail,FR,online game subscription renewal for entertainment fun,0,54,19,5,0,0,0,0,0,0,0
TX000880,CUST0090,2025-03-30 16:09:00,9.94,Coffee Shop,FR,coffee shop morning beverage and croissant purchase,0,51,8,5,0,0,0,0,0,0,0
TX000881,CUST0007,2025-03-30 17:20:00,88.58,Clothing,FR,clothing store purchase for new season wardrobe update,0,54,11,5,0,0,0,0,0,0,0
TX000882,CUST0156,2025-03-30 18:26:00,26.68,Gas Station,FR,gas station fill-up for daily commute to work,0,45,13,5,0,0,0,0,0,0,0
TX000883,CUST0047,2025-03-30 19:06:00,10.95,Coffee Shop,FR,coffee shop morning beverage and croissant purchase,0,51,14,5,0,0,0,0,0,0,0
TX000884,CUST0109,2025-03-30 20:07:00,49.33,Groceries,FR,weekly grocery shopping trip at local supermarket,0,49,11,5,0,0,0,0,0,0,0
TX000885,CUST0170,2025-03-30 21:09:00,89.26,Online Retail,FR,online book order from favorite author's latest release,0,55,16,10,0,0,0,0,0,0,0
TX000886,CUST0186,2025-03-30 22:53:00,36.19,Entertainment,FR,monthly streaming subscription for entertainment services,0,57,11,10,0,0,0,1,0,0,1
TX000887,CUST0048,2025-03-30 23:46:00,14.15,Pharmacy,FR,pharmacy prescription pick-up for essential medication,0,54,9,10,0,0,0,0,0,0,0
TX000888,CUST0199,2025-03-30 00:39:00,17.51,Restaurants,FR,local restaurant lunch with colleagues today,0,44,15,10,0,0,0,0,0,0,0
TX000889,CUST0122,2025-03-30 01:58:00,57.06,Utilities,FR,mobile phone bill payment for monthly service usage,0,51,17,10,0,0,0,1,0,0,0
TX000890,CUST0064,2025-03-31 02:17:00,32.74,Gas Station,FR,gas station fill-up for daily commute to work,0,45,18,10,0,0,0,0,0,0,0
TX000891,CUST0087,2025-03-31 03:25:00,10.99,Coffee Shop,FR,coffee shop morning beverage and croissant purchase,0,51,13,10,0,0,0,0,0,0,0
TX000892,CUST0039,2025-03-31 04:48:00,54.12,Groceries,FR,weekly grocery shopping trip at local supermarket,0,49,13,10,0,0,0,0,0,0,0
TX000893,CUST0034,2025-03-31 05:35:00,100.91,Clothing,FR,clothing store purchase for new season wardrobe update,0,54,12,10,0,0,0,0,0,0,0
TX000894,CUST0142,2025-03-31 06:37:00,11.6,Transport,FR,public transport fare for daily commute journey,0,47,15,10,0,0,0,0,0,0,0
TX000895,CUST0166,2025-03-31 07:03:00,42.16,Entertainment,FR,monthly streaming subscription for entertainment services,0,57,22,10,0,0,0,1,0,0,1
TX000896,CUST0175,2025-03-31 08:47:00,54.88,Services,FR,internet service payment for home broadband connection,0,54,16,10,0,0,0,0,0,0,0
TX000897,CUST0158,2025-03-31 09:01:00,1698.81,International Services,US,unusual international payment for goods not yet shipped,1,55,19,10,1,0,0,0,0,0,0
TX000898,CUST0171,2025-03-31 10:37:00,14.49,Pharmacy,FR,pharmacy prescription pick-up for essential medication,0,54,11,10,0,0,0,0,0,0,0
TX000899,CUST0102,2025-03-31 11:04:00,8.0,Coffee Shop,FR,coffee shop morning beverage and croissant purchase,0,51,16,10,0,0,0,0,0,0,0
TX000900,CUST0139,2025-04-01 12:00:00,17.06,Restaurants,FR,local restaurant lunch with colleagues today,0,44,12,10,0,0,0,0,0,0,0
TX000901,CUST0175,2025-04-01 13:34:00,10.77,Coffee Shop,FR,coffee shop morning beverage and croissant purchase,0,51,16,10,0,0,0,0,0,0,0
TX000902,CUST0192,2025-04-01 14:43:00,87.23,Online Retail,FR,online book order from favorite author's latest release,0,55,16,10,0,0,0,0,0,0,0
TX000903,CUST0031,2025-04-01 15:55:00,315.65,Online Retail,FR,basic digital service charge appears fraudulent,1,47,12,9,0,0,0,0,0,0,1
TX000904,CUST0133,2025-04-01 16:49:00,10.51,Transport,FR,public transport fare for daily commute journey,0,47,17,10,0,0,0,0,0,0,0
TX000905,CUST0081,2025-04-01 17:37:00,45.42,Groceries,FR,weekly grocery shopping trip at local supermarket,0,49,7,10,0,0,0,0,0,0,0
TX000906,CUST0193,2025-04-01 18:22:00,19.34,Restaurants,FR,local restaurant lunch with colleagues today,0,44,12,10,0,0,0,0,0,0,0
TX000907,CUST0059,2025-04-01 19:39:00,35.89,Entertainment,FR,monthly streaming subscription for entertainment services,0,57,9,10,0,0,0,1,0,0,1
TX000908,CUST0093,2025-04-01 20:42:00,40.54,Health & Wellness,FR,gym membership fee for regular fitness workouts,0,47,9,10,0,0,0,1,0,0,0
TX000909,CUST0119,2025-04-01 21:56:00,944.57,Home Improvement,FR,major home appliance delivery for kitchen renovation project,0,60,14,9,0,0,0,0,0,0,0
TX000910,CUST0126,2025-04-02 22:18:00,6231.29,Luxury Goods,GB,expensive jewelry acquisition made remotely from another country,1,64,18,10,0,0,0,0,0,0,0
TX000911,CUST0113,2025-04-02 23:00:00,27.69,Gas Station,FR,gas station fill-up for daily commute to work,0,45,8,10,0,0,0,0,0,0,0
TX000912,CUST0199,2025-04-02 00:36:00,105.15,Online Retail,US,small online game subscription paid unexpectedly,1,48,15,9,0,0,0,1,0,0,1
TX000913,CUST0163,2025-04-02 01:58:00,1923.63,Travel,GB,overseas travel package booking paid with stolen credit card details,1,68,10,10,1,0,0,0,0,0,0
TX000914,CUST0001,2025-04-02 02:37:00,43.83,Groceries,FR,weekly grocery shopping trip at local supermarket,0,49,14,10,0,0,0,0,0,0,0
TX000915,CUST0066,2025-04-02 03:56:00,456.76,Travel,DE,family vacation flight tickets booked for summer holidays,0,57,18,10,0,0,0,0,0,0,0
TX000916,CUST0023,2025-04-02 04:10:00,54.38,Utilities,FR,mobile phone bill payment for monthly service usage,0,51,19,10,0,0,0,1,0,0,0
TX000917,CUST0071,2025-04-02 05:28:00,16.59,Restaurants,FR,local restaurant lunch with colleagues today,0,44,17,10,0,0,0,0,0,0,0
TX000918,CUST0192,2025-04-02 06:23:00,3105.62,Electronics,CN,unauthorized high-value electronics purchase processed without card,1,67,16,10,1,0,0,0,0,0,0
TX000919,CUST0105,2025-04-02 07:29:00,28.52,Gas Station,FR,gas station fill-up for daily commute to work,0,45,11,10,0,0,0,0,0,0,0
TX000920,CUST0070,2025-04-03 08:08:00,11.23,Coffee Shop,FR,coffee shop morning beverage and croissant purchase,0,51,9,10,0,0,0,0,0,0,0
TX000921,CUST0004,2025-04-03 09:02:00,1368.59,Cryptocurrency Exchange,JP,anonymous digital asset transfer to an untraceable wallet address,1,65,15,10,1,0,1,0,0,0,1
TX000922,CUST0116,2025-04-03 10:29:00,76.53,Online Retail,FR,small purchase for online streaming access,1,42,16,9,0,0,0,0,0,0,1
TX000923,CUST0154,2025-04-03 11:15:00,10.37,Coffee Shop,FR,coffee shop morning beverage and croissant purchase,0,51,8,10,0,0,0,0,0,0,0
TX000924,CUST0050,2025-04-03 12:20:00,55.67,Services,FR,internet service payment for home broadband connection,0,54,16,10,0,0,0,0,0,0,0
TX000925,CUST0180,2025-04-03 13:00:00,49.69,Groceries,FR,weekly grocery shopping trip at local supermarket,0,49,11,10,0,0,0,0,0,0,0
TX000926,CUST0061,2025-04-03 14:32:00,37.94,Entertainment,FR,monthly streaming subscription for entertainment services,0,57,16,10,0,0,0,1,0,0,1
TX000927,CUST0101,2025-04-03 15:58:00,85.34,Clothing,FR,clothing store purchase for new season wardrobe update,0,54,13,10,0,0,0,0,0,0,0
TX000928,CUST0004,2025-04-03 16:08:00,14.3,Pharmacy,FR,pharmacy prescription pick-up for essential medication,0,54,15,10,0,0,0,0,0,0,0
TX000900,CUST0068,2025-04-01 12:36:00,76.22,Restaurants,DE,local restaurant dinner with friends,0,36,17,10,0,0,0,0,0,0,0
TX000901,CUST0131,2025-04-01 13:19:00,18.59,Fuel,DE,car fuel station fill-up,0,24,9,10,0,0,0,0,0,0,0
TX000902,CUST0033,2025-04-01 14:15:00,102.34,Online Retail,DE,online book store order delivery,0,32,12,10,0,0,0,0,0,0,0
TX000903,CUST0047,2025-04-01 15:31:00,1269.83,Luxury Goods,US,luxury watch order online store,1,31,14,10,0,0,0,0,0,0,0
TX000904,CUST0043,2025-04-01 16:05:00,63.85,Groceries,DE,supermarket weekly grocery shopping,0,35,16,10,0,0,0,0,0,0,0
TX000905,CUST0014,2025-04-01 17:44:00,45.71,Restaurants,DE,fast food lunch meal,0,20,15,10,0,0,0,0,0,0,0
TX000906,CUST0032,2025-04-01 18:38:00,35.99,Subscription Service,DE,monthly streaming subscription payment,0,38,20,10,0,0,0,1,0,0,1
TX000907,CUST0131,2025-04-01 19:13:00,8.5,Restaurants,DE,morning coffee shop purchase,0,28,9,9,0,0,0,0,0,0,0
TX000908,CUST0136,2025-04-01 20:36:00,9.99,Subscription Service,DE,app store game purchase,0,23,15,8,0,0,0,0,0,0,1
TX000909,CUST0089,2025-04-01 21:04:00,12.0,Services,DE,public transport ticket purchase,0,32,18,9,0,0,0,0,0,0,0
TX000910,CUST0177,2025-04-02 22:29:00,25.5,Health & Fitness,DE,gym membership monthly fee,0,26,18,10,0,0,0,1,0,0,0
TX000911,CUST0062,2025-04-02 23:45:00,34.0,Restaurants,DE,bakery fresh bread,0,18,16,9,0,0,0,0,0,0,0
TX000912,CUST0194,2025-04-02 00:41:00,55.77,Groceries,DE,supermarket weekly grocery shopping,0,35,14,10,0,0,0,0,0,0,0
TX000913,CUST0132,2025-04-02 01:37:00,12.33,Restaurants,DE,morning coffee shop purchase,0,28,16,9,0,0,0,0,0,0,0
TX000914,CUST0128,2025-04-02 02:56:00,49.99,Services,DE,haircut salon appointment,0,25,23,10,0,0,0,0,0,0,0
TX000915,CUST0010,2025-04-02 03:32:00,79.8,Online Retail,DE,online book store order delivery,0,32,9,10,0,0,0,0,0,0,0
TX000916,CUST0054,2025-04-02 04:10:00,12.0,Services,DE,taxi ride downtown,0,18,17,10,0,0,0,0,0,0,0
TX000917,CUST0172,2025-04-02 05:37:00,59.99,Health & Fitness,DE,gym membership monthly fee,0,26,10,10,0,0,0,1,0,0,0
TX000918,CUST0197,2025-04-02 06:31:00,120.3,Clothing,DE,new clothing store purchase,0,27,7,10,0,0,0,0,0,0,0
TX000919,CUST0036,2025-04-02 07:13:00,15.6,Restaurants,DE,fast food lunch meal,0,20,14,10,0,0,0,0,0,0,0
TX000920,CUST0030,2025-04-03 08:18:00,3.4,Restaurants,DE,morning coffee shop purchase,0,28,12,9,0,0,0,0,0,0,0
TX000921,CUST0195,2025-04-03 09:27:00,230.98,Travel,FR,hotel booking abroad,0,20,11,10,0,0,0,0,0,0,0
TX000922,CUST0057,2025-04-03 10:02:00,35.99,Subscription Service,DE,monthly streaming subscription payment,0,38,15,10,0,0,0,1,0,0,1
TX000923,CUST0161,2025-04-03 11:36:00,7.8,Restaurants,DE,morning coffee shop purchase,0,28,14,9,0,0,0,0,0,0,0
TX000924,CUST0081,2025-04-03 12:40:00,1599.99,Electronics,DE,expensive smart TV purchase,1,27,7,10,0,0,0,0,0,0,0
TX000925,CUST0044,2025-04-03 13:58:00,4.5,Restaurants,DE,morning coffee shop purchase,0,28,16,9,0,0,0,0,0,0,0
TX000926,CUST0168,2025-04-03 14:03:00,8.99,Apparel,DE,app store game purchase,0,23,17,1,0,0,0,0,0,0,1
TX000927,CUST0197,2025-04-03 15:24:00,6.75,Restaurants,DE,morning coffee shop purchase,0,28,7,9,0,0,0,0,0,0,0
TX000928,CUST0161,2025-04-03 16:12:00,12.0,Services,DE,public transport ticket purchase,0,32,14,9,0,0,0,0,0,0,0
TX000929,CUST0077,2025-04-03 17:19:00,15.75,Restaurants,DE,fast food lunch meal,0,20,12,10,0,0,0,0,0,0,0
TX000930,CUST0013,2025-04-04 18:52:00,68.21,Groceries,DE,supermarket weekly grocery shopping,0,35,16,10,0,0,0,0,0,0,0
TX000931,CUST0110,2025-04-04 19:21:00,14.5,Restaurants,DE,movie theater tickets for show,0,30,13,3,0,0,0,0,0,0,0
TX000932,CUST0172,2025-04-04 20:56:00,35.99,Subscription Service,DE,monthly streaming subscription payment,0,38,10,10,0,0,0,1,0,0,1
TX000933,CUST0168,2025-04-04 21:51:00,7.0,Restaurants,DE,morning coffee shop purchase,0,28,17,9,0,0,0,0,0,0,0
TX000934,CUST0047,2025-04-04 22:08:00,45.0,Services,DE,dry cleaning service pickup,0,27,14,10,0,0,0,0,0,0,0
TX000935,CUST0148,2025-04-04 23:19:00,14.99,Pet Supplies,DE,pet food supply refill,0,22,13,10,0,0,0,0,0,0,0
TX000936,CUST0103,2025-04-04 00:56:00,7.5,Restaurants,DE,morning coffee shop purchase,0,28,14,9,0,0,0,0,0,0,0
TX000937,CUST0186,2025-04-04 01:11:00,9.99,Apparel,DE,app store game purchase,0,23,11,1,0,0,0,0,0,0,1
TX000938,CUST0110,2025-04-04 02:41:00,55.0,Services,DE,haircut salon appointment,0,25,13,10,0,0,0,0,0,0,0
TX000939,CUST0158,2025-04-04 03:24:00,85.34,Groceries,DE,supermarket weekly grocery shopping,0,35,19,10,0,0,0,0,0,0,0
TX000940,CUST0053,2025-04-05 04:08:00,10.99,Services,DE,public transport ticket purchase,0,32,22,9,0,0,0,0,0,0,0
TX000941,CUST0171,2025-04-05 05:52:00,10.5,Restaurants,DE,morning coffee shop purchase,0,28,11,9,0,0,0,0,0,0,0
TX000942,CUST0145,2025-04-05 06:10:00,35.99,Subscription Service,DE,monthly streaming subscription payment,0,38,12,10,0,0,0,1,0,0,1
TX000943,CUST0176,2025-04-05 07:58:00,110.45,Electronics,DE,software license annual renewal,0,31,15,7,0,0,0,0,0,0,1
TX000944,CUST0052,2025-04-05 08:47:00,13.5,Restaurants,DE,morning coffee shop purchase,0,28,11,9,0,0,0,0,0,0,0
TX000945,CUST0098,2025-04-05 09:35:00,25.0,Health & Fitness,DE,gym membership monthly fee,0,26,15,10,0,0,0,1,0,0,0
TX000946,CUST0150,2025-04-05 10:07:00,29.99,Services,DE,barbershop trim,0,15,16,10,0,0,0,0,0,0,0
TX000947,CUST0152,2025-04-05 11:17:00,6.8,Restaurants,DE,morning coffee shop purchase,0,28,15,9,0,0,0,0,0,0,0
TX000948,CUST0154,2025-04-05 12:02:00,18.0,Restaurants,DE,movie theater tickets for show,0,30,8,3,0,0,0,0,0,0,0
TX000949,CUST0127,2025-04-05 13:56:00,7.2,Restaurants,DE,morning coffee shop purchase,0,28,14,9,0,0,0,0,0,0,0
TX000950,CUST0061,2025-04-06 14:36:00,10.0,Services,DE,public transport ticket purchase,0,32,16,9,0,0,0,0,0,0,0
TX000951,CUST0068,2025-04-06 15:18:00,12.0,Services,DE,taxi ride downtown,0,18,17,10,0,0,0,0,0,0,0
TX000952,CUST0167,2025-04-06 16:24:00,11.5,Restaurants,DE,morning coffee shop purchase,0,28,11,9,0,0,0,0,0,0,0
TX000953,CUST0157,2025-04-06 17:37:00,85.99,Groceries,DE,groceries delivery service (fraudulent account),1,47,12,10,0,0,0,0,0,0,0
TX000954,CUST0098,2025-04-06 18:55:00,35.99,Subscription Service,DE,monthly streaming subscription payment,0,38,15,10,0,0,0,1,0,0,1
TX000955,CUST0021,2025-04-06 19:04:00,5.99,Apparel,DE,app store game purchase,0,23,18,1,0,0,0,0,0,0,1
TX000956,CUST0074,2025-04-06 20:36:00,50.0,Health & Fitness,DE,gym membership monthly fee,0,26,11,10,0,0,0,1,0,0,0
TX000957,CUST0024,2025-04-06 21:20:00,16.5,Restaurants,DE,fast food lunch meal,0,20,15,10,0,0,0,0,0,0,0
TX000958,CUST0024,2025-04-06 22:23:00,3.75,Restaurants,DE,morning coffee shop purchase,0,28,15,9,0,0,0,0,0,0,0
TX000959,CUST0088,2025-04-06 23:51:00,12.0,Services,DE,taxi ride downtown,0,18,11,10,0,0,0,0,0,0,0
TX000960,CUST0027,2025-04-07 00:32:00,22.0,Restaurants,DE,park picnic supplies,0,20,11,5,0,0,0,0,0,0,0
TX000961,CUST0136,2025-04-07 01:31:00,12.99,Pet Supplies,DE,pet food supply refill,0,22,15,10,0,0,0,0,0,0,0
TX000962,CUST0061,2025-04-07 02:31:00,12.0,Services,DE,public transport ticket purchase,0,32,16,9,0,0,0,0,0,0,0
TX000963,CUST0065,2025-04-07 03:28:00,35.99,Subscription Service,DE,monthly streaming subscription payment,0,38,15,10,0,0,0,1,0,0,1
TX000964,CUST0023,2025-04-07 04:32:00,14.5,Restaurants,DE,movie theater tickets for show,0,30,19,3,0,0,0,0,0,0,0
TX000965,CUST0108,2025-04-07 05:44:00,6.99,Restaurants,DE,morning coffee shop purchase,0,28,16,9,0,0,0,0,0,0,0
TX000966,CUST0063,2025-04-07 06:38:00,75.0,Clothing,DE,new clothing store purchase,0,27,9,10,0,0,0,0,0,0,0
TX000967,CUST0128,2025-04-07 07:03:00,25.0,Health & Fitness,DE,gym membership monthly fee,0,26,23,10,0,0,0,1,0,0,0
TX000968,CUST0046,2025-04-07 08:37:00,12.5,Restaurants,DE,morning coffee shop purchase,0,28,18,9,0,0,0,0,0,0,0
TX000969,CUST0031,2025-04-07 09:05:00,8.0,Restaurants,DE,morning coffee shop purchase,0,28,12,9,0,0,0,0,0,0,0
TX000970,CUST0176,2025-04-08 10:16:00,130.0,Utilities,DE,monthly electricity bill payment,0,32,15,10,0,0,0,0,0,0,0
TX000971,CUST0123,2025-04-08 11:09:00,887.5,Online Services,MX,suspicious online payment for services,1,38,18,10,1,0,0,0,0,0,0
TX000972,CUST0085,2025-04-08 12:01:00,13.99,Pet Supplies,DE,pet food supply refill,0,22,8,10,0,0,0,0,0,0,0
TX000973,CUST0156,2025-04-08 13:19:00,14.0,Restaurants,DE,movie theater tickets for show,0,30,13,3,0,0,0,0,0,0,0
TX000974,CUST0056,2025-04-08 14:02:00,4.5,Restaurants,DE,morning coffee shop purchase,0,28,10,9,0,0,0,0,0,0,0
TX000975,CUST0126,2025-04-08 15:18:00,35.99,Subscription Service,DE,monthly streaming subscription payment,0,38,18,10,0,0,0,1,0,0,1
TX000976,CUST0001,2025-04-08 16:31:00,8.5,Restaurants,DE,morning coffee shop purchase,0,28,14,9,0,0,0,0,0,0,0
TX000977,CUST0054,2025-04-08 17:12:00,12.0,Services,DE,public transport ticket purchase,0,32,17,9,0,0,0,0,0,0,0
TX000978,CUST0036,2025-04-08 18:19:00,20.0,Art Supplies,DE,art supply store visit,0,22,14,10,0,0,0,0,0,0,0
TX000979,CUST0044,2025-04-08 19:50:00,11.5,Restaurants,DE,morning coffee shop purchase,0,28,16,9,0,0,0,0,0,0,0
TX000980,CUST0106,2025-04-09 20:27:00,35.99,Subscription Service,DE,monthly streaming subscription payment,0,38,14,10,0,0,0,1,0,0,1
TX000981,CUST0097,2025-04-09 21:13:00,45.0,Services,DE,haircut salon appointment,0,25,8,10,0,0,0,0,0,0,0
TX000982,CUST0186,2025-04-09 22:46:00,13.0,Restaurants,DE,morning coffee shop purchase,0,28,11,9,0,0,0,0,0,0,0
TX000983,CUST0044,2025-04-09 23:25:00,25.0,Health & Fitness,DE,gym membership monthly fee,0,26,16,10,0,0,0,1,0,0,0
TX000984,CUST0136,2025-04-09 00:04:00,8.0,Restaurants,DE,morning coffee shop purchase,0,28,15,9,0,0,0,0,0,0,0
TX000985,CUST0007,2025-04-09 01:15:00,12.0,Services,DE,taxi ride downtown,0,18,11,10,0,0,0,0,0,0,0
TX000986,CUST0087,2025-04-09 02:26:00,35.99,Subscription Service,DE,monthly streaming subscription payment,0,38,13,10,0,0,0,1,0,0,1
TX000987,CUST0111,2025-04-09 03:56:00,12.5,Restaurants,DE,morning coffee shop purchase,0,28,10,9,0,0,0,0,0,0,0
TX000988,CUST0023,2025-04-09 04:42:00,5.0,Restaurants,DE,morning coffee shop purchase,0,28,19,9,0,0,0,0,0,0,0
TX000989,CUST0153,2025-04-09 05:27:00,20.0,Services,DE,car wash service,0,16,14,10,0,0,0,0,0,0,0
TX000990,CUST0022,2025-04-10 06:47:00,90.0,Pharmacy,DE,pharmacy prescription medication pickup,0,39,12,10,0,0,0,0,0,0,0
TX000991,CUST0009,2025-04-10 07:54:00,6.5,Restaurants,DE,morning coffee shop purchase,0,28,17,9,0,0,0,0,0,0,0
TX000992,CUST0012,2025-04-10 08:40:00,12.0,Services,DE,public transport ticket purchase,0,32,15,9,0,0,0,0,0,0,0
TX000993,CUST0084,2025-04-10 09:35:00,18.0,Restaurants,DE,movie theater tickets for show,0,30,18,3,0,0,0,0,0,0,0
TX000994,CUST0142,2025-04-10 10:16:00,35.99,Subscription Service,DE,monthly streaming subscription payment,0,38,15,10,0,0,0,1,0,0,1
TX000995,CUST0073,2025-04-10 11:59:00,14.99,Apparel,DE,app store game purchase,0,23,15,1,0,0,0,0,0,0,1
TX000996,CUST0074,2025-04-10 12:15:00,55.0,Services,DE,haircut salon appointment,0,25,11,10,0,0,0,0,0,0,0
TX000997,CUST0119,2025-04-10 13:06:00,12.0,Services,DE,taxi ride downtown,0,18,14,10,0,0,0,0,0,0,0
TX000998,CUST0062,2025-04-10 14:54:00,6.0,Restaurants,DE,morning coffee shop purchase,0,28,16,9,0,0,0,0,0,0,0
TX000999,CUST0020,2025-04-10 15:11:00,567.89,Crypto Exchange,CN,unauthorized crypto currency purchase,1,37,18,10,0,0,1,0,0,0,1
TX001000,CUST0066,2025-04-11 16:14:00,25.0,Health & Fitness,DE,gym membership monthly fee,0,26,18,10,0,0,0,1,0,0,0
TX001001,CUST0159,2025-04-11 17:31:00,12.0,Services,DE,public transport ticket purchase,0,32,24,9,0,0,0,0,0,0,0
TX001002,CUST0042,2025-04-11 18:59:00,35.99,Subscription Service,DE,monthly streaming subscription payment,0,38,9,10,0,0,0,1,0,0,1
TX001003,CUST0060,2025-04-11 19:59:00,12.0,Restaurants,DE,morning coffee shop purchase,0,28,9,9,0,0,0,0,0,0,0
TX001004,CUST0068,2025-04-11 20:48:00,14.5,Restaurants,DE,movie theater tickets for show,0,30,17,3,0,0,0,0,0,0,0
TX001005,CUST0038,2025-04-11 21:37:00,13.99,Pet Supplies,DE,pet food supply refill,0,22,10,10,0,0,0,0,0,0,0
TX001006,CUST0059,2025-04-11 22:22:00,14.0,Restaurants,DE,movie theater tickets for show,0,30,9,3,0,0,0,0,0,0,0
TX001007,CUST0043,2025-04-11 23:16:00,6.2,Restaurants,DE,morning coffee shop purchase,0,28,16,9,0,0,0,0,0,0,0
TX001008,CUST0009,2025-04-11 00:52:00,45.0,Services,DE,dry cleaning service pickup,0,27,17,10,0,0,0,0,0,0,0
TX001009,CUST0078,2025-04-11 01:52:00,1850.55,High-Tech Gadgets,GB,high-value electronics unauthorized purchase,1,44,17,10,0,0,0,0,0,0,0
TX001010,CUST0167,2025-04-12 02:28:00,35.99,Subscription Service,DE,monthly streaming subscription payment,0,38,11,10,0,0,0,1,0,0,1
TX001011,CUST0128,2025-04-12 03:19:00,12.0,Services,DE,public transport ticket purchase,0,32,23,9,0,0,0,0,0,0,0
TX001012,CUST0038,2025-04-12 04:00:00,25.0,Health & Fitness,DE,gym membership monthly fee,0,26,10,10,0,0,0,1,0,0,0
TX001013,CUST0176,2025-04-12 05:23:00,13.5,Restaurants,DE,morning coffee shop purchase,0,28,15,9,0,0,0,0,0,0,0
TX001014,CUST0169,2025-04-12 06:07:00,389.2,Online Retail,AU,unusual online purchase luxury items,1,36,9,10,0,0,0,0,0,0,0
TX001015,CUST0143,2025-04-12 07:30:00,12.0,Services,DE,taxi ride downtown,0,18,15,10,0,0,0,0,0,0,0
TX001016,CUST0099,2025-04-12 08:50:00,12.0,Services,DE,public transport ticket purchase,0,32,9,9,0,0,0,0,0,0,0
TX001017,CUST0125,2025-04-12 09:18:00,35.99,Subscription Service,DE,monthly streaming subscription payment,0,38,17,10,0,0,0,1,0,0,1
TX001018,CUST0045,2025-04-12 10:28:00,99.99,Online Retail,DE,online book store order delivery,0,32,18,10,0,0,0,0,0,0,0
TX001019,CUST0192,2025-04-12 11:14:00,1200.5,Electronics,DE,new laptop purchase for work,0,28,16,10,0,0,0,0,0,0,0
TX001020,CUST0025,2025-04-13 12:50:00,7.5,Restaurants,DE,morning coffee shop purchase,0,28,16,9,0,0,0,0,0,0,0
TX001021,CUST0196,2025-04-13 13:39:00,15.0,Restaurants,DE,movie theater tickets for show,0,30,15,3,0,0,0,0,0,0,0
TX001022,CUST0085,2025-04-13 14:32:00,65.0,Groceries,DE,supermarket weekly grocery shopping,0,35,8,10,0,0,0,0,0,0,0
TX001023,CUST0154,2025-04-13 15:47:00,1780.0,International Transfer,BR,urgent international wire transfer funds,1,40,8,10,1,0,0,0,0,1,0
TX001024,CUST0074,2025-04-13 16:54:00,13.99,Pet Supplies,DE,pet food supply refill,0,22,11,10,0,0,0,0,0,0,0
TX001025,CUST0128,2025-04-13 17:20:00,1500.0,International Transfer,NG,unusual international money transfer,1,36,23,10,1,0,0,0,0,1,0
TX001026,CUST0007,2025-04-13 18:17:00,35.99,Subscription Service,DE,monthly streaming subscription payment,0,38,11,10,0,0,0,1,0,0,1
TX001027,CUST0008,2025-04-13 19:17:00,150.0,Restaurants,IT,restaurant meal during vacation,0,31,14,10,0,0,0,0,0,0,0
TX001000,CUST0114,2025-04-11 16:29:00,76.53,Home Goods,GB,online book store purchase,0,26,12,4,0,0,0,0,0,0,0
TX001001,CUST0127,2025-04-11 17:07:00,102.39,Utilities,GB,home internet bill payment,0,26,14,10,0,0,0,0,0,0,0
TX001002,CUST0083,2025-04-11 18:24:00,105.18,Online Retail,GB,clothing store new apparel,0,26,11,9,0,0,0,0,0,0,0
TX001003,CUST0080,2025-04-11 19:41:00,11.23,Dining,GB,fast food lunch order,0,21,13,10,0,0,0,0,0,0,0
TX001004,CUST0050,2025-04-11 20:10:00,140.29,Online Retail,GB,online book store purchase,0,26,16,10,0,0,0,0,0,0,1
TX001005,CUST0168,2025-04-11 21:14:00,25.45,Travel,GB,bus ticket travel fare,0,22,17,10,0,0,0,0,0,0,0
TX001006,CUST0139,2025-04-11 22:10:00,11.56,Dining,GB,daily coffee shop purchase,0,26,12,10,0,0,0,0,0,0,0
TX001007,CUST0133,2025-04-11 23:15:00,35.89,Automotive,GB,daily coffee shop purchase,1,26,17,1,0,0,0,0,0,0,0
TX001008,CUST0128,2025-04-11 00:38:00,56.63,Utilities,GB,gas station fuel fill-up,0,24,23,4,0,0,0,0,0,0,0
TX001009,CUST0190,2025-04-11 01:39:00,91.13,Subscription,GB,mobile phone bill auto-pay,0,26,12,10,0,0,0,1,0,0,0
TX001010,CUST0153,2025-04-12 02:55:00,13.91,Dining,GB,daily coffee shop purchase,0,26,14,10,0,0,0,0,0,0,0
TX001011,CUST0067,2025-04-12 03:11:00,62.58,Groceries,GB,supermarket weekly supplies,0,27,16,10,0,0,0,0,0,0,0
TX001012,CUST0152,2025-04-12 04:26:00,85.8,Healthcare,GB,pharmacy medication prescription,0,32,15,10,0,0,0,0,0,0,0
TX001013,CUST0006,2025-04-12 05:53:00,110.15,Subscription,GB,monthly streaming service subscription,0,38,14,10,0,0,0,1,0,0,1
TX001014,CUST0101,2025-04-12 06:18:00,7.31,Online Retail,GB,online book store purchase,0,26,13,10,0,0,0,0,0,0,1
TX001015,CUST0158,2025-04-12 07:37:00,11.08,Dining,GB,fast food lunch order,0,21,19,10,0,0,0,0,0,0,0
TX001016,CUST0013,2025-04-12 08:01:00,139.75,Groceries,GB,local grocery store shopping,0,28,16,10,0,0,0,0,0,0,0
TX001017,CUST0109,2025-04-12 09:25:00,61.34,Automotive,GB,car maintenance service fee,0,27,11,10,0,0,0,0,0,0,0
TX001018,CUST0078,2025-04-12 10:59:00,83.13,Fashion,GB,clothing store new apparel,0,26,17,10,0,0,0,0,0,0,0
TX001019,CUST0094,2025-04-12 11:42:00,76.54,Groceries,GB,supermarket weekly supplies,0,27,8,10,0,0,0,0,0,0,0
TX001020,CUST0029,2025-04-13 12:18:00,79.91,Groceries,GB,local grocery store shopping,0,28,18,10,0,0,0,0,0,0,0
TX001021,CUST0121,2025-04-13 13:41:00,47.78,Automotive,GB,gas station fuel fill-up,0,24,17,9,0,0,0,0,0,0,0
TX001022,CUST0079,2025-04-13 14:59:00,25.56,Entertainment,GB,weekend cinema tickets,0,22,12,10,0,0,0,0,0,0,0
TX001023,CUST0198,2025-04-13 15:45:00,34.19,Travel,GB,public transport travel card,0,28,10,10,0,0,0,0,0,0,0
TX001024,CUST0155,2025-04-13 16:27:00,10.35,Dining,GB,fast food lunch order,0,21,15,10,0,0,0,0,0,0,0
TX001025,CUST0153,2025-04-13 17:36:00,10.02,Dining,GB,daily coffee shop purchase,0,26,14,10,0,0,0,0,0,0,0
TX001026,CUST0166,2025-04-13 18:10:00,12.03,Dining,GB,fast food lunch order,0,21,22,10,0,0,0,0,0,0,0
TX001027,CUST0092,2025-04-13 19:25:00,89.28,Utilities,GB,home internet bill payment,0,26,11,10,0,0,0,0,0,0,0
TX001028,CUST0115,2025-04-13 20:19:00,63.85,Groceries,GB,supermarket weekly supplies,0,27,15,10,0,0,0,0,0,0,0
TX001029,CUST0145,2025-04-13 21:28:00,8.44,Dining,GB,daily coffee shop purchase,0,26,12,10,0,0,0,0,0,0,0
TX001030,CUST0019,2025-04-14 22:08:00,63.09,Fashion,GB,clothing store new apparel,0,26,14,10,0,0,0,0,0,0,0
TX001031,CUST0044,2025-04-14 23:18:00,140.67,Groceries,GB,local grocery store shopping,0,28,16,10,0,0,0,0,0,0,0
TX001032,CUST0200,2025-04-14 00:09:00,147.28,Groceries,GB,supermarket weekly supplies,0,27,10,10,0,0,0,0,0,0,0
TX001033,CUST0019,2025-04-14 01:38:00,139.37,Groceries,GB,local grocery store shopping,0,28,14,10,0,0,0,0,0,0,0
TX001034,CUST0001,2025-04-14 02:38:00,130.4,Groceries,GB,local grocery store shopping,0,28,14,10,0,0,0,0,0,0,0
TX001035,CUST0041,2025-04-14 03:44:00,11.39,Dining,GB,fast food lunch order,0,21,6,10,0,0,0,0,0,0,0
TX001036,CUST0101,2025-04-14 04:38:00,132.88,Home Goods,GB,new kitchen appliance,0,21,13,10,0,0,0,0,0,0,0
TX001037,CUST0066,2025-04-14 05:32:00,8.01,Dining,GB,daily coffee shop purchase,0,26,18,10,0,0,0,0,0,0,0
TX001038,CUST0140,2025-04-14 06:43:00,145.24,Groceries,GB,local grocery store shopping,0,28,7,10,0,0,0,0,0,0,0
TX001039,CUST0036,2025-04-14 07:46:00,35.8,Services,GB,gym membership recurring charge,0,31,14,9,0,0,0,1,0,0,0
TX001040,CUST0120,2025-04-15 08:17:00,45.47,Utilities,GB,gas station fuel fill-up,0,24,13,4,0,0,0,0,0,0,0
TX001041,CUST0191,2025-04-15 09:01:00,8.52,Dining,GB,daily coffee shop purchase,0,26,19,10,0,0,0,0,0,0,0
TX001042,CUST0079,2025-04-15 10:25:00,83.19,Utilities,GB,utility bill payment electricity,0,32,12,10,0,0,0,0,0,0,0
TX001043,CUST0108,2025-04-15 11:07:00,148.87,Groceries,GB,supermarket weekly supplies,0,27,16,10,0,0,0,0,0,0,0
TX001044,CUST0039,2025-04-15 12:16:00,122.95,Groceries,GB,supermarket weekly supplies,0,27,13,10,0,0,0,0,0,0,0
TX001045,CUST0052,2025-04-15 13:36:00,54.49,Automotive,GB,gas station fuel fill-up,0,24,11,9,0,0,0,0,0,0,0
TX001046,CUST0135,2025-04-15 14:53:00,110.87,Fashion,GB,clothing store new apparel,0,26,12,10,0,0,0,0,0,0,0
TX001047,CUST0002,2025-04-15 15:15:00,12.33,Dining,GB,fast food lunch order,0,21,9,10,0,0,0,0,0,0,0
TX001048,CUST0119,2025-04-15 16:03:00,58.07,Healthcare,GB,dentist appointment payment,0,27,14,10,0,0,0,0,0,0,0
TX001049,CUST0121,2025-04-15 17:51:00,82.59,Groceries,GB,supermarket weekly supplies,0,27,17,10,0,0,0,0,0,0,0
TX001050,CUST0065,2025-04-16 18:31:00,47.9,Automotive,GB,gas station fuel fill-up,0,24,15,9,0,0,0,0,0,0,0
TX001051,CUST0029,2025-04-16 19:18:00,105.18,Home Goods,GB,new kitchen appliance,0,21,18,10,0,0,0,0,0,0,0
TX001052,CUST0137,2025-04-16 20:31:00,121.72,Dining,GB,restaurant dinner payment,0,25,20,10,0,0,0,0,0,0,0
TX001053,CUST0172,2025-04-16 21:40:00,142.1,Fashion,GB,clothing store new apparel,0,26,10,10,0,0,0,0,0,0,0
TX001054,CUST0117,2025-04-16 22:28:00,76.53,Online Retail,GB,online book store purchase,0,26,12,10,0,0,0,0,0,0,1
TX001055,CUST0032,2025-04-16 23:40:00,78.48,Groceries,GB,supermarket weekly supplies,0,27,20,10,0,0,0,0,0,0,0
TX001056,CUST0099,2025-04-16 00:30:00,34.62,Services,GB,gym membership recurring charge,0,31,9,9,0,0,0,1,0,0,0
TX001057,CUST0061,2025-04-16 01:41:00,128.53,Dining,GB,restaurant dinner payment,0,25,16,10,0,0,0,0,0,0,0
TX001058,CUST0074,2025-04-16 02:34:00,141.49,Groceries,GB,local grocery store shopping,0,28,11,10,0,0,0,0,0,0,0
TX001059,CUST0199,2025-04-16 03:44:00,141.92,Groceries,GB,supermarket weekly supplies,0,27,15,10,0,0,0,0,0,0,0
TX001060,CUST0138,2025-04-17 04:18:00,125.79,Dining,GB,restaurant dinner payment,0,25,7,10,0,0,0,0,0,0,0
TX001061,CUST0128,2025-04-17 05:31:00,54.1,Utilities,GB,gas station fuel fill-up,0,24,23,4,0,0,0,0,0,0,0
TX001062,CUST0066,2025-04-17 06:49:00,126.96,Dining,GB,restaurant dinner payment,0,25,18,10,0,0,0,0,0,0,0
TX001063,CUST0186,2025-04-17 07:47:00,32.73,Travel,GB,public transport travel card,0,28,11,10,0,0,0,0,0,0,0
TX001064,CUST0007,2025-04-17 08:50:00,147.16,Fashion,GB,clothing store new apparel,0,26,11,10,0,0,0,0,0,0,0
TX001065,CUST0123,2025-04-17 09:11:00,139.38,Groceries,GB,supermarket weekly supplies,0,27,18,10,0,0,0,0,0,0,0
TX001066,CUST0106,2025-04-17 10:01:00,7.42,Dining,GB,daily coffee shop purchase,0,26,14,10,0,0,0,0,0,0,0
TX001067,CUST0176,2025-04-17 11:51:00,83.18,Healthcare,GB,pharmacy medication prescription,0,32,15,10,0,0,0,0,0,0,0
TX001068,CUST0025,2025-04-17 12:26:00,147.28,Groceries,GB,local grocery store shopping,0,28,16,10,0,0,0,0,0,0,0
TX001069,CUST0185,2025-04-17 13:19:00,53.6,Automotive,GB,gas station fuel fill-up,0,24,13,9,0,0,0,0,0,0,0
TX001070,CUST0157,2025-04-18 14:35:00,133.02,Online Retail,GB,online book store purchase,0,26,12,10,0,0,0,0,0,0,1
TX001071,CUST0010,2025-04-18 15:16:00,63.85,Groceries,GB,supermarket weekly supplies,0,27,9,10,0,0,0,0,0,0,0
TX001072,CUST0116,2025-04-18 16:31:00,9.17,Dining,GB,fast food lunch order,0,21,16,10,0,0,0,0,0,0,0
TX001073,CUST0086,2025-04-18 17:41:00,11.23,Dining,GB,fast food lunch order,0,21,10,10,0,0,0,0,0,0,0
TX001074,CUST0017,2025-04-18 18:26:00,139.75,Groceries,GB,local grocery store shopping,0,28,20,10,0,0,0,0,0,0,0
TX001075,CUST0096,2025-04-18 19:03:00,10.35,Dining,GB,fast food lunch order,0,21,13,10,0,0,0,0,0,0,0
TX001076,CUST0050,2025-04-18 20:12:00,7.31,Online Retail,GB,online book store purchase,0,26,16,10,0,0,0,0,0,0,1
TX001077,CUST0095,2025-04-18 21:16:00,6.84,Dining,GB,daily coffee shop purchase,0,26,14,10,0,0,0,0,0,0,0
TX001078,CUST0095,2025-04-18 22:59:00,34.62,Services,GB,gym membership recurring charge,0,31,14,9,0,0,0,1,0,0,0
TX001079,CUST0172,2025-04-18 23:37:00,47.78,Automotive,GB,gas station fuel fill-up,0,24,10,9,0,0,0,0,0,0,0
TX001080,CUST0100,2025-04-19 00:46:00,12.03,Dining,GB,fast food lunch order,0,21,10,10,0,0,0,0,0,0,0
TX001081,CUST0148,2025-04-19 01:45:00,85.8,Healthcare,GB,pharmacy medication prescription,0,32,13,10,0,0,0,0,0,0,0
TX001082,CUST0157,2025-04-19 02:35:00,83.13,Fashion,GB,clothing store new apparel,0,26,12,10,0,0,0,0,0,0,0
TX001083,CUST0083,2025-04-19 03:37:00,45.47,Automotive,GB,gas station fuel fill-up,0,24,11,9,0,0,0,0,0,0,0
TX001084,CUST0183,2025-04-19 04:15:00,53.6,Automotive,GB,gas station fuel fill-up,0,24,15,9,0,0,0,0,0,0,0
TX001085,CUST0148,2025-04-19 05:27:00,61.34,Automotive,GB,car maintenance service fee,0,27,13,10,0,0,0,0,0,0,0
TX001086,CUST0002,2025-04-19 06:30:00,125.79,Dining,GB,restaurant dinner payment,0,25,9,10,0,0,0,0,0,0,0
TX001087,CUST0117,2025-04-19 07:10:00,32.73,Travel,GB,public transport travel card,0,28,12,10,0,0,0,0,0,0,0
TX001088,CUST0137,2025-04-19 08:38:00,25.45,Travel,GB,bus ticket travel fare,0,22,20,10,0,0,0,0,0,0,0
TX001089,CUST0109,2025-04-19 09:56:00,147.16,Fashion,GB,clothing store new apparel,0,26,11,10,0,0,0,0,0,0,0
TX001090,CUST0078,2025-04-20 10:41:00,110.15,Subscription,GB,monthly streaming service subscription,0,38,17,10,0,0,0,1,0,0,1
TX001091,CUST0179,2025-04-20 11:17:00,91.13,Subscription,GB,mobile phone bill auto-pay,0,26,20,10,0,0,0,1,0,0,0
TX001092,CUST0187,2025-04-20 12:34:00,89.28,Utilities,GB,home internet bill payment,0,26,11,10,0,0,0,0,0,0,0
TX001093,CUST0170,2025-04-20 13:34:00,10.02,Dining,GB,daily coffee shop purchase,0,26,16,10,0,0,0,0,0,0,0
TX001094,CUST0185,2025-04-20 14:10:00,140.29,Online Retail,GB,online book store purchase,0,26,13,10,0,0,0,0,0,0,1
TX001095,CUST0002,2025-04-20 15:28:00,110.87,Fashion,GB,clothing store new apparel,0,26,9,10,0,0,0,0,0,0,0
TX001096,CUST0043,2025-04-20 16:36:00,62.58,Groceries,GB,supermarket weekly supplies,0,27,16,10,0,0,0,0,0,0,0
TX001097,CUST0028,2025-04-20 17:37:00,156.45,Automotive,US,unauthorized software license,1,29,10,1,0,0,0,0,0,0,1
TX001098,CUST0152,2025-04-20 18:42:00,122.95,Groceries,GB,supermarket weekly supplies,0,27,15,10,0,0,0,0,0,0,0
TX001099,CUST0155,2025-04-20 19:45:00,139.37,Groceries,GB,local grocery store shopping,0,28,15,10,0,0,0,0,0,0,0
TX001100,CUST0160,2025-04-21 20:14:00,83.19,Utilities,GB,utility bill payment electricity,0,32,12,10,0,0,0,0,0,0,0
TX001101,CUST0009,2025-04-21 21:54:00,12.33,Dining,GB,fast food lunch order,0,21,17,10,0,0,0,0,0,0,0
TX001102,CUST0020,2025-04-21 22:42:00,54.49,Automotive,GB,gas station fuel fill-up,0,24,18,9,0,0,0,0,0,0,0
TX001103,CUST0144,2025-04-21 23:00:00,145.24,Groceries,GB,local grocery store shopping,0,28,13,10,0,0,0,0,0,0,0
TX001104,CUST0013,2025-04-21 00:48:00,148.87,Groceries,GB,supermarket weekly supplies,0,27,16,10,0,0,0,0,0,0,0
TX001105,CUST0032,2025-04-21 01:36:00,35.8,Services,GB,gym membership recurring charge,0,31,20,9,0,0,0,1,0,0,0
TX001106,CUST0090,2025-04-21 02:45:00,1056.89,Finance,NG,quick cash advance requested,1,28,8,10,1,0,0,0,0,0,0
TX001107,CUST0195,2025-04-21 03:49:00,130.4,Groceries,GB,local grocery store shopping,0,28,11,10,0,0,0,0,0,0,0
TX001108,CUST0149,2025-04-21 04:38:00,141.49,Groceries,GB,local grocery store shopping,0,28,17,10,0,0,0,0,0,0,0
TX001109,CUST0168,2025-04-21 05:56:00,58.07,Healthcare,GB,dentist appointment payment,0,27,17,10,0,0,0,0,0,0,0
TX001110,CUST0001,2025-04-22 06:40:00,63.09,Fashion,GB,clothing store new apparel,0,26,14,10,0,0,0,0,0,0,0
TX001111,CUST0188,2025-04-22 07:49:00,102.39,Utilities,GB,home internet bill payment,0,26,6,10,0,0,0,0,0,0,0
TX001112,CUST0194,2025-04-22 08:56:00,839.22,Electronics,CN,high-value electronics shipment abroad,1,38,14,10,0,0,0,0,0,0,0
TX001113,CUST0162,2025-04-22 09:32:00,78.48,Groceries,GB,supermarket weekly supplies,0,27,11,10,0,0,0,0,0,0,0
TX001114,CUST0200,2025-04-22 10:23:00,141.92,Groceries,GB,supermarket weekly supplies,0,27,10,10,0,0,0,0,0,0,0
TX001115,CUST0136,2025-04-22 11:43:00,7.42,Dining,GB,daily coffee shop purchase,0,26,15,10,0,0,0,0,0,0,0
TX001116,CUST0053,2025-04-22 12:22:00,1502.73,Finance,DE,urgent international wire transfer,1,34,22,10,1,0,0,0,0,1,0
TX001117,CUST0155,2025-04-22 13:04:00,11.39,Dining,GB,fast food lunch order,0,21,15,10,0,0,0,0,0,0,0
TX001118,CUST0031,2025-04-22 14:55:00,11.56,Dining,GB,daily coffee shop purchase,0,26,12,10,0,0,0,0,0,0,0
TX001119,CUST0054,2025-04-22 15:31:00,139.38,Groceries,GB,supermarket weekly supplies,0,27,17,10,0,0,0,0,0,0,0
TX001120,CUST0165,2025-04-23 16:54:00,142.1,Fashion,GB,clothing store new apparel,0,26,9,10,0,0,0,0,0,0,0
TX001121,CUST0111,2025-04-23 17:25:00,6.84,Dining,GB,daily coffee shop purchase,0,26,10,10,0,0,0,0,0,0,0
TX001122,CUST0150,2025-04-23 18:32:00,8.01,Dining,GB,daily coffee shop purchase,0,26,16,10,0,0,0,0,0,0,0
TX001123,CUST0029,2025-04-23 19:15:00,189.04,Services,AU,anonymous crypto purchase gateway,1,33,18,8,0,0,1,0,0,0,1
TX001124,CUST0128,2025-04-23 20:56:00,25.56,Entertainment,GB,weekend cinema tickets,0,22,23,10,0,0,0,0,0,0,0
TX001125,CUST0079,2025-04-23 21:28:00,132.88,Home Goods,GB,new kitchen appliance,0,21,12,10,0,0,0,0,0,0,0
TX001126,CUST0171,2025-04-23 22:26:00,9.17,Dining,GB,fast food lunch order,0,21,11,10,0,0,0,0,0,0,0
TX001127,CUST0057,2025-04-23 23:51:00,56.63,Utilities,GB,gas station fuel fill-up,0,24,15,4,0,0,0,0,0,0,0
TX001128,CUST0037,2025-04-23 00:27:00,126.96,Dining,GB,restaurant dinner payment,0,25,16,10,1,0,0,0,0,0,0
TX001129,CUST0031,2025-04-23 01:42:00,8.52,Dining,GB,daily coffee shop purchase,0,26,12,10,0,0,0,0,0,0,0
TX001130,CUST0054,2025-04-24 02:52:00,1289.5,Online Retail,US,luxury watch order processing,1,29,17,10,0,0,0,0,0,0,0
TX001131,CUST0020,2025-04-24 03:05:00,105.18,Home Goods,GB,new kitchen appliance,0,21,18,10,0,0,0,0,0,0,0
TX001132,CUST0106,2025-04-24 04:02:00,54.1,Utilities,GB,gas station fuel fill-up,0,24,14,5,0,0,0,0,0,0,0
TX001133,CUST0095,2025-04-24 05:09:00,134.19,Electronics,MX,large digital asset acquisition,1,31,14,6,0,0,1,0,0,0,1
TX001134,CUST0024,2025-04-24 06:30:00,133.02,Online Retail,GB,online book store purchase,0,26,15,10,0,0,0,0,0,0,0
TX001135,CUST0084,2025-04-24 07:45:00,121.72,Dining,GB,restaurant dinner payment,0,25,18,10,1,0,0,0,0,0,0
TX001136,CUST0198,2025-04-24 08:11:00,34.19,Travel,GB,public transport travel card,0,28,10,10,1,0,0,0,0,0,0
TX001137,CUST0044,2025-04-24 09:29:00,76.54,Groceries,GB,supermarket weekly supplies,1,27,16,10,0,0,0,0,0,0,0
TX001138,CUST0008,2025-04-24 10:52:00,8.44,Dining,GB,daily coffee shop purchase,0,26,14,10,0,0,0,0,0,0,0
TX001139,CUST0010,2025-04-24 11:32:00,1833.02,Online Retail,US,expensive jewelry collection acquisition,1,40,9,10,0,0,0,0,0,0,0
TX001140,CUST0096,2025-04-25 12:34:00,79.91,Groceries,GB,local grocery store shopping,0,28,13,10,0,0,0,0,0,0,0
TX001141,CUST0094,2025-04-25 13:56:00,47.9,Automotive,GB,gas station fuel fill-up,0,24,8,10,0,0,0,0,0,0,0
TX001142,CUST0051,2025-04-25 14:21:00,82.59,Groceries,GB,supermarket weekly supplies,0,27,12,10,0,0,0,0,0,0,0
TX001143,CUST0153,2025-04-25 15:46:00,139.75,Groceries,GB,local grocery store shopping,0,28,14,10,0,0,0,0,0,0,0
TX001144,CUST0025,2025-04-25 16:59:00,140.67,Groceries,GB,local grocery store shopping,0,28,16,10,0,0,0,0,0,0,0
TX001100,CUST0142,2025-04-21 20:54:00,16.92,Dining,FR,bakery morning pastry,0,21,15,10,0,0,0,0,0,0,0
TX001101,CUST0066,2025-04-21 21:30:00,62.47,Groceries,FR,supermarket groceries bill,0,26,18,10,1,0,0,0,0,0,0
TX001102,CUST0020,2025-04-21 22:28:00,110.45,Fashion,FR,online clothes order,0,20,18,10,0,0,0,0,0,0,0
TX001103,CUST0076,2025-04-21 23:48:00,25.33,Dining,FR,restaurant dinner payment,0,25,8,10,1,0,0,0,0,0,0
TX001104,CUST0161,2025-04-21 00:22:00,47.78,Automotive,FR,gas station fill-up,0,19,14,10,0,0,0,0,0,0,0
TX001105,CUST0193,2025-04-21 01:10:00,16.71,Entertainment,FR,online game purchase,0,20,12,10,0,0,0,0,0,0,1
TX001106,CUST0190,2025-04-21 02:10:00,12.98,Dining,FR,coffee shop purchase,0,20,12,10,0,0,0,0,0,0,0
TX001107,CUST0052,2025-04-21 03:42:00,105.11,Healthcare,FR,pharmacy prescription,0,21,11,10,0,0,0,0,0,0,0
TX001108,CUST0184,2025-04-21 04:48:00,14.5,Dining,FR,coffee shop purchase,0,20,6,10,0,0,0,0,0,0,0
TX001109,CUST0032,2025-04-21 05:15:00,8.08,Dining,FR,bakery morning pastry,0,21,20,10,0,0,0,0,0,0,0
TX001110,CUST0018,2025-04-22 06:31:00,12.26,Entertainment,FR,public transport ticket,0,23,15,4,0,0,0,0,0,0,0
TX001111,CUST0091,2025-04-22 07:31:00,128.09,Fashion,FR,online clothes order,0,20,14,10,0,0,0,0,0,0,0
TX001112,CUST0123,2025-04-22 08:36:00,12.18,Dining,FR,coffee shop purchase,0,20,18,10,0,0,0,0,0,0,0
TX001113,CUST0071,2025-04-22 09:53:00,1827.87,Electronics,US,luxury watch order,1,18,17,8,0,0,0,0,0,0,0
TX001114,CUST0117,2025-04-22 10:10:00,54.49,Automotive,FR,gas station fill-up,0,19,12,10,0,0,0,0,0,0,0
TX001115,CUST0026,2025-04-22 11:33:00,9.48,Entertainment,FR,public transport ticket,0,23,13,4,0,0,0,0,0,0,0
TX001116,CUST0055,2025-04-22 12:39:00,78.58,Groceries,FR,supermarket groceries bill,0,26,9,10,1,0,0,0,0,0,0
TX001117,CUST0029,2025-04-22 13:49:00,34.02,Services,FR,haircut appointment,0,19,18,10,0,0,0,0,0,0,0
TX001118,CUST0122,2025-04-22 14:16:00,18.06,Subscription,FR,monthly streaming subscription,0,30,17,10,0,0,0,1,0,0,1
TX001119,CUST0082,2025-04-22 15:45:00,45.31,Entertainment,FR,movie tickets booking,0,21,13,10,0,0,0,0,0,0,0
TX001120,CUST0008,2025-04-23 16:05:00,139.75,Education,FR,bookstore purchase,0,18,14,8,0,0,0,0,0,0,0
TX001121,CUST0116,2025-04-23 17:51:00,25.43,Entertainment,FR,movie tickets booking,0,21,16,10,0,0,0,0,0,0,0
TX001122,CUST0160,2025-04-23 18:12:00,22.09,Dining,FR,restaurant dinner payment,0,25,12,10,1,0,0,0,0,0,0
TX001123,CUST0081,2025-04-23 19:43:00,283.47,Travel,MX,unusual subscription renewal,1,28,7,2,0,0,0,1,0,0,0
TX001124,CUST0075,2025-04-23 20:41:00,108.57,Services,FR,internet service payment,0,24,15,10,1,0,0,0,0,0,0
TX001125,CUST0048,2025-04-23 21:51:00,54.12,Groceries,FR,supermarket groceries bill,0,26,9,10,1,0,0,0,0,0,0
TX001126,CUST0012,2025-04-23 22:02:00,14.65,Entertainment,FR,public transport ticket,0,23,15,4,0,0,0,0,0,0,0
TX001127,CUST0153,2025-04-23 23:15:00,10.37,Dining,FR,coffee shop purchase,0,20,14,10,0,0,0,0,0,0,0
TX001128,CUST0168,2025-04-23 00:04:00,65.41,Groceries,FR,weekly farmers market,0,21,17,10,0,0,0,0,0,0,0
TX001129,CUST0039,2025-04-23 01:27:00,11.23,Dining,FR,coffee shop purchase,0,20,13,10,0,0,0,0,0,0,0
TX001130,CUST0108,2025-04-24 02:49:00,48.01,Automotive,FR,car wash service,0,16,16,10,0,0,0,0,0,0,0
TX001131,CUST0073,2025-04-24 03:22:00,6.84,Dining,FR,bakery morning pastry,0,21,15,10,0,0,0,0,0,0,0
TX001132,CUST0017,2025-04-24 04:40:00,68.42,Groceries,FR,home essentials delivery,0,24,20,10,0,0,0,0,0,0,0
TX001133,CUST0036,2025-04-24 05:11:00,25.13,Dining,FR,restaurant dinner payment,0,25,14,10,1,0,0,0,0,0,0
TX001134,CUST0067,2025-04-24 06:58:00,12.04,Entertainment,FR,public transport ticket,0,23,16,4,0,0,0,0,0,0,0
TX001135,CUST0136,2025-04-24 07:54:00,10.87,Dining,FR,coffee shop purchase,0,20,15,10,0,0,0,0,0,0,0
TX001136,CUST0012,2025-04-24 08:46:00,18.06,Subscription,FR,monthly streaming subscription,0,30,15,10,0,0,0,1,0,0,1
TX001137,CUST0135,2025-04-24 09:36:00,54.02,Groceries,FR,supermarket groceries bill,0,26,12,10,1,0,0,0,0,0,0
TX001138,CUST0017,2025-04-24 10:33:00,10.3,Dining,FR,coffee shop purchase,0,20,20,10,0,0,0,0,0,0,0
TX001139,CUST0040,2025-04-24 11:17:00,18.0,Subscription,FR,monthly streaming subscription,0,30,14,10,0,0,0,1,0,0,1
TX001140,CUST0005,2025-04-25 12:03:00,22.84,Dining,FR,restaurant dinner payment,0,25,13,10,1,0,0,0,0,0,0
TX001141,CUST0155,2025-04-25 13:25:00,33.72,Services,FR,haircut appointment,0,19,15,10,0,0,0,0,0,0,0
TX001142,CUST0137,2025-04-25 14:27:00,6.7,Dining,FR,bakery morning pastry,0,21,20,10,0,0,0,0,0,0,0
TX001143,CUST0024,2025-04-25 15:10:00,16.27,Entertainment,FR,online game purchase,0,20,15,10,0,0,0,0,0,0,1
TX001144,CUST0034,2025-04-25 16:12:00,92.1,Groceries,FR,weekly farmers market,0,21,12,10,0,0,0,0,0,0,0
TX001145,CUST0027,2025-04-25 17:15:00,83.0,Online Retail,FR,online clothes order,0,20,11,10,0,0,0,0,0,0,0
TX001146,CUST0028,2025-04-25 18:10:00,128.51,Services,FR,internet service payment,0,24,10,10,1,0,0,0,0,0,0
TX001147,CUST0180,2025-04-25 19:29:00,35.8,Entertainment,FR,movie tickets booking,0,21,11,10,0,0,0,0,0,0,0
TX001148,CUST0138,2025-04-25 20:45:00,68.42,Groceries,FR,home essentials delivery,0,24,7,10,0,0,0,0,0,0,0
TX001149,CUST0148,2025-04-25 21:45:00,105.79,Education,FR,bookstore purchase,0,18,13,8,0,0,0,0,0,0,0
TX001150,CUST0066,2025-04-26 22:41:00,12.06,Dining,FR,coffee shop purchase,0,20,18,10,0,0,0,0,0,0,0
TX001151,CUST0021,2025-04-26 23:42:00,10.59,Dining,FR,coffee shop purchase,0,20,18,10,0,0,0,0,0,0,0
TX001152,CUST0009,2025-04-26 00:02:00,28.56,Dining,FR,restaurant dinner payment,0,25,17,10,1,0,0,0,0,0,0
TX001153,CUST0037,2025-04-26 01:37:00,6.54,Dining,FR,bakery morning pastry,0,21,16,10,0,0,0,0,0,0,0
TX001154,CUST0129,2025-04-26 02:15:00,18.06,Subscription,FR,monthly streaming subscription,0,30,19,10,0,0,0,1,0,0,1
TX001155,CUST0179,2025-04-26 03:17:00,26.54,Dining,FR,online food delivery,0,20,20,10,0,0,0,0,0,0,0
TX001156,CUST0183,2025-04-26 04:47:00,55.45,Groceries,FR,supermarket groceries bill,0,26,15,10,1,0,0,0,0,0,0
TX001157,CUST0168,2025-04-26 05:33:00,76.53,Online Retail,GB,online clothes order,1,20,17,10,0,0,0,0,0,0,0
TX001158,CUST0022,2025-04-26 06:29:00,11.2,Entertainment,FR,public transport ticket,0,23,12,4,0,0,0,0,0,0,0
TX001159,CUST0059,2025-04-26 07:15:00,25.13,Entertainment,FR,movie tickets booking,0,21,9,10,0,0,0,0,0,0,0
TX001160,CUST0078,2025-04-27 08:49:00,18.06,Subscription,FR,monthly streaming subscription,0,30,17,10,0,0,0,1,0,0,1
TX001161,CUST0087,2025-04-27 09:24:00,79.87,Groceries,FR,supermarket groceries bill,0,26,13,10,1,0,0,0,0,0,0
TX001162,CUST0110,2025-04-27 10:35:00,12.55,Dining,FR,coffee shop purchase,0,20,13,10,0,0,0,0,0,0,0
TX001163,CUST0163,2025-04-27 11:28:00,16.92,Dining,FR,bakery morning pastry,0,21,10,10,0,0,0,0,0,0,0
TX001164,CUST0044,2025-04-27 12:59:00,9.92,Entertainment,FR,public transport ticket,0,23,16,4,0,0,0,0,0,0,0
TX001165,CUST0010,2025-04-27 13:17:00,18.06,Subscription,FR,monthly streaming subscription,0,30,9,10,0,0,0,1,0,0,1
TX001166,CUST0012,2025-04-27 14:38:00,7.42,Dining,FR,bakery morning pastry,0,21,15,10,0,0,0,0,0,0,0
TX001167,CUST0070,2025-04-27 15:40:00,139.75,Education,FR,bookstore purchase,0,18,9,8,0,0,0,0,0,0,0
TX001168,CUST0116,2025-04-27 16:00:00,28.56,Dining,FR,restaurant dinner payment,0,25,16,10,1,0,0,0,0,0,0
TX001169,CUST0154,2025-04-27 17:14:00,110.45,Fashion,FR,online clothes order,0,20,8,10,0,0,0,0,0,0,0
TX001170,CUST0108,2025-04-28 18:08:00,62.47,Groceries,FR,supermarket groceries bill,0,26,16,10,1,0,0,0,0,0,0
TX001171,CUST0116,2025-04-28 19:37:00,14.76,Entertainment,FR,public transport ticket,0,23,16,4,0,0,0,0,0,0,0
TX001172,CUST0084,2025-04-28 20:37:00,54.49,Automotive,FR,gas station fill-up,0,19,18,10,0,0,0,0,0,0,0
TX001173,CUST0143,2025-04-28 21:31:00,1789.25,Online Retail,FR,high-value electronics,1,22,15,10,0,0,0,0,0,0,0
TX001174,CUST0073,2025-04-28 22:02:00,27.91,Dining,FR,online food delivery,0,20,15,10,0,0,0,0,0,0,0
TX001175,CUST0063,2025-04-28 23:09:00,18.06,Subscription,FR,monthly streaming subscription,0,30,9,10,0,0,0,1,0,0,1
TX001176,CUST0005,2025-04-28 00:32:00,12.0,Dining,FR,coffee shop purchase,0,20,13,10,0,0,0,0,0,0,0
TX001177,CUST0159,2025-04-28 01:17:00,8.08,Dining,FR,bakery morning pastry,0,21,24,10,0,0,0,0,0,0,0
TX001178,CUST0073,2025-04-28 02:35:00,35.8,Entertainment,FR,movie tickets booking,0,21,15,10,0,0,0,0,0,0,0
TX001179,CUST0125,2025-04-28 03:53:00,128.09,Fashion,FR,online clothes order,0,20,17,10,0,0,0,0,0,0,0
TX001180,CUST0044,2025-04-29 04:44:00,47.78,Automotive,FR,gas station fill-up,0,19,16,10,0,0,0,0,0,0,0
TX001181,CUST0164,2025-04-29 05:35:00,16.71,Entertainment,FR,online game purchase,0,20,17,10,0,0,0,0,0,0,1
TX001182,CUST0141,2025-04-29 06:31:00,105.11,Healthcare,FR,pharmacy prescription,0,21,15,10,0,0,0,0,0,0,0
TX001183,CUST0035,2025-04-29 07:35:00,68.42,Groceries,FR,home essentials delivery,0,24,11,10,0,0,0,0,0,0,0
TX001184,CUST0095,2025-04-29 08:54:00,12.98,Dining,FR,coffee shop purchase,0,20,14,10,0,0,0,0,0,0,0
TX001185,CUST0125,2025-04-29 09:03:00,1150.3,Services,CA,crypto exchange purchase,1,24,17,6,0,0,1,0,0,0,0
TX001186,CUST0158,2025-04-29 10:07:00,10.37,Dining,FR,coffee shop purchase,0,20,19,10,0,0,0,0,0,0,0
TX001187,CUST0183,2025-04-29 11:30:00,92.1,Groceries,FR,weekly farmers market,0,21,15,10,0,0,0,0,0,0,0
TX001188,CUST0112,2025-04-29 12:10:00,12.26,Entertainment,FR,public transport ticket,0,23,11,4,0,0,0,0,0,0,0
TX001189,CUST0105,2025-04-29 13:45:00,108.57,Services,FR,internet service payment,0,24,11,10,1,0,0,0,0,0,0
TX001190,CUST0003,2025-04-30 14:45:00,18.06,Subscription,FR,monthly streaming subscription,0,30,10,10,0,0,0,1,0,0,1
TX001191,CUST0131,2025-04-30 15:25:00,10.87,Dining,FR,coffee shop purchase,0,20,9,10,0,0,0,0,0,0,0
TX001192,CUST0191,2025-04-30 16:16:00,2503.79,Online Retail,US,anonymous online purchase,1,25,19,10,0,0,0,0,0,0,0
TX001193,CUST0063,2025-04-30 17:53:00,54.02,Groceries,FR,supermarket groceries bill,0,26,9,10,1,0,0,0,0,0,0
TX001194,CUST0039,2025-04-30 18:22:00,6.7,Dining,FR,bakery morning pastry,0,21,13,10,0,0,0,0,0,0,0
TX001195,CUST0067,2025-04-30 19:32:00,10.3,Dining,FR,coffee shop purchase,0,20,16,10,0,0,0,0,0,0,0
TX001196,CUST0192,2025-04-30 20:36:00,33.72,Services,FR,haircut appointment,0,19,16,10,0,0,0,0,0,0,0
TX001197,CUST0158,2025-04-30 21:27:00,16.27,Entertainment,FR,online game purchase,0,20,19,10,0,0,0,0,0,0,1
TX001198,CUST0112,2025-04-30 22:23:00,18.0,Subscription,FR,monthly streaming subscription,0,30,11,10,0,0,0,1,0,0,1
TX001199,CUST0082,2025-04-30 23:46:00,12.18,Dining,FR,coffee shop purchase,0,20,13,10,0,0,0,0,0,0,0
TX001200,CUST0013,2025-05-01 00:09:00,65.41,Groceries,FR,weekly farmers market,0,21,16,10,0,0,0,0,0,0,0
TX001201,CUST0105,2025-05-01 01:33:00,22.09,Dining,FR,restaurant dinner payment,0,25,11,10,1,0,0,0,0,0,0
TX001202,CUST0005,2025-05-01 02:13:00,83.0,Online Retail,FR,online clothes order,0,20,13,10,0,0,0,0,0,0,0
TX001203,CUST0095,2025-05-01 03:31:00,128.51,Services,FR,internet service payment,0,24,14,10,1,0,0,0,0,0,0
TX001204,CUST0075,2025-05-01 04:22:00,1899.78,Services,DE,urgent international wire,1,25,15,10,1,0,0,0,0,1,0
TX001205,CUST0015,2025-05-01 05:34:00,48.01,Automotive,FR,car wash service,0,16,6,10,0,0,0,0,0,0,0
TX001206,CUST0196,2025-05-01 06:18:00,7.42,Dining,FR,bakery morning pastry,0,21,15,10,0,0,0,0,0,0,0
TX001207,CUST0104,2025-05-01 07:40:00,105.79,Education,FR,bookstore purchase,0,18,12,8,0,0,0,0,0,0,0
TX001208,CUST0053,2025-05-01 08:41:00,14.5,Dining,FR,coffee shop purchase,0,20,22,10,0,0,0,0,0,0,0
TX001209,CUST0022,2025-05-01 09:49:00,12.04,Entertainment,FR,public transport ticket,0,23,12,4,0,0,0,0,0,0,0
TX001210,CUST0077,2025-05-02 10:03:00,11.23,Dining,FR,coffee shop purchase,0,20,12,10,0,0,0,0,0,0,0
TX001211,CUST0180,2025-05-02 11:01:00,546.15,Travel,US,overseas investment transfer,1,28,11,1,1,0,0,0,0,1,0
TX001212,CUST0101,2025-05-02 12:36:00,9.92,Entertainment,FR,public transport ticket,0,23,13,4,0,0,0,0,0,0,0
TX001213,CUST0059,2025-05-02 13:30:00,79.87,Groceries,FR,supermarket groceries bill,0,26,9,10,1,0,0,0,0,0,0
TX001214,CUST0026,2025-05-02 14:19:00,6.54,Dining,FR,bakery morning pastry,0,21,13,10,0,0,0,0,0,0,0
TX001215,CUST0181,2025-05-02 15:07:00,14.76,Entertainment,FR,public transport ticket,0,23,10,4,0,0,0,0,0,0,0
TX001216,CUST0114,2025-05-02 16:53:00,27.91,Dining,FR,online food delivery,0,20,12,10,0,0,0,0,0,0,0
TX001217,CUST0108,2025-05-02 17:29:00,298.66,Services,PL,digital asset transfer,1,22,16,7,1,0,1,0,0,1,1
TX001218,CUST0084,2025-05-02 18:48:00,26.54,Dining,FR,online food delivery,0,20,18,10,0,0,0,0,0,0,0
TX001219,CUST0134,2025-05-02 19:37:00,12.06,Dining,FR,coffee shop purchase,0,20,11,10,0,0,0,0,0,0,0
TX001220,CUST0142,2025-05-03 20:55:00,12.55,Dining,FR,coffee shop purchase,0,20,15,10,0,0,0,0,0,0,0
TX001221,CUST0098,2025-05-03 21:17:00,3254.12,Electronics,CN,high-value electronics,1,22,15,10,0,0,0,0,0,0,0
TX001222,CUST0078,2025-05-03 22:18:00,10.59,Dining,FR,coffee shop purchase,0,20,17,10,0,0,0,0,0,0,0
TX001223,CUST0024,2025-05-03 23:49:00,55.45,Groceries,FR,supermarket groceries bill,0,26,15,10,1,0,0,0,0,0,0
TX001200,CUST0197,2025-05-01 00:57:00,7.42,Restaurant,CA,Fast food takeout lunch break,0,29,7,10,0,0,0,0,0,0,0
TX001201,CUST0149,2025-05-01 01:08:00,105.18,Apparel,CA,Online clothing order for new items,0,35,17,10,0,0,0,0,0,0,0
TX001202,CUST0046,2025-05-01 02:32:00,54.76,Subscription Service,CA,Monthly streaming service subscription fee,0,42,18,10,0,0,0,1,0,0,1
TX001203,CUST0113,2025-05-01 03:50:00,12.3,Coffee Shop,CA,Daily coffee shop purchase,0,26,8,10,0,0,0,0,0,0,0
TX001204,CUST0023,2025-05-01 04:33:00,35.84,Healthcare,CA,Pharmacy prescription pickup service,0,36,19,10,0,0,0,0,0,0,0
TX001205,CUST0149,2025-05-01 05:57:00,95.8,Gas Station,CA,Gas station fill-up for car,0,27,17,10,0,0,0,0,0,0,0
TX001206,CUST0159,2025-05-01 06:38:00,12.43,Coffee Shop,CA,Daily coffee shop purchase,0,26,24,10,0,0,0,0,0,0,0
TX001207,CUST0110,2025-05-01 07:02:00,28.53,Entertainment,CA,Movie rental streaming platform,0,31,13,10,0,0,0,0,0,0,1
TX001208,CUST0119,2025-05-01 08:50:00,11.02,Coffee Shop,CA,Daily coffee shop purchase,0,26,14,10,0,0,0,0,0,0,0
TX001209,CUST0189,2025-05-01 09:33:00,62.9,Online Retail,CA,Pet supplies online order delivery,0,34,12,10,0,0,0,0,0,0,0
TX001210,CUST0092,2025-05-02 10:28:00,13.9,Entertainment,CA,Online game purchase for fun,0,28,11,10,0,0,0,0,0,0,1
TX001211,CUST0074,2025-05-02 11:48:00,18.25,Coffee Shop,CA,Daily coffee shop purchase,0,26,11,10,0,0,0,0,0,0,0
TX001212,CUST0112,2025-05-02 12:23:00,78.43,Home Improvement,CA,Hardware store items for repairs,0,32,11,10,0,0,0,0,0,0,0
TX001213,CUST0079,2025-05-02 13:24:00,29.8,Automotive,CA,Car wash service full clean,0,27,12,10,0,0,0,0,0,0,0
TX001214,CUST0039,2025-05-02 14:46:00,14.16,Restaurant,CA,Fast food takeout lunch break,0,29,13,10,0,0,0,0,0,0,0
TX001215,CUST0121,2025-05-02 15:00:00,28.84,Books & Media,CA,Bookstore purchase for new novel,0,32,17,10,0,0,0,0,0,0,0
TX001216,CUST0068,2025-05-02 16:43:00,12.02,Coffee Shop,CA,Daily coffee shop purchase,0,26,17,10,0,0,0,0,0,0,0
TX001217,CUST0102,2025-05-02 17:54:00,65.3,Online Retail,CA,Online clothing order for new items,0,35,16,10,0,0,0,0,0,0,0
TX001218,CUST0132,2025-05-02 18:39:00,83.15,Gas Station,CA,Gas station fill-up for car,0,27,16,10,0,0,0,0,0,0,0
TX001219,CUST0133,2025-05-02 19:52:00,108.38,Luxury Goods,MX,Subscription to obscure digital assets platform,1,47,17,3,0,0,1,1,0,0,1
TX001220,CUST0178,2025-05-03 20:18:00,9.17,Restaurant,CA,Fast food takeout lunch break,0,29,13,10,0,0,0,0,0,0,0
TX001221,CUST0024,2025-05-03 21:10:00,12.08,Coffee Shop,CA,Daily coffee shop purchase,0,26,15,10,0,0,0,0,0,0,0
TX001222,CUST0106,2025-05-03 22:37:00,6.83,Coffee Shop,CA,Daily coffee shop purchase,0,26,14,10,0,0,0,0,0,0,0
TX001223,CUST0029,2025-05-03 23:12:00,14.93,Coffee Shop,CA,Daily coffee shop purchase,0,26,18,10,0,0,0,0,0,0,0
TX001224,CUST0156,2025-05-03 00:44:00,5.92,Coffee Shop,CA,Daily coffee shop purchase,0,26,13,10,0,0,0,0,0,0,0
TX001225,CUST0005,2025-05-03 01:50:00,105.81,Groceries,CA,Weekly grocery store shopping trip,0,34,13,10,0,0,0,0,0,0,0
TX001226,CUST0193,2025-05-03 02:18:00,12.8,Coffee Shop,CA,Daily coffee shop purchase,0,26,12,10,0,0,0,0,0,0,0
TX001227,CUST0114,2025-05-03 03:16:00,8.04,Restaurant,CA,Fast food takeout lunch break,0,29,12,10,0,0,0,0,0,0,0
TX001228,CUST0160,2025-05-03 04:43:00,55.43,Subscription Service,CA,Monthly streaming service subscription fee,0,42,12,10,0,0,0,1,0,0,1
TX001229,CUST0102,2025-05-03 05:35:00,14.86,Restaurant,CA,Food delivery service meal order,0,32,16,10,0,0,0,0,0,0,0
TX001230,CUST0049,2025-05-04 06:51:00,47.92,Healthcare,CA,Pharmacy prescription pickup service,0,36,17,10,0,0,0,0,0,0,0
TX001231,CUST0021,2025-05-04 07:18:00,12.63,Coffee Shop,CA,Daily coffee shop purchase,0,26,18,10,0,0,0,0,0,0,0
TX001232,CUST0008,2025-05-04 08:37:00,34.19,Services,CA,Haircut service payment local salon,0,35,14,10,1,0,0,0,0,0,0
TX001233,CUST0051,2025-05-04 09:57:00,11.38,Coffee Shop,CA,Daily coffee shop purchase,0,26,12,10,0,0,0,0,0,0,0
TX001234,CUST0187,2025-05-04 10:57:00,102.37,Groceries,CA,Weekly grocery store shopping trip,0,34,11,10,0,0,0,0,0,0,0
TX001235,CUST0042,2025-05-04 11:46:00,482.48,Cryptocurrency Exchange,GB,Purchase of untraceable gift cards bulk,1,39,9,5,0,1,1,0,0,0,0
TX001236,CUST0018,2025-05-04 12:41:00,83.18,Groceries,CA,Weekly grocery store shopping trip,0,34,15,10,0,0,0,0,0,0,0
TX001237,CUST0084,2025-05-04 13:37:00,9.42,Coffee Shop,CA,Daily coffee shop purchase,0,26,18,10,0,0,0,0,0,0,0
TX001238,CUST0045,2025-05-04 14:17:00,7.37,Coffee Shop,CA,Daily coffee shop purchase,0,26,18,10,0,0,0,0,0,0,0
TX001239,CUST0143,2025-05-04 15:43:00,6.84,Coffee Shop,CA,Daily coffee shop purchase,0,26,15,10,0,0,0,0,0,0,0
TX001240,CUST0136,2025-05-05 16:34:00,14.59,Restaurant,CA,Dinner at local restaurant with friends,0,39,15,10,0,0,0,0,0,0,0
TX001241,CUST0055,2025-05-05 17:36:00,110.87,Groceries,CA,Weekly grocery store shopping trip,0,34,9,10,0,0,0,0,0,0,0
TX001242,CUST0020,2025-05-05 18:32:00,13.91,Restaurant,CA,Food delivery service meal order,0,32,18,10,0,0,0,0,0,0,0
TX001243,CUST0133,2025-05-05 19:58:00,4.54,Coffee Shop,CA,Daily coffee shop purchase,0,26,17,10,0,0,0,0,0,0,0
TX001244,CUST0036,2025-05-05 20:32:00,13.67,Entertainment,CA,Online game purchase for fun,0,28,14,10,0,0,0,0,0,0,1
TX001245,CUST0055,2025-05-05 21:00:00,44.57,Subscription Service,CA,Monthly streaming service subscription fee,0,42,9,10,0,0,0,1,0,0,1
TX001246,CUST0121,2025-05-05 22:05:00,34.3,Services,CA,Haircut service payment local salon,0,35,17,10,1,0,0,0,0,0,0
TX001247,CUST0152,2025-05-05 23:47:00,12.38,Coffee Shop,CA,Daily coffee shop purchase,0,26,15,10,0,0,0,0,0,0,0
TX001248,CUST0019,2025-05-05 00:19:00,54.76,Subscription Service,CA,Monthly streaming service subscription fee,0,42,14,10,0,0,0,1,0,0,1
TX001249,CUST0139,2025-05-05 01:33:00,109.84,Groceries,CA,Weekly grocery store shopping trip,0,34,12,10,0,0,0,0,0,0,0
TX001250,CUST0013,2025-05-06 02:10:00,11.23,Coffee Shop,CA,Daily coffee shop purchase,0,26,16,10,0,0,0,0,0,0,0
TX001251,CUST0182,2025-05-06 03:19:00,37.98,Healthcare,CA,Pharmacy prescription pickup service,0,36,11,10,0,0,0,0,0,0,0
TX001252,CUST0088,2025-05-06 04:02:00,10.6,Restaurant,CA,Fast food takeout lunch break,0,29,11,10,0,0,0,0,0,0,0
TX001253,CUST0145,2025-05-06 05:16:00,12.63,Coffee Shop,CA,Daily coffee shop purchase,0,26,12,10,0,0,0,0,0,0,0
TX001254,CUST0003,2025-05-06 06:57:00,91.07,Gas Station,CA,Gas station fill-up for car,0,27,10,10,0,0,0,0,0,0,0
TX001255,CUST0196,2025-05-06 07:25:00,85.95,Groceries,CA,Weekly grocery store shopping trip,0,34,15,10,0,0,0,0,0,0,0
TX001256,CUST0064,2025-05-06 08:59:00,13.9,Coffee Shop,CA,Daily coffee shop purchase,0,26,18,10,0,0,0,0,0,0,0
TX001257,CUST0172,2025-05-06 09:22:00,11.19,Coffee Shop,CA,Daily coffee shop purchase,0,26,10,10,0,0,0,0,0,0,0
TX001258,CUST0110,2025-05-06 10:14:00,10.42,Coffee Shop,CA,Daily coffee shop purchase,0,26,13,10,0,0,0,0,0,0,0
TX001259,CUST0068,2025-05-06 11:48:00,36.63,Services,CA,Haircut service payment local salon,0,35,17,10,1,0,0,0,0,0,0
TX001260,CUST0144,2025-05-07 12:57:00,453.91,Electronics,US,Purchase of high-value electronics online,1,41,13,10,0,0,0,0,0,0,0
TX001261,CUST0181,2025-05-07 13:41:00,10.12,Coffee Shop,CA,Daily coffee shop purchase,0,26,10,10,0,0,0,0,0,0,0
TX001262,CUST0183,2025-05-07 14:15:00,8.0,Coffee Shop,CA,Daily coffee shop purchase,0,26,15,10,0,0,0,0,0,0,0
TX001263,CUST0143,2025-05-07 15:08:00,7.37,Restaurant,CA,Fast food takeout lunch break,0,29,15,10,0,0,0,0,0,0,0
TX001264,CUST0105,2025-05-07 16:45:00,13.52,Coffee Shop,CA,Daily coffee shop purchase,0,26,11,10,0,0,0,0,0,0,0
TX001265,CUST0056,2025-05-07 17:01:00,6.78,Coffee Shop,CA,Daily coffee shop purchase,0,26,10,10,0,0,0,0,0,0,0
TX001266,CUST0004,2025-05-07 18:50:00,10.36,Coffee Shop,CA,Daily coffee shop purchase,0,26,15,10,0,0,0,0,0,0,0
TX001267,CUST0028,2025-05-07 19:33:00,12.02,Coffee Shop,CA,Daily coffee shop purchase,0,26,10,10,0,0,0,0,0,0,0
TX001268,CUST0043,2025-05-07 20:00:00,25.12,Entertainment,CA,Movie rental streaming platform,0,31,16,10,0,0,0,0,0,0,1
TX001269,CUST0048,2025-05-07 21:56:00,11.75,Coffee Shop,CA,Daily coffee shop purchase,0,26,9,10,0,0,0,0,0,0,0
TX001270,CUST0176,2025-05-08 22:21:00,13.84,Restaurant,CA,Dinner at local restaurant with friends,0,39,15,10,0,0,0,0,0,0,0
TX001271,CUST0129,2025-05-08 23:27:00,105.79,Groceries,CA,Weekly grocery store shopping trip,0,34,19,10,0,0,0,0,0,0,0
TX001272,CUST0068,2025-05-08 00:59:00,42.17,Healthcare,CA,Pharmacy prescription pickup service,0,36,17,10,0,0,0,0,0,0,0
TX001273,CUST0110,2025-05-08 01:46:00,11.79,Restaurant,CA,Fast food takeout lunch break,0,29,13,10,0,0,0,0,0,0,0
TX001274,CUST0087,2025-05-08 02:22:00,11.51,Coffee Shop,CA,Daily coffee shop purchase,0,26,13,10,0,0,0,0,0,0,0
TX001275,CUST0149,2025-05-08 03:38:00,12.2,Coffee Shop,CA,Daily coffee shop purchase,0,26,17,10,0,0,0,0,0,0,0
TX001276,CUST0018,2025-05-08 04:44:00,88.0,Gas Station,CA,Gas station fill-up for car,0,27,15,10,0,0,0,0,0,0,0
TX001277,CUST0079,2025-05-08 05:21:00,10.97,Coffee Shop,CA,Daily coffee shop purchase,0,26,12,10,0,0,0,0,0,0,0
TX001278,CUST0198,2025-05-08 06:55:00,14.88,Restaurant,CA,Food delivery service meal order,0,32,10,10,0,0,0,0,0,0,0
TX001279,CUST0010,2025-05-08 07:10:00,12.03,Coffee Shop,CA,Daily coffee shop purchase,0,26,9,10,0,0,0,0,0,0,0
TX001280,CUST0197,2025-05-09 08:05:00,34.5,Services,CA,Haircut service payment local salon,0,35,7,10,1,0,0,0,0,0,0
TX001281,CUST0086,2025-05-09 09:01:00,54.91,Subscription Service,CA,Monthly streaming service subscription fee,0,42,10,10,0,0,0,1,0,0,1
TX001282,CUST0039,2025-05-09 10:57:00,7.42,Coffee Shop,CA,Daily coffee shop purchase,0,26,13,10,0,0,0,0,0,0,0
TX001283,CUST0195,2025-05-09 11:42:00,13.91,Restaurant,CA,Food delivery service meal order,0,32,11,10,0,0,0,0,0,0,0
TX001284,CUST0131,2025-05-09 12:06:00,9.9,Coffee Shop,CA,Daily coffee shop purchase,0,26,9,10,0,0,0,0,0,0,0
TX001285,CUST0103,2025-05-09 13:31:00,5431.13,International Money Transfer,AE,High-value jewelry acquisition via proxy,1,40,14,9,0,0,0,0,0,1,0
TX001286,CUST0101,2025-05-09 14:23:00,12.87,Coffee Shop,CA,Daily coffee shop purchase,0,26,13,10,0,0,0,0,0,0,0
TX001287,CUST0126,2025-05-09 15:59:00,12.18,Coffee Shop,CA,Daily coffee shop purchase,0,26,18,10,0,0,0,0,0,0,0
TX001288,CUST0158,2025-05-09 16:03:00,22.8,Entertainment,CA,Movie rental streaming platform,0,31,19,10,0,0,0,0,0,0,1
TX001289,CUST0028,2025-05-09 17:36:00,42.06,Utilities,CA,Mobile phone top-up credit purchase,0,35,10,10,1,0,0,0,0,0,0
TX001290,CUST0069,2025-05-10 18:39:00,105.79,Groceries,CA,Weekly grocery store shopping trip,0,34,9,10,0,0,0,0,0,0,0
TX001291,CUST0080,2025-05-10 19:08:00,10.97,Coffee Shop,CA,Daily coffee shop purchase,0,26,13,10,0,0,0,0,0,0,0
TX001292,CUST0052,2025-05-10 20:57:00,13.91,Restaurant,CA,Food delivery service meal order,0,32,11,10,0,0,0,0,0,0,0
TX001293,CUST0091,2025-05-10 21:23:00,12.87,Coffee Shop,CA,Daily coffee shop purchase,0,26,14,10,0,0,0,0,0,0,0
TX001294,CUST0004,2025-05-10 22:27:00,11.19,Coffee Shop,CA,Daily coffee shop purchase,0,26,15,10,0,0,0,0,0,0,0
TX001295,CUST0045,2025-05-10 23:04:00,1205.12,Digital Goods & Software,CA,Software license annual renewal fee,1,35,18,10,0,0,0,1,0,0,1
TX001296,CUST0009,2025-05-10 00:20:00,13.9,Coffee Shop,CA,Daily coffee shop purchase,0,26,17,10,0,0,0,0,0,0,0
TX001297,CUST0034,2025-05-10 01:38:00,7.37,Restaurant,CA,Fast food takeout lunch break,0,29,12,10,0,0,0,0,0,0,0
TX001298,CUST0033,2025-05-10 02:45:00,54.91,Subscription Service,CA,Monthly streaming service subscription fee,0,42,12,10,0,0,0,1,0,0,1
TX001299,CUST0150,2025-05-10 03:17:00,10.42,Coffee Shop,CA,Daily coffee shop purchase,0,26,16,10,0,0,0,0,0,0,0
TX001300,CUST0088,2025-05-11 04:34:00,13.52,Coffee Shop,CA,Daily coffee shop purchase,0,26,11,10,0,0,0,0,0,0,0
TX001301,CUST0183,2025-05-11 05:55:00,1827.87,Cryptocurrency Exchange,NG,Anonymous cryptocurrency exchange transaction initiation,1,56,15,10,0,0,1,0,0,0,0
TX001302,CUST0161,2025-05-11 06:04:00,175.0,Online Retail,DE,Purchase of high-value electronics online,1,41,14,10,0,0,0,0,0,0,0
TX001303,CUST0032,2025-05-11 07:17:00,10.36,Coffee Shop,CA,Daily coffee shop purchase,0,26,20,10,0,0,0,0,0,0,0
TX001304,CUST0083,2025-05-11 08:17:00,11.51,Coffee Shop,CA,Daily coffee shop purchase,0,26,11,10,0,0,0,0,0,0,0
TX001305,CUST0100,2025-05-11 09:03:00,12.03,Coffee Shop,CA,Daily coffee shop purchase,0,26,10,10,0,0,0,0,0,0,0
TX001306,CUST0165,2025-05-11 10:19:00,11.75,Coffee Shop,CA,Daily coffee shop purchase,0,26,9,10,0,0,0,0,0,0,0
TX001307,CUST0018,2025-05-11 11:46:00,11.79,Restaurant,CA,Fast food takeout lunch break,0,29,15,10,0,0,0,0,0,0,0
TX001308,CUST0037,2025-05-11 12:03:00,6.78,Coffee Shop,CA,Daily coffee shop purchase,0,26,16,10,0,0,0,0,0,0,0
TX001309,CUST0178,2025-05-11 13:46:00,12.2,Coffee Shop,CA,Daily coffee shop purchase,0,26,13,10,0,0,0,0,0,0,0
TX001310,CUST0070,2025-05-12 14:56:00,9.9,Coffee Shop,CA,Daily coffee shop purchase,0,26,9,10,0,0,0,0,0,0,0
TX001311,CUST0156,2025-05-12 15:29:00,112.59,Online Retail,CA,Online clothing order for new items,1,35,13,10,0,0,0,0,0,0,0
TX001312,CUST0052,2025-05-12 16:04:00,98.45,Subscription Service,CA,Subscription to obscure digital assets platform,1,47,11,10,0,0,1,1,0,0,1
TX001313,CUST0108,2025-05-12 17:07:00,25.12,Entertainment,CA,Movie rental streaming platform,0,31,16,10,0,0,0,0,0,0,1
TX001314,CUST0186,2025-05-12 18:35:00,28.84,Books & Media,CA,Bookstore purchase for new novel,0,32,11,10,0,0,0,0,0,0,0
TX001315,CUST0003,2025-05-12 19:13:00,10.12,Coffee Shop,CA,Daily coffee shop purchase,0,26,10,10,0,0,0,0,0,0,0
TX001316,CUST0026,2025-05-12 20:33:00,8.0,Coffee Shop,CA,Daily coffee shop purchase,0,26,13,10,0,0,0,0,0,0,0
TX001317,CUST0080,2025-05-12 21:15:00,13.84,Restaurant,CA,Dinner at local restaurant with friends,0,39,13,10,0,0,0,0,0,0,0
TX001318,CUST0065,2025-05-12 22:26:00,4.54,Coffee Shop,CA,Daily coffee shop purchase,0,26,15,10,0,0,0,0,0,0,0
TX001319,CUST0155,2025-05-12 23:50:00,1023.2,Travel,GB,Unusual flight booking to remote location,1,41,15,10,0,0,0,0,0,0,0
TX001320,CUST0057,2025-05-13 00:52:00,88.0,Gas Station,CA,Gas station fill-up for car,0,27,15,10,0,0,0,0,0,0,0
TX001321,CUST0177,2025-05-13 01:02:00,91.07,Gas Station,CA,Gas station fill-up for car,0,27,18,10,0,0,0,0,0,0,0
TX001322,CUST0123,2025-05-13 02:14:00,1342.77,International Money Transfer,AU,Urgent international wire transfer processing fee,1,49,18,10,1,0,0,0,0,1,0
TX001323,CUST0030,2025-05-13 03:00:00,42.06,Utilities,CA,Mobile phone top-up credit purchase,0,35,12,10,1,0,0,0,0,0,0
TX001324,CUST0142,2025-05-13 04:39:00,12.43,Coffee Shop,CA,Daily coffee shop purchase,0,26,15,10,0,0,0,0,0,0,0
TX001325,CUST0122,2025-05-13 05:43:00,2650.0,Luxury Goods,CH,Luxury watch ordered from offshore vendor,1,41,17,10,0,0,0,0,0,0,0
TX001300,CUST0037,2025-05-11 04:06:00,10.35,Restaurants,AU,Lunch with friends at local restaurant.,0,39,16,10,0,0,0,0,0,0,0
TX001301,CUST0144,2025-05-11 05:24:00,78.43,Apparel,AU,Online clothing store order for new apparel.,0,44,13,10,0,0,0,0,0,0,0
TX001302,CUST0165,2025-05-11 06:46:00,25.1,Groceries,AU,Weekly grocery store shopping trip.,0,35,9,10,0,0,0,0,0,0,0
TX001303,CUST0102,2025-05-11 07:22:00,110.2,Home Improvement,AU,Hardware store purchase for home repairs.,0,41,16,10,0,0,0,0,0,0,0
TX001304,CUST0025,2025-05-11 08:37:00,54.8,Entertainment,AU,Concert tickets and sports gear payment.,0,40,16,10,1,0,0,0,0,0,0
TX001305,CUST0160,2025-05-11 09:17:00,6.99,Services,AU,Online purchase movie daily membership.,0,39,12,10,0,0,0,1,0,0,0
TX001306,CUST0103,2025-05-11 10:12:00,45.75,Gas Station,AU,Gas station fuel fill-up for car.,0,33,14,10,0,0,0,0,0,0,0
TX001307,CUST0116,2025-05-11 11:59:00,15.0,Books,AU,Bookstore purchase of new novel.,0,32,16,10,0,0,0,0,0,0,0
TX001308,CUST0050,2025-05-11 12:58:00,34.6,Apparel,AU,Online store purchase monthly clothing.,0,39,16,10,0,0,0,1,0,0,0
TX001309,CUST0068,2025-05-11 13:15:00,75.25,Online Retail,AU,Online retail purchase everyday items.,0,38,17,10,0,0,0,0,0,0,0
TX001310,CUST0135,2025-05-12 14:36:00,12.5,Groceries,AU,Bakery groceries purchase daily items.,0,38,12,10,0,0,0,0,0,0,0
TX001311,CUST0064,2025-05-12 15:54:00,28.99,Entertainment,AU,Monthly streaming service subscription fee.,0,43,18,10,0,0,0,1,0,0,1
TX001312,CUST0009,2025-05-12 16:59:00,130.5,Transportation,AU,Flight ticket booking for holiday travel.,0,41,17,10,0,0,0,0,0,0,0
TX001313,CUST0064,2025-05-12 17:32:00,8.7,Restaurants,AU,Morning coffee and pastry purchase.,0,35,18,10,0,0,0,0,0,0,0
TX001314,CUST0018,2025-05-12 18:29:00,125.0,Healthcare,AU,Medical appointment and insurance premium.,0,42,15,10,0,0,0,0,0,0,0
TX001315,CUST0143,2025-05-12 19:13:00,99.99,Services,AU,Monthly gym membership renewal payment.,0,39,15,10,1,0,0,1,0,0,0
TX001316,CUST0118,2025-05-12 20:57:00,3.4,Transportation,AU,Public transport card top-up.,0,29,18,10,1,0,0,0,0,0,0
TX001317,CUST0118,2025-05-12 21:43:00,14.2,Restaurants,AU,Takeaway food order for lunch.,0,30,18,10,0,0,0,0,0,0,0
TX001318,CUST0126,2025-05-12 22:42:00,65.0,Services,AU,Haircut and grooming service payment.,0,37,18,10,1,0,0,0,0,0,0
TX001319,CUST0021,2025-05-12 23:31:00,115.3,Online Retail,AU,Online purchase pet store home goods.,0,37,18,10,0,0,0,0,0,0,0
TX001320,CUST0040,2025-05-13 00:53:00,22.8,Pharmacy,AU,Pharmacy prescription refill and supplies.,0,42,14,10,0,0,0,0,0,0,0
TX001321,CUST0096,2025-05-13 01:30:00,39.99,Online Retail,AU,Online clothing store order for apparel.,0,40,13,10,0,0,0,0,0,0,0
TX001322,CUST0160,2025-05-13 02:07:00,500.25,Travel,US,Hotel booking for overseas travel.,0,34,12,10,0,0,0,0,0,0,0
TX001323,CUST0030,2025-05-13 03:54:00,8.8,Restaurants,AU,Coffee and pastry purchase daily shop.,0,38,12,10,0,0,0,0,0,0,0
TX001324,CUST0040,2025-05-13 04:15:00,67.2,Groceries,AU,Weekly grocery store shopping trip.,0,35,14,10,0,0,0,0,0,0,0
TX001325,CUST0090,2025-05-13 05:18:00,15.6,Entertainment,AU,Movie ticket and snacks purchase.,0,33,8,10,0,0,0,0,0,0,0
TX001326,CUST0170,2025-05-13 06:25:00,45.1,Gas Station,AU,Gas station fuel fill-up for car.,0,33,16,10,0,0,0,0,0,0,0
TX001327,CUST0150,2025-05-13 07:00:00,12.99,Online Retail,AU,Online retail purchase everyday items.,0,38,16,10,0,0,0,0,0,0,0
TX001328,CUST0140,2025-05-13 08:39:00,35.0,Services,AU,Car wash service and detailing.,0,31,7,10,0,0,0,0,0,0,0
TX001329,CUST0133,2025-05-13 09:25:00,22.0,Restaurants,AU,Lunch at cafe online order.,0,27,17,10,0,0,0,0,0,0,0
TX001330,CUST0049,2025-05-14 10:35:00,85.5,Apparel,AU,Online clothing store order for new apparel.,0,44,17,10,0,0,0,0,0,0,0
TX001331,CUST0136,2025-05-14 11:52:00,550.0,Education,AU,School supplies and education fees.,0,35,15,10,0,0,0,0,0,0,0
TX001332,CUST0171,2025-05-14 12:08:00,11.2,Pharmacy,AU,Pharmacy prescription refill and supplies.,0,42,11,10,0,0,0,0,0,0,0
TX001333,CUST0009,2025-05-14 13:17:00,90.0,Sports & Outdoors,AU,Sports gear online purchase membership.,0,39,17,10,0,0,0,1,0,0,0
TX001334,CUST0115,2025-05-14 14:24:00,6.75,Restaurants,AU,Morning coffee shop purchase daily.,0,35,15,10,0,0,0,0,0,0,0
TX001335,CUST0149,2025-05-14 15:17:00,17.5,Books,AU,Bookstore purchase of new novel.,0,32,17,10,0,0,0,0,0,0,0
TX001336,CUST0045,2025-05-14 16:55:00,25.0,Entertainment,AU,Movie tickets and snacks purchase.,0,34,18,10,0,0,0,0,0,0,0
TX001337,CUST0133,2025-05-14 17:50:00,13.0,Transportation,AU,Public transport card top-up.,0,29,17,10,1,0,0,0,0,0,0
TX001338,CUST0061,2025-05-14 18:55:00,42.1,Gas Station,AU,Gas station fuel fill-up for car.,0,33,16,10,0,0,0,0,0,0,0
TX001339,CUST0056,2025-05-14 19:10:00,33.5,Online Retail,AU,Online retail purchase everyday items.,0,38,10,10,0,0,0,0,0,0,0
TX001340,CUST0185,2025-05-15 20:06:00,145.0,Utilities,AU,Utility bill payment for electricity service.,0,45,13,10,0,0,0,0,0,0,0
TX001341,CUST0029,2025-05-15 21:29:00,88.0,Apparel,AU,Online clothing store order for new apparel.,0,44,18,10,0,0,0,0,0,0,0
TX001342,CUST0137,2025-05-15 22:47:00,19.99,Services,AU,Monthly streaming service subscription fee.,0,43,20,10,0,0,0,1,0,0,1
TX001343,CUST0149,2025-05-15 23:26:00,12.0,Restaurants,AU,Takeaway food order for lunch.,0,30,17,10,0,0,0,0,0,0,0
TX001344,CUST0072,2025-05-15 00:37:00,7.0,Restaurants,AU,Coffee and pastry purchase daily shop.,0,38,8,10,0,0,0,0,0,0,0
TX001345,CUST0192,2025-05-15 01:01:00,55.6,Groceries,AU,Weekly grocery store shopping trip.,0,35,16,10,0,0,0,0,0,0,0
TX001346,CUST0018,2025-05-15 02:11:00,18.2,Pharmacy,AU,Pharmacy prescription refill and supplies.,0,42,15,10,0,0,0,0,0,0,0
TX001347,CUST0024,2025-05-15 03:18:00,75.0,Services,AU,Haircut and grooming service payment.,0,37,15,10,0,0,0,0,0,0,0
TX001348,CUST0099,2025-05-15 04:23:00,250.0,Travel,AU,Flight ticket booking for holiday travel.,0,41,9,10,0,0,0,0,0,0,0
TX001349,CUST0081,2025-05-15 05:06:00,10.99,Entertainment,AU,Movie tickets and snacks purchase.,0,34,7,10,0,0,0,0,0,0,0
TX001350,CUST0030,2025-05-16 06:56:00,48.0,Gas Station,AU,Gas station fuel fill-up for car.,0,33,12,10,0,0,0,0,0,0,0
TX001351,CUST0089,2025-05-16 07:37:00,13.5,Books,AU,Bookstore purchase of new novel.,0,32,18,10,0,0,0,0,0,0,0
TX001352,CUST0076,2025-05-16 08:50:00,11.0,Restaurants,AU,Lunch with friends at local restaurant.,0,39,8,10,0,0,0,0,0,0,0
TX001353,CUST0145,2025-05-16 09:21:00,62.0,Apparel,AU,Online clothing store order for new apparel.,0,44,12,10,0,0,0,0,0,0,0
TX001354,CUST0135,2025-05-16 10:33:00,19.99,Online Retail,AU,Online retail purchase everyday items.,0,38,12,10,0,0,0,0,0,0,0
TX001355,CUST0075,2025-05-16 11:54:00,8.5,Restaurants,AU,Morning coffee and pastry purchase.,0,35,15,10,0,0,0,0,0,0,0
TX001356,CUST0030,2025-05-16 12:47:00,22.4,Pharmacy,AU,Pharmacy prescription refill and supplies.,0,42,12,10,0,0,0,0,0,0,0
TX001357,CUST0058,2025-05-16 13:53:00,14.8,Transportation,AU,Public transport card top-up.,0,29,9,10,1,0,0,0,0,0,0
TX001358,CUST0148,2025-05-16 14:27:00,120.0,Utilities,AU,Utility bill payment for electricity service.,0,45,13,10,0,0,0,0,0,0,0
TX001359,CUST0066,2025-05-16 15:22:00,34.0,Entertainment,AU,Concert tickets and sports gear payment.,0,40,18,9,0,0,0,0,0,0,0
TX001360,CUST0025,2025-05-17 16:47:00,55.0,Groceries,AU,Weekly grocery store shopping trip.,0,35,16,10,0,0,0,0,0,0,0
TX001361,CUST0049,2025-05-17 17:28:00,6.2,Restaurants,AU,Morning coffee shop purchase daily.,0,35,17,10,0,0,0,0,0,0,0
TX001362,CUST0040,2025-05-17 18:53:00,29.99,Services,AU,Monthly streaming service subscription fee.,0,43,14,10,0,0,0,1,0,0,1
TX001363,CUST0091,2025-05-17 19:01:00,40.5,Gas Station,AU,Gas station fuel fill-up for car.,0,33,14,10,0,0,0,0,0,0,0
TX001364,CUST0126,2025-05-17 20:42:00,16.0,Books,AU,Bookstore purchase of new novel.,0,32,18,10,0,0,0,0,0,0,0
TX001365,CUST0124,2025-05-17 21:25:00,105.0,Apparel,AU,Online clothing store order for new apparel.,0,44,13,10,0,0,0,0,0,0,0
TX001366,CUST0115,2025-05-17 22:47:00,25.5,Online Retail,AU,Online retail purchase everyday items.,0,38,15,10,0,0,0,0,0,0,0
TX001367,CUST0161,2025-05-17 23:30:00,15.2,Restaurants,AU,Takeaway food order for lunch.,0,30,14,10,0,0,0,0,0,0,0
TX001368,CUST0158,2025-05-17 00:05:00,70.0,Services,AU,Haircut and grooming service payment.,0,37,19,10,0,0,0,0,0,0,0
TX001369,CUST0191,2025-05-17 01:31:00,21.3,Pharmacy,AU,Pharmacy prescription refill and supplies.,0,42,19,10,0,0,0,0,0,0,0
TX001370,CUST0026,2025-05-18 02:20:00,4.5,Transportation,AU,Public transport card top-up.,0,29,13,10,1,0,0,0,0,0,0
TX001371,CUST0097,2025-05-18 03:17:00,135.0,Utilities,AU,Utility bill payment for electricity service.,0,45,8,10,0,0,0,0,0,0,0
TX001372,CUST0137,2025-05-18 04:01:00,58.75,Groceries,AU,Weekly grocery store shopping trip.,0,35,20,10,0,0,0,0,0,0,0
TX001373,CUST0050,2025-05-18 05:22:00,7.8,Restaurants,AU,Morning coffee and pastry purchase.,0,35,16,10,0,0,0,0,0,0,0
TX001374,CUST0121,2025-05-18 06:17:00,18.99,Entertainment,AU,Movie tickets and snacks purchase.,0,34,17,10,0,0,0,0,0,0,0
TX001375,CUST0116,2025-05-18 07:31:00,46.2,Gas Station,AU,Gas station fuel fill-up for car.,0,33,16,10,0,0,0,0,0,0,0
TX001376,CUST0123,2025-05-18 08:49:00,11.5,Books,AU,Bookstore purchase of new novel.,0,32,18,10,0,0,0,0,0,0,0
TX001377,CUST0021,2025-05-18 09:38:00,112.5,Apparel,AU,Online clothing store order for new apparel.,0,44,18,10,0,0,0,0,0,0,0
TX001378,CUST0001,2025-05-18 10:35:00,20.0,Online Retail,AU,Online retail purchase everyday items.,0,38,14,10,0,0,0,0,0,0,0
TX001379,CUST0194,2025-05-18 11:29:00,16.5,Restaurants,AU,Dinner with friends at local restaurant.,0,40,14,10,0,0,0,0,0,0,0
TX001380,CUST0173,2025-05-19 12:06:00,60.0,Services,AU,Haircut and grooming service payment.,0,37,9,10,0,0,0,0,0,0,0
TX001381,CUST0066,2025-05-19 13:29:00,23.0,Pharmacy,AU,Pharmacy prescription refill and supplies.,0,42,18,10,0,0,0,0,0,0,0
TX001382,CUST0083,2025-05-19 14:33:00,5.0,Transportation,AU,Public transport card top-up.,0,29,11,10,1,0,0,0,0,0,0
TX001383,CUST0174,2025-05-19 15:09:00,128.0,Utilities,AU,Utility bill payment for electricity service.,0,45,11,10,0,0,0,0,0,0,0
TX001384,CUST0033,2025-05-19 16:39:00,52.3,Groceries,AU,Weekly grocery store shopping trip.,0,35,12,10,0,0,0,0,0,0,0
TX001385,CUST0192,2025-05-19 17:57:00,9.1,Restaurants,AU,Morning coffee and pastry purchase.,0,35,16,10,0,0,0,0,0,0,0
TX001386,CUST0049,2025-05-19 18:58:00,17.0,Entertainment,AU,Movie tickets and snacks purchase.,0,34,17,10,0,0,0,0,0,0,0
TX001387,CUST0022,2025-05-19 19:43:00,43.8,Gas Station,AU,Gas station fuel fill-up for car.,0,33,12,10,0,0,0,0,0,0,0
TX001388,CUST0068,2025-05-19 20:39:00,10.0,Books,AU,Bookstore purchase of new novel.,0,32,17,10,0,0,0,0,0,0,0
TX001389,CUST0137,2025-05-19 21:34:00,95.0,Apparel,AU,Online clothing store order for new apparel.,0,44,20,10,0,0,0,0,0,0,0
TX001390,CUST0043,2025-05-20 22:30:00,21.5,Online Retail,AU,Online retail purchase everyday items.,0,38,16,10,0,0,0,0,0,0,0
TX001391,CUST0045,2025-05-20 23:58:00,14.0,Restaurants,AU,Lunch with friends at local restaurant.,0,39,18,10,0,0,0,0,0,0,0
TX001392,CUST0132,2025-05-20 00:44:00,68.0,Services,AU,Haircut and grooming service payment.,0,37,16,10,0,0,0,0,0,0,0
TX001393,CUST0117,2025-05-20 01:29:00,20.5,Pharmacy,AU,Pharmacy prescription refill and supplies.,0,42,12,10,0,0,0,0,0,0,0
TX001394,CUST0009,2025-05-20 02:22:00,4.2,Transportation,AU,Public transport card top-up.,0,29,17,10,1,0,0,0,0,0,0
TX001395,CUST0065,2025-05-20 03:20:00,118.0,Utilities,AU,Utility bill payment for electricity service.,0,45,15,10,0,0,0,0,0,0,0
TX001396,CUST0159,2025-05-20 04:44:00,50.0,Groceries,AU,Weekly grocery store shopping trip.,0,35,24,10,0,0,0,0,0,0,0
TX001397,CUST0046,2025-05-20 05:51:00,8.0,Restaurants,AU,Morning coffee and pastry purchase.,0,35,18,10,0,0,0,0,0,0,0
TX001398,CUST0053,2025-05-20 06:05:00,16.2,Entertainment,AU,Movie tickets and snacks purchase.,0,34,22,10,0,0,0,0,0,0,0
TX001399,CUST0005,2025-05-20 07:34:00,44.5,Gas Station,AU,Gas station fuel fill-up for car.,0,33,13,10,0,0,0,0,0,0,0
TX001400,CUST0175,2025-05-21 08:06:00,13.2,Books,AU,Bookstore purchase of new novel.,0,32,16,10,0,0,0,0,0,0,0
TX001401,CUST0045,2025-05-21 09:19:00,90.0,Apparel,AU,Online clothing store order for new apparel.,0,44,18,10,0,0,0,0,0,0,0
TX001402,CUST0004,2025-05-21 10:30:00,23.0,Online Retail,AU,Online retail purchase everyday items.,0,38,15,10,0,0,0,0,0,0,0
TX001403,CUST0113,2025-05-21 11:20:00,15.5,Restaurants,AU,Dinner with friends at local restaurant.,0,40,8,10,0,0,0,0,0,0,0
TX001404,CUST0003,2025-05-21 12:40:00,65.0,Services,AU,Haircut and grooming service payment.,0,37,10,10,0,0,0,0,0,0,0
TX001405,CUST0195,2025-05-21 13:05:00,21.0,Pharmacy,AU,Pharmacy prescription refill and supplies.,0,42,11,10,0,0,0,0,0,0,0
TX001406,CUST0029,2025-05-21 14:18:00,4.8,Transportation,AU,Public transport card top-up.,0,29,18,10,1,0,0,0,0,0,0
TX001407,CUST0047,2025-05-21 15:13:00,125.0,Utilities,AU,Utility bill payment for electricity service.,0,45,14,10,0,0,0,0,0,0,0
TX001408,CUST0020,2025-05-21 16:08:00,1560.89,Luxury Goods,MX,Designer jewelry acquisition from overseas supplier.,1,52,18,10,0,0,0,0,0,0,0
TX001409,CUST0125,2025-05-21 17:30:00,120.0,Financial Services,AU,Online purchase payment unexpected online.,1,42,17,3,0,0,0,0,0,0,0
TX001410,CUST0193,2025-05-22 18:11:00,3.99,Groceries,AU,Weekly grocery store shopping trip.,0,35,12,10,0,0,0,0,0,0,0
TX001411,CUST0118,2025-05-22 19:12:00,750.0,Gaming,US,Online game item purchase from unverified site.,1,47,18,10,0,0,0,0,0,0,1
TX001412,CUST0032,2025-05-22 20:31:00,49.99,Entertainment,AU,Monthly streaming service subscription fee.,0,43,20,10,0,0,0,1,0,0,1
TX001413,CUST0162,2025-05-22 21:02:00,1899.99,Electronics,CN,High-value electronics purchase online from CN.,1,47,11,10,0,0,0,0,0,0,0
TX001414,CUST0053,2025-05-22 22:56:00,8.0,Restaurants,AU,Morning coffee shop purchase daily.,0,35,22,10,0,0,0,0,0,0,0
TX001415,CUST0120,2025-05-22 23:12:00,45.0,Gas Station,AU,Gas station fuel fill-up for car.,0,33,13,10,0,0,0,0,0,0,0
TX001416,CUST0178,2025-05-22 00:09:00,120.0,Home Improvement,AU,Hardware store purchase for home repairs.,0,41,13,10,0,0,0,0,0,0,0
TX001417,CUST0152,2025-05-22 01:33:00,6.5,Restaurants,AU,Morning coffee and pastry purchase.,0,35,15,10,0,0,0,0,0,0,0
TX001418,CUST0013,2025-05-22 02:22:00,20.0,Entertainment,AU,Movie tickets and snacks purchase.,0,34,16,10,0,0,0,0,0,0,0
TX001419,CUST0072,2025-05-22 03:17:00,250.0,Software,AU,Premium software license purchase. unusual activity.,1,52,8,10,0,0,0,0,0,0,1
TX001420,CUST0019,2025-05-23 04:21:00,75.0,Apparel,AU,Online clothing store order for new apparel.,0,44,14,10,0,0,0,0,0,0,0
TX001421,CUST0118,2025-05-23 05:38:00,1050.25,Financial Services,NG,Urgent international money transfer to NG.,1,42,18,10,0,0,0,0,0,1,0
TX001422,CUST0166,2025-05-23 06:16:00,12.0,Books,AU,Bookstore purchase of new novel.,0,32,22,10,0,0,0,0,0,0,0
TX001423,CUST0001,2025-05-23 07:26:00,14.5,Restaurants,AU,Takeaway food order for lunch.,0,30,14,10,0,0,0,0,0,0,0
TX001424,CUST0052,2025-05-23 08:54:00,22.0,Pharmacy,AU,Pharmacy prescription refill and supplies.,0,42,11,10,0,0,0,0,0,0,0
TX001425,CUST0192,2025-05-23 09:10:00,5.2,Transportation,AU,Public transport card top-up.,0,29,16,10,1,0,0,0,0,0,0
TX001426,CUST0182,2025-05-23 10:11:00,1500.0,Financial Services,GB,Anonymous cryptocurrency transaction via anonymous platform.,1,60,11,10,0,0,1,0,0,0,0
TX001427,CUST0043,2025-05-23 11:49:00,130.0,Utilities,AU,Utility bill payment for electricity service.,0,45,16,10,0,0,0,0,0,0,0
TX001428,CUST0187,2025-05-23 12:03:00,56.1,Groceries,AU,Weekly grocery store shopping trip.,0,35,11,10,0,0,0,0,0,0,0
TX001429,CUST0059,2025-05-23 13:46:00,47.0,Gas Station,AU,Gas station fuel fill-up for car.,0,33,9,10,0,0,0,0,0,0,0
TX001430,CUST0017,2025-05-24 14:15:00,1800.0,Electronics,DE,High-value electronics purchase online from DE.,1,47,20,10,0,0,0,0,0,0,0
TX001431,CUST0195,2025-05-24 15:29:00,25.0,Online Retail,AU,Online retail purchase everyday items.,0,38,11,10,0,0,0,0,0,0,0
TX001432,CUST0049,2025-05-24 16:53:00,7.5,Restaurants,AU,Morning coffee and pastry purchase.,0,35,17,10,0,0,0,0,0,0,0
TX001433,CUST0056,2025-05-24 17:41:00,19.99,Entertainment,AU,Monthly streaming service subscription fee.,0,43,10,10,0,0,0,1,0,0,1
TX001434,CUST0077,2025-05-24 18:44:00,55.0,Services,AU,Online purchase unexpected digital service.,1,43,12,9,0,0,0,0,0,0,1
TX001435,CUST0008,2025-05-24 19:23:00,13.99,Books,AU,Bookstore purchase of new novel.,0,32,14,10,0,0,0,0,0,0,0
TX001436,CUST0024,2025-05-24 20:18:00,2100.0,Luxury Goods,FR,Luxury watch order from foreign vendor.,1,39,15,10,0,0,0,0,0,0,0
TX001437,CUST0006,2025-05-24 21:01:00,110.0,Apparel,AU,Online clothing store order for new apparel.,0,44,14,10,0,0,0,0,0,0,0
TX001438,CUST0027,2025-05-24 22:07:00,63.5,Services,AU,Haircut and grooming service payment.,0,37,11,10,0,0,0,0,0,0,0
TX001439,CUST0102,2025-05-24 23:40:00,1950.75,Travel,JP,Expensive travel package booking to remote destination.,1,55,16,10,0,0,0,0,0,0,0
TX001440,CUST0183,2025-05-25 00:19:00,20.0,Pharmacy,AU,Pharmacy prescription refill and supplies.,0,42,15,10,0,0,0,0,0,0,0
TX001441,CUST0049,2025-05-25 01:41:00,4.0,Transportation,AU,Public transport card top-up.,0,29,17,10,1,0,0,0,0,0,0
TX001400,CUST0031,2025-05-21 08:20:00,105.77,Entertainment,FR,Movie ticket booking,0,20,12,10,0,0,0,0,0,0,0
TX001401,CUST0123,2025-05-21 09:35:00,45.19,Education,FR,School supplies purchase,0,24,18,10,0,0,0,0,0,0,0
TX001402,CUST0136,2025-05-21 10:44:00,12.33,Restaurant,FR,Lunch at cafe,0,13,15,10,0,0,0,0,0,0,0
TX001403,CUST0057,2025-05-21 11:20:00,90.16,Online Retail,FR,Online clothes order,0,20,15,10,0,0,0,0,0,0,0
TX001404,CUST0110,2025-05-21 12:45:00,123.6,Home Goods,FR,Home improvement materials,0,26,13,10,0,0,0,0,0,0,0
TX001405,CUST0137,2025-05-21 13:58:00,11.08,Groceries,FR,Grocery store shopping,0,22,20,10,0,0,0,0,0,0,0
TX001406,CUST0162,2025-05-21 14:41:00,78.53,Groceries,FR,Grocery store shopping,0,22,11,10,0,0,0,0,0,0,0
TX001407,CUST0040,2025-05-21 15:11:00,147.28,Fashion,FR,Online clothes order,0,20,14,10,0,0,0,0,0,0,0
TX001408,CUST0089,2025-05-21 16:51:00,112.55,Online Retail,FR,Online subscription payment,1,27,18,8,0,0,0,1,0,0,1
TX001409,CUST0190,2025-05-21 17:49:00,141.05,Sporting Goods,FR,Gym membership renewal,0,22,12,9,0,0,0,1,0,0,0
TX001410,CUST0103,2025-05-22 18:12:00,32.72,Healthcare,FR,Pharmacy prescription pick-up,0,29,14,10,0,0,0,0,0,0,0
TX001411,CUST0129,2025-05-22 19:20:00,122.9,Services,FR,Haircut and styling service,0,27,19,10,0,0,0,0,0,0,0
TX001412,CUST0100,2025-05-22 20:38:00,6.84,Utilities,FR,Public transport fare,0,21,10,6,0,0,0,0,0,0,0
TX001413,CUST0082,2025-05-22 21:31:00,54.14,Groceries,FR,Grocery store shopping,0,22,13,10,0,0,0,0,0,0,0
TX001414,CUST0129,2025-05-22 22:24:00,25.13,Restaurant,FR,Restaurant dinner with friends,0,30,19,10,0,0,0,0,0,0,0
TX001415,CUST0060,2025-05-22 23:10:00,119.26,Books,FR,Local bookstore visit,0,21,9,10,0,0,0,0,0,0,0
TX001416,CUST0149,2025-05-22 00:21:00,10.74,Restaurant,FR,Coffee shop purchase,0,20,17,10,0,0,0,0,0,0,0
TX001417,CUST0100,2025-05-22 01:37:00,83.08,Groceries,FR,Grocery store shopping,0,22,10,10,0,0,0,0,0,0,0
TX001418,CUST0056,2025-05-22 02:36:00,17.5,Entertainment,FR,Movie ticket booking,0,20,10,10,0,0,0,0,0,0,0
TX001419,CUST0170,2025-05-22 03:55:00,11.23,Restaurant,FR,Coffee shop purchase,0,20,16,10,0,0,0,0,0,0,0
TX001420,CUST0089,2025-05-23 04:59:00,43.14,Healthcare,FR,Pharmacy prescription pick-up,0,29,18,10,0,0,0,0,0,0,0
TX001421,CUST0101,2025-05-23 05:21:00,111.45,Online Retail,FR,Online clothes order,0,20,13,10,0,0,0,0,0,0,0
TX001422,CUST0142,2025-05-23 06:06:00,6.07,Restaurant,FR,Coffee shop purchase,0,20,15,10,0,0,0,0,0,0,0
TX001423,CUST0137,2025-05-23 07:09:00,1547.46,Electronics,DE,High-value electronics shipment,1,31,20,10,0,0,0,0,0,0,0
TX001424,CUST0023,2025-05-23 08:26:00,139.75,Automotive,FR,Gas station fill-up,0,19,19,10,0,0,0,0,0,0,0
TX001425,CUST0106,2025-05-23 09:18:00,9.92,Restaurant,FR,Coffee shop purchase,0,20,14,10,0,0,0,0,0,0,0
TX001426,CUST0040,2025-05-23 10:15:00,58.07,Healthcare,FR,Pharmacy prescription pick-up,0,29,14,10,0,0,0,0,0,0,0
TX001427,CUST0064,2025-05-23 11:17:00,10.37,Restaurant,FR,Coffee shop purchase,0,20,18,10,0,0,0,0,0,0,0
TX001428,CUST0040,2025-05-23 12:20:00,90.06,Groceries,FR,Grocery store shopping,0,22,14,10,0,0,0,0,0,0,0
TX001429,CUST0103,2025-05-23 13:36:00,12.05,Restaurant,FR,Lunch at cafe,0,13,14,10,0,0,0,0,0,0,0
TX001430,CUST0169,2025-05-24 14:37:00,49.65,Automotive,FR,Car wash service,0,16,9,10,0,0,0,0,0,0,0
TX001431,CUST0114,2025-05-24 15:27:00,76.84,Groceries,FR,Grocery store shopping,0,22,12,10,0,0,0,0,0,0,0
TX001432,CUST0159,2025-05-24 16:48:00,92.49,Online Retail,FR,Online clothes order,0,20,24,10,0,0,0,0,0,0,0
TX001433,CUST0004,2025-05-24 17:44:00,25.13,Restaurant,FR,Restaurant dinner with friends,0,30,15,10,0,0,0,0,0,0,0
TX001434,CUST0154,2025-05-24 18:18:00,11.23,Restaurant,FR,Coffee shop purchase,0,20,8,10,0,0,0,0,0,0,0
TX001435,CUST0113,2025-05-24 19:10:00,10.74,Restaurant,FR,Coffee shop purchase,0,20,8,10,0,0,0,0,0,0,0
TX001436,CUST0058,2025-05-24 20:54:00,6.84,Utilities,FR,Public transport fare,0,21,9,6,0,0,0,0,0,0,0
TX001437,CUST0008,2025-05-24 21:30:00,56.46,Groceries,FR,Grocery store shopping,0,22,14,10,0,0,0,0,0,0,0
TX001438,CUST0123,2025-05-24 22:19:00,133.12,Online Retail,FR,Online clothes order,0,20,18,10,0,0,0,0,0,0,0
TX001439,CUST0178,2025-05-24 23:11:00,1827.81,Services,AE,Urgent international wire transfer,1,34,13,7,0,0,0,0,0,1,0
TX001440,CUST0038,2025-05-25 00:13:00,30.12,Entertainment,FR,Movie ticket booking,0,20,10,10,0,0,0,0,0,0,0
TX001441,CUST0040,2025-05-25 01:08:00,11.23,Restaurant,FR,Coffee shop purchase,0,20,14,10,0,0,0,0,0,0,0
TX001442,CUST0114,2025-05-25 02:14:00,119.26,Books,FR,Local bookstore visit,0,21,12,10,0,0,0,0,0,0,0
TX001443,CUST0042,2025-05-25 03:59:00,72.86,Groceries,FR,Grocery store shopping,0,22,9,10,0,0,0,0,0,0,0
TX001444,CUST0148,2025-05-25 04:52:00,122.9,Services,FR,Haircut and styling service,0,27,13,10,0,0,0,0,0,0,0
TX001445,CUST0004,2025-05-25 05:34:00,12.33,Restaurant,FR,Lunch at cafe,0,13,15,10,0,0,0,0,0,0,0
TX001446,CUST0153,2025-05-25 06:56:00,12.33,Restaurant,FR,Lunch at cafe,0,13,14,10,0,0,0,0,0,0,0
TX001447,CUST0021,2025-05-25 07:45:00,7.85,Restaurant,FR,Coffee shop purchase,0,20,18,10,0,0,0,0,0,0,0
TX001448,CUST0123,2025-05-25 08:04:00,11.08,Groceries,FR,Grocery store shopping,0,22,18,10,0,0,0,0,0,0,0
TX001449,CUST0134,2025-05-25 09:26:00,49.65,Automotive,FR,Car wash service,0,16,11,10,0,0,0,0,0,0,0
TX001450,CUST0023,2025-05-26 10:37:00,133.12,Online Retail,FR,Online clothes order,0,20,19,10,0,0,0,0,0,0,0
TX001451,CUST0120,2025-05-26 11:50:00,49.65,Automotive,FR,Car wash service,0,16,13,10,0,0,0,0,0,0,0
TX001452,CUST0049,2025-05-26 12:33:00,6.84,Utilities,FR,Public transport fare,0,21,17,6,0,0,0,0,0,0,0
TX001453,CUST0133,2025-05-26 13:08:00,5.92,Restaurant,FR,Coffee shop purchase,0,20,17,10,0,0,0,0,0,0,0
TX001454,CUST0133,2025-05-26 14:44:00,11.23,Restaurant,FR,Coffee shop purchase,0,20,17,10,0,0,0,0,0,0,0
TX001455,CUST0133,2025-05-26 15:07:00,10.37,Restaurant,FR,Coffee shop purchase,0,20,17,10,0,0,0,0,0,0,0
TX001456,CUST0101,2025-05-26 16:00:00,12.05,Restaurant,FR,Lunch at cafe,0,13,13,10,0,0,0,0,0,0,0
TX001457,CUST0193,2025-05-26 17:48:00,32.72,Healthcare,FR,Pharmacy prescription pick-up,0,29,12,10,0,0,0,0,0,0,0
TX001458,CUST0020,2025-05-26 18:52:00,12.05,Restaurant,FR,Lunch at cafe,0,13,18,10,0,0,0,0,0,0,0
TX001459,CUST0139,2025-05-26 19:10:00,6.07,Restaurant,FR,Coffee shop purchase,0,20,12,10,0,0,0,0,0,0,0
TX001460,CUST0102,2025-05-27 20:00:00,10.74,Restaurant,FR,Coffee shop purchase,0,20,16,10,0,0,0,0,0,0,0
TX001461,CUST0062,2025-05-27 21:42:00,43.14,Healthcare,FR,Pharmacy prescription pick-up,0,29,16,10,0,0,0,0,0,0,0
TX001462,CUST0191,2025-05-27 22:09:00,6.07,Restaurant,FR,Coffee shop purchase,0,20,19,10,0,0,0,0,0,0,0
TX001463,CUST0086,2025-05-27 23:47:00,111.45,Online Retail,FR,Online clothes order,0,20,10,10,0,0,0,0,0,0,0
TX001464,CUST0139,2025-05-27 00:32:00,141.05,Sporting Goods,FR,Gym membership renewal,0,22,12,9,0,0,0,1,0,0,0
TX001465,CUST0156,2025-05-27 01:12:00,5.92,Restaurant,FR,Coffee shop purchase,0,20,13,10,0,0,0,0,0,0,0
TX001466,CUST0179,2025-05-27 02:41:00,7.85,Restaurant,FR,Coffee shop purchase,0,20,20,10,0,0,0,0,0,0,0
TX001467,CUST0036,2025-05-27 03:53:00,25.13,Restaurant,FR,Restaurant dinner with friends,0,30,14,10,0,0,0,0,0,0,0
TX001468,CUST0176,2025-05-27 04:43:00,875.21,Financial Services,CN,Untraceable cryptocurrency purchase,1,35,15,10,0,0,1,0,0,0,0
TX001469,CUST0054,2025-05-27 05:33:00,105.77,Entertainment,FR,Movie ticket booking,0,20,17,10,0,0,0,0,0,0,0
TX001470,CUST0089,2025-05-28 06:50:00,139.75,Automotive,FR,Gas station fill-up,0,19,18,10,0,0,0,0,0,0,0
TX001471,CUST0199,2025-05-28 07:42:00,6.84,Utilities,FR,Public transport fare,0,21,15,6,0,0,0,0,0,0,0
TX001472,CUST0076,2025-05-28 08:20:00,10.74,Restaurant,FR,Coffee shop purchase,0,20,8,10,0,0,0,0,0,0,0
TX001473,CUST0079,2025-05-28 09:45:00,7.85,Restaurant,FR,Coffee shop purchase,0,20,12,10,0,0,0,0,0,0,0
TX001474,CUST0078,2025-05-28 10:04:00,11.23,Restaurant,FR,Coffee shop purchase,0,20,17,10,0,0,0,0,0,0,0
TX001475,CUST0166,2025-05-28 11:00:00,12.05,Restaurant,FR,Lunch at cafe,0,13,22,10,0,0,0,0,0,0,0
TX001476,CUST0030,2025-05-28 12:25:00,10.37,Restaurant,FR,Coffee shop purchase,0,20,12,10,0,0,0,0,0,0,0
TX001477,CUST0065,2025-05-28 13:43:00,5.92,Restaurant,FR,Coffee shop purchase,0,20,15,10,0,0,0,0,0,0,0
TX001478,CUST0064,2025-05-28 14:22:00,12.05,Restaurant,FR,Lunch at cafe,0,13,18,10,0,0,0,0,0,0,0
TX001479,CUST0166,2025-05-28 15:43:00,119.26,Books,FR,Local bookstore visit,0,21,22,10,0,0,0,0,0,0,0
TX001480,CUST0144,2025-05-29 16:07:00,90.06,Groceries,FR,Grocery store shopping,0,22,13,10,0,0,0,0,0,0,0
TX001481,CUST0017,2025-05-29 17:05:00,10.37,Restaurant,FR,Coffee shop purchase,0,20,20,10,0,0,0,0,0,0,0
TX001482,CUST0079,2025-05-29 18:31:00,6.07,Restaurant,FR,Coffee shop purchase,0,20,12,10,0,0,0,0,0,0,0
TX001483,CUST0184,2025-05-29 19:08:00,10.74,Restaurant,FR,Coffee shop purchase,0,20,6,10,0,0,0,0,0,0,0
TX001484,CUST0034,2025-05-29 20:34:00,133.12,Online Retail,FR,Online clothes order,0,20,12,10,0,0,0,0,0,0,0
TX001485,CUST0129,2025-05-29 21:33:00,76.84,Groceries,FR,Grocery store shopping,0,22,19,10,0,0,0,0,0,0,0
TX001486,CUST0128,2025-05-29 22:52:00,1395.78,Luxury Goods,JP,Luxury watch order abroad,1,25,23,10,0,0,0,0,0,0,0
TX001487,CUST0054,2025-05-29 23:11:00,139.75,Automotive,FR,Gas station fill-up,0,19,17,10,0,0,0,0,0,0,0
TX001488,CUST0039,2025-05-29 00:33:00,58.07,Healthcare,FR,Pharmacy prescription pick-up,0,29,13,10,0,0,0,0,0,0,0
TX001489,CUST0139,2025-05-29 01:38:00,122.9,Services,FR,Haircut and styling service,0,27,12,10,0,0,0,0,0,0,0
TX001490,CUST0149,2025-05-30 02:36:00,43.14,Healthcare,FR,Pharmacy prescription pick-up,0,29,17,10,0,0,0,0,0,0,0
TX001491,CUST0080,2025-05-30 03:57:00,119.26,Books,FR,Local bookstore visit,0,21,13,10,0,0,0,0,0,0,0
TX001492,CUST0062,2025-05-30 04:43:00,7.85,Restaurant,FR,Coffee shop purchase,0,20,16,10,0,0,0,0,0,0,0
TX001493,CUST0044,2025-05-30 05:01:00,9.92,Restaurant,FR,Coffee shop purchase,0,20,16,10,0,0,0,0,0,0,0
TX001494,CUST0184,2025-05-30 06:41:00,111.45,Online Retail,FR,Online clothes order,0,20,6,10,0,0,0,0,0,0,0
TX001495,CUST0158,2025-05-30 07:26:00,5.92,Restaurant,FR,Coffee shop purchase,0,20,19,10,0,0,0,0,0,0,0
TX001496,CUST0128,2025-05-30 08:25:00,141.05,Sporting Goods,FR,Gym membership renewal,0,22,23,9,0,0,0,1,0,0,0
TX001497,CUST0022,2025-05-30 09:08:00,980.5,Electronics,US,Gift card bulk purchase,1,23,12,4,0,1,0,0,0,0,0
TX001498,CUST0064,2025-05-30 10:18:00,105.77,Entertainment,FR,Movie ticket booking,0,20,18,10,0,0,0,0,0,0,0
TX001499,CUST0196,2025-05-30 11:08:00,10.37,Restaurant,FR,Coffee shop purchase,0,20,15,10,0,0,0,0,0,0,0
TX001500,CUST0134,2025-05-31 12:44:00,90.06,Groceries,FR,Grocery store shopping,0,22,11,10,0,0,0,0,0,0,0
TX001501,CUST0168,2025-05-31 13:43:00,12.33,Restaurant,FR,Lunch at cafe,0,13,17,10,0,0,0,0,0,0,0
TX001502,CUST0084,2025-05-31 14:41:00,76.84,Groceries,FR,Grocery store shopping,0,22,18,10,0,0,0,0,0,0,0
TX001503,CUST0024,2025-05-31 15:30:00,45.19,Education,FR,School supplies purchase,0,24,15,10,0,0,0,0,0,0,0
TX001504,CUST0179,2025-05-31 16:28:00,634.9,Services,GB,Offshore investment transfer,1,28,20,6,0,0,0,0,0,1,0
TX001505,CUST0032,2025-05-31 17:35:00,11.08,Groceries,FR,Grocery store shopping,0,22,20,10,0,0,0,0,0,0,0
TX001506,CUST0099,2025-05-31 18:07:00,58.07,Healthcare,FR,Pharmacy prescription pick-up,0,29,9,10,0,0,0,0,0,0,0
TX001507,CUST0093,2025-05-31 19:38:00,49.65,Automotive,FR,Car wash service,0,16,9,10,0,0,0,0,0,0,0
TX001508,CUST0021,2025-05-31 20:49:00,9.92,Restaurant,FR,Coffee shop purchase,0,20,18,10,0,0,0,0,0,0,0
TX001509,CUST0131,2025-05-31 21:56:00,9.92,Restaurant,FR,Coffee shop purchase,0,20,9,10,0,0,0,0,0,0,0
TX001510,CUST0008,2025-06-01 22:09:00,165.73,Online Retail,MX,Unusual online service fee,1,26,14,6,0,0,0,0,0,0,1
TX001511,CUST0026,2025-06-01 23:56:00,32.72,Healthcare,FR,Pharmacy prescription pick-up,0,29,13,10,0,0,0,0,0,0,0
TX001512,CUST0118,2025-06-01 00:20:00,12.33,Restaurant,FR,Lunch at cafe,0,13,18,10,0,0,0,0,0,0,0
TX001513,CUST0067,2025-06-01 01:48:00,45.19,Education,FR,School supplies purchase,0,24,16,10,0,0,0,0,0,0,0
TX001514,CUST0159,2025-06-01 02:52:00,154.67,Services,FR,Unverified platform withdrawal,1,30,24,7,0,0,0,0,0,0,0
TX001515,CUST0073,2025-06-01 03:28:00,25.13,Restaurant,FR,Restaurant dinner with friends,0,30,15,10,0,0,0,0,0,0,0
TX001516,CUST0064,2025-06-01 04:11:00,1899.99,Travel,US,Emergency cash advance overseas,1,31,18,7,0,0,0,0,0,0,0
TX001517,CUST0092,2025-06-01 05:11:00,139.75,Automotive,FR,Gas station fill-up,0,19,11,10,0,0,0,0,0,0,0
TX001518,CUST0167,2025-06-01 06:53:00,122.9,Services,FR,Haircut and styling service,0,27,11,10,0,0,0,0,0,0,0
TX001519,CUST0183,2025-06-01 07:09:00,92.49,Online Retail,FR,Online clothes order,0,20,15,10,0,0,0,0,0,0,0
TX001520,CUST0048,2025-06-02 08:09:00,90.06,Groceries,FR,Grocery store shopping,0,22,9,10,0,0,0,0,0,0,0
TX001500,CUST0006,2025-05-31 12:31:00,10.99,Restaurants,FR,quick restaurant lunch with colleagues,0,38,14,10,0,0,0,0,0,0,0
TX001501,CUST0197,2025-05-31 13:35:00,7.45,Groceries,FR,bakery goods purchase for family breakfast,0,42,7,10,0,0,0,0,0,0,0
TX001502,CUST0053,2025-05-31 14:33:00,54.38,Automotive,FR,gas station fill-up for weekend trip,0,36,22,10,0,0,0,0,0,0,0
TX001503,CUST0050,2025-05-31 15:00:00,38.0,Health,FR,pharmacy visit for prescribed medication,0,40,16,10,0,0,0,0,0,0,0
TX001504,CUST0145,2025-05-31 16:53:00,76.47,Automotive,FR,gas station fill-up for weekend trip,0,36,12,10,0,0,0,0,0,0,0
TX001505,CUST0118,2025-05-31 17:51:00,110.15,Apparel,FR,clothing store shopping for new attire,0,38,18,10,0,0,0,0,0,0,0
TX001506,CUST0068,2025-05-31 18:13:00,47.45,Restaurants,FR,fast food meal for dinner on the go,0,35,17,10,0,0,0,0,0,0,0
TX001507,CUST0043,2025-05-31 19:54:00,18.99,Entertainment,FR,movie tickets for Friday night show,0,35,16,10,0,0,0,0,0,0,0
TX001508,CUST0187,2025-05-31 20:35:00,34.0,Restaurants,FR,quick restaurant lunch with colleagues,0,38,11,10,0,0,0,0,0,0,0
TX001509,CUST0047,2025-05-31 21:11:00,8.0,Restaurants,FR,daily morning coffee shop purchase for two,0,42,14,10,0,0,0,0,0,0,0
TX001510,CUST0048,2025-06-01 22:56:00,12.0,Travel,FR,public transport ticket fare for daily commute,0,46,9,9,0,0,0,0,0,0,0
TX001511,CUST0175,2025-06-01 23:21:00,74.99,Entertainment,FR,monthly streaming service subscription renewal,0,46,16,10,0,0,0,1,0,0,1
TX001512,CUST0100,2025-06-01 00:15:00,25.0,Restaurants,FR,fast food meal for dinner on the go,0,35,10,10,0,0,0,0,0,0,0
TX001513,CUST0150,2025-06-01 01:06:00,89.0,Apparel,FR,clothing store shopping for new attire,0,38,16,10,0,0,0,0,0,0,0
TX001514,CUST0187,2025-06-01 02:45:00,11.5,Restaurants,FR,daily morning coffee shop purchase for two,0,42,11,10,0,0,0,0,0,0,0
TX001515,CUST0026,2025-06-01 03:31:00,30.0,Health,FR,pharmacy visit for prescribed medication,0,40,13,10,0,0,0,0,0,0,0
TX001516,CUST0036,2025-06-01 04:53:00,149.99,Services,FR,gym membership fee for fitness classes,0,38,14,10,0,0,0,1,0,0,0
TX001517,CUST0127,2025-06-01 05:39:00,8.0,Restaurants,FR,daily morning coffee shop purchase for two,0,42,14,10,0,0,0,0,0,0,0
TX001518,CUST0046,2025-06-01 06:43:00,45.0,Restaurants,FR,fast food meal for dinner on the go,0,35,18,10,0,0,0,0,0,0,0
TX001519,CUST0043,2025-06-01 07:46:00,75.0,Entertainment,FR,monthly streaming service subscription renewal,0,46,16,10,0,0,0,1,0,0,1
TX001520,CUST0089,2025-06-02 08:55:00,6.99,Travel,FR,local bus ticket fare for city travel,0,37,18,9,0,0,0,0,0,0,0
TX001521,CUST0065,2025-06-02 09:54:00,55.21,Automotive,FR,gas station fill-up for weekend trip,0,36,15,10,0,0,0,0,0,0,0
TX001522,CUST0006,2025-06-02 10:51:00,7.0,Restaurants,FR,daily morning coffee shop purchase for two,0,42,14,10,0,0,0,0,0,0,0
TX001523,CUST0076,2025-06-02 11:32:00,120.0,Online Retail,FR,online book order for new novel release,0,39,8,10,0,0,0,0,0,0,0
TX001524,CUST0017,2025-06-02 12:11:00,29.99,Entertainment,FR,app store purchase for mobile game,0,34,20,10,0,0,0,0,0,0,1
TX001525,CUST0196,2025-06-02 13:50:00,14.5,Services,FR,haircut payment at local salon appointment,0,42,15,10,0,0,0,0,0,0,0
TX001526,CUST0085,2025-06-02 14:14:00,12.0,Travel,FR,public transport ticket fare for daily commute,0,46,8,9,0,0,0,0,0,0,0
TX001527,CUST0066,2025-06-02 15:37:00,35.0,Health,FR,pharmacy visit for prescribed medication,0,40,18,10,0,0,0,0,0,0,0
TX001528,CUST0157,2025-06-02 16:27:00,6.5,Restaurants,FR,bakery goods purchase for family breakfast,0,42,12,10,0,0,0,0,0,0,0
TX001529,CUST0012,2025-06-02 17:13:00,90.0,Apparel,FR,clothing store shopping for new attire,0,38,15,10,0,0,0,0,0,0,0
TX001530,CUST0006,2025-06-03 18:57:00,25.0,Online Retail,FR,app store purchase for mobile game,0,34,14,8,0,0,0,0,0,0,1
TX001531,CUST0080,2025-06-03 19:51:00,60.0,Utilities,FR,mobile phone top-up for international calls,0,43,13,10,0,0,0,0,0,0,0
TX001532,CUST0029,2025-06-03 20:11:00,11.5,Travel,FR,public transport ticket fare for daily commute,0,46,18,9,0,0,0,0,0,0,0
TX001533,CUST0189,2025-06-03 21:30:00,13.5,Restaurants,FR,daily morning coffee shop purchase for two,0,42,12,10,0,0,0,0,0,0,0
TX001534,CUST0159,2025-06-03 22:22:00,49.99,Entertainment,FR,monthly streaming service subscription renewal,0,46,24,10,0,0,0,1,0,0,1
TX001535,CUST0177,2025-06-03 23:11:00,6.0,Restaurants,FR,daily morning coffee shop purchase for two,0,42,18,10,0,0,0,0,0,0,0
TX001536,CUST0041,2025-06-03 00:31:00,10.5,Restaurants,FR,bakery goods purchase for family breakfast,0,42,6,10,0,0,0,0,0,0,0
TX001537,CUST0159,2025-06-03 01:26:00,105.0,Utilities,FR,home internet bill payment for unlimited data,0,45,24,10,0,0,0,0,0,0,0
TX001538,CUST0022,2025-06-03 02:00:00,5.0,Restaurants,FR,daily morning coffee shop purchase for two,0,42,12,10,0,0,0,0,0,0,0
TX001539,CUST0194,2025-06-03 03:28:00,55.0,Services,FR,haircut payment at local salon appointment,0,42,14,10,0,0,0,0,0,0,0
TX001540,CUST0164,2025-06-04 04:25:00,18.0,Entertainment,FR,movie tickets for Friday night show,0,35,17,10,0,0,0,0,0,0,0
TX001541,CUST0126,2025-06-04 05:42:00,12.0,Travel,FR,public transport ticket fare for daily commute,0,46,18,9,0,0,0,0,0,0,0
TX001542,CUST0001,2025-06-04 06:39:00,6.99,Travel,FR,local bus ticket fare for city travel,0,37,14,9,0,0,0,0,0,0,0
TX001543,CUST0052,2025-06-04 07:57:00,15.0,Health,FR,pharmacy visit for prescribed medication,0,40,11,10,0,0,0,0,0,0,0
TX001544,CUST0155,2025-06-04 08:08:00,13.0,Restaurants,FR,daily morning coffee shop purchase for two,0,42,15,10,0,0,0,0,0,0,0
TX001545,CUST0045,2025-06-04 09:46:00,49.99,Entertainment,FR,monthly streaming service subscription renewal,0,46,18,10,0,0,0,1,0,0,1
TX001546,CUST0066,2025-06-04 10:24:00,7.0,Groceries,FR,bakery goods purchase for family breakfast,0,42,18,10,0,0,0,0,0,0,0
TX001547,CUST0018,2025-06-04 11:26:00,7.5,Restaurants,FR,bakery goods purchase for family breakfast,0,42,15,10,0,0,0,0,0,0,0
TX001548,CUST0118,2025-06-04 12:59:00,149.0,Services,FR,gym membership fee for fitness classes,0,38,18,10,0,0,0,1,0,0,0
TX001549,CUST0176,2025-06-04 13:28:00,13.99,Online Retail,FR,online book order for new novel release,0,39,15,10,0,0,0,0,0,0,0
TX001550,CUST0136,2025-06-05 14:25:00,6.0,Restaurants,FR,daily morning coffee shop purchase for two,0,42,15,10,0,0,0,0,0,0,0
TX001551,CUST0193,2025-06-05 15:05:00,12.0,Travel,FR,public transport ticket fare for daily commute,0,46,12,9,0,0,0,0,0,0,0
TX001552,CUST0084,2025-06-05 16:26:00,19.99,Entertainment,FR,app store purchase for mobile game,0,34,18,10,0,0,0,0,0,0,1
TX001553,CUST0148,2025-06-05 17:35:00,7.5,Travel,FR,local bus ticket fare for city travel,0,37,13,9,0,0,0,0,0,0,0
TX001554,CUST0131,2025-06-05 18:48:00,11.0,Restaurants,FR,daily morning coffee shop purchase for two,0,42,9,10,0,0,0,0,0,0,0
TX001555,CUST0165,2025-06-05 19:27:00,25.0,Health,FR,pharmacy visit for prescribed medication,0,40,9,10,0,0,0,0,0,0,0
TX001556,CUST0092,2025-06-05 20:44:00,60.0,Services,FR,mobile phone top-up for international calls,0,43,11,8,0,0,0,0,0,0,0
TX001557,CUST0124,2025-06-05 21:34:00,13.5,Restaurants,FR,daily morning coffee shop purchase for two,0,42,13,10,0,0,0,0,0,0,0
TX001558,CUST0164,2025-06-05 22:12:00,8.5,Restaurants,FR,bakery goods purchase for family breakfast,0,42,17,10,0,0,0,0,0,0,0
TX001559,CUST0096,2025-06-05 23:38:00,49.99,Entertainment,FR,monthly streaming service subscription renewal,0,46,13,10,0,0,0,1,0,0,1
TX001560,CUST0017,2025-06-06 00:50:00,10.0,Groceries,FR,bakery goods purchase for family breakfast,0,42,20,10,0,0,0,0,0,0,0
TX001561,CUST0108,2025-06-06 01:28:00,110.0,Apparel,FR,clothing store shopping for new attire,0,38,16,10,0,0,0,0,0,0,0
TX001562,CUST0124,2025-06-06 02:02:00,25.0,Health,FR,pharmacy visit for prescribed medication,0,40,13,10,0,0,0,0,0,0,0
TX001563,CUST0001,2025-06-06 03:20:00,12.0,Travel,FR,public transport ticket fare for daily commute,0,46,14,9,0,0,0,0,0,0,0
TX001564,CUST0127,2025-06-06 04:30:00,140.0,Online Retail,FR,online book order for new novel release,0,39,14,10,0,0,0,0,0,0,0
TX001565,CUST0143,2025-06-06 05:59:00,45.0,Services,FR,haircut payment at local salon appointment,0,42,15,10,0,0,0,0,0,0,0
TX001566,CUST0119,2025-06-06 06:17:00,15.0,Entertainment,FR,movie tickets for Friday night show,0,35,14,10,0,0,0,0,0,0,0
TX001567,CUST0199,2025-06-06 07:55:00,12.0,Travel,FR,public transport ticket fare for daily commute,0,46,15,9,0,0,0,0,0,0,0
TX001568,CUST0061,2025-06-06 08:47:00,149.99,Services,FR,gym membership fee for fitness classes,0,38,16,10,0,0,0,1,0,0,0
TX001569,CUST0053,2025-06-06 09:11:00,5.5,Restaurants,FR,daily morning coffee shop purchase for two,0,42,22,10,0,0,0,0,0,0,0
TX001570,CUST0175,2025-06-07 10:51:00,11.0,Restaurants,FR,quick restaurant lunch with colleagues,0,38,16,10,0,0,0,0,0,0,0
TX001571,CUST0049,2025-06-07 11:31:00,12.0,Travel,FR,local bus ticket fare for city travel,0,37,17,10,0,0,0,0,0,0,0
TX001572,CUST0030,2025-06-07 12:21:00,120.0,Utilities,FR,home internet bill payment for unlimited data,0,45,12,10,0,0,0,0,0,0,0
TX001573,CUST0067,2025-06-07 13:06:00,6.99,Travel,FR,local bus ticket fare for city travel,0,37,16,10,0,0,0,0,0,0,0
TX001574,CUST0040,2025-06-07 14:41:00,30.0,Entertainment,FR,app store purchase for mobile game,0,34,14,9,0,0,0,0,0,0,1
TX001575,CUST0170,2025-06-07 15:47:00,5.0,Restaurants,FR,daily morning coffee shop purchase for two,0,42,16,10,0,0,0,0,0,0,0
TX001576,CUST0110,2025-06-07 16:47:00,10.0,Groceries,FR,bakery goods purchase for family breakfast,0,42,13,9,0,0,0,0,0,0,0
TX001577,CUST0173,2025-06-07 17:36:00,145.0,Online Retail,FR,online book order for new novel release,0,39,9,10,0,0,0,0,0,0,0
TX001578,CUST0141,2025-06-07 18:11:00,120.0,Utilities,FR,home internet bill payment for unlimited data,0,45,15,10,0,0,0,0,0,0,0
TX001579,CUST0122,2025-06-07 19:18:00,10.0,Restaurants,FR,daily morning coffee shop purchase for two,0,42,17,10,0,0,0,0,0,0,0
TX001580,CUST0064,2025-06-08 20:05:00,49.99,Entertainment,FR,monthly streaming service subscription renewal,0,46,18,10,0,0,0,1,0,0,1
TX001581,CUST0143,2025-06-08 21:46:00,11.5,Restaurants,FR,quick restaurant lunch with colleagues,0,38,15,10,0,0,0,0,0,0,0
TX001582,CUST0126,2025-06-08 22:54:00,10.5,Restaurants,FR,bakery goods purchase for family breakfast,0,42,18,9,0,0,0,0,0,0,0
TX001583,CUST0122,2025-06-08 23:38:00,70.0,Apparel,FR,clothing store shopping for new attire,0,38,17,10,0,0,0,0,0,0,0
TX001584,CUST0149,2025-06-08 00:15:00,149.99,Services,FR,gym membership fee for fitness classes,0,38,17,9,0,0,0,1,0,0,0
TX001585,CUST0030,2025-06-08 01:09:00,55.0,Automotive,FR,gas station fill-up for weekend trip,0,36,12,9,0,0,0,0,0,0,0
TX001586,CUST0145,2025-06-08 02:10:00,14.5,Services,FR,haircut payment at local salon appointment,0,42,12,10,0,0,0,0,0,0,0
TX001587,CUST0128,2025-06-08 03:34:00,75.0,Online Retail,FR,pet supplies for dog food and toys,0,34,23,10,0,0,0,0,0,0,0
TX001588,CUST0031,2025-06-08 04:37:00,35.0,Health,FR,pharmacy visit for prescribed medication,0,40,12,10,0,0,0,0,0,0,0
TX001589,CUST0005,2025-06-08 05:29:00,11.0,Travel,FR,public transport ticket fare for daily commute,0,46,13,10,0,0,0,0,0,0,0
TX001590,CUST0067,2025-06-09 06:18:00,15.0,Entertainment,FR,movie tickets for Friday night show,0,35,16,10,0,0,0,0,0,0,0
TX001591,CUST0094,2025-06-09 07:19:00,6.99,Travel,FR,local bus ticket fare for city travel,0,37,8,10,0,0,0,0,0,0,0
TX001592,CUST0123,2025-06-09 08:11:00,55.0,Automotive,FR,gas station fill-up for weekend trip,0,36,18,9,0,0,0,0,0,0,0
TX001593,CUST0179,2025-06-09 09:17:00,11.99,Online Retail,FR,online book order for new novel release,0,39,20,10,0,0,0,0,0,0,0
TX001594,CUST0014,2025-06-09 10:25:00,7.5,Restaurants,FR,daily morning coffee shop purchase for two,0,42,15,10,0,0,0,0,0,0,0
TX001595,CUST0179,2025-06-09 11:07:00,5.0,Restaurants,FR,daily morning coffee shop purchase for two,0,42,20,10,0,0,0,0,0,0,0
TX001596,CUST0165,2025-06-09 12:33:00,45.0,Restaurants,FR,fast food meal for dinner on the go,0,35,9,10,0,0,0,0,0,0,0
TX001597,CUST0164,2025-06-09 13:33:00,60.0,Utilities,FR,mobile phone top-up for international calls,0,43,17,9,0,0,0,0,0,0,0
TX001598,CUST0019,2025-06-09 14:43:00,18.0,Entertainment,FR,movie tickets for Friday night show,0,35,14,10,0,0,0,0,0,0,0
TX001599,CUST0138,2025-06-09 15:10:00,10.0,Groceries,FR,bakery goods purchase for family breakfast,0,42,7,9,0,0,0,0,0,0,0
TX001600,CUST0060,2025-06-10 16:25:00,5.0,Restaurants,FR,daily morning coffee shop purchase for two,0,42,9,10,0,0,0,0,0,0,0
TX001601,CUST0146,2025-06-10 17:27:00,10.5,Restaurants,FR,quick restaurant lunch with colleagues,0,38,8,10,0,0,0,0,0,0,0
TX001602,CUST0129,2025-06-10 18:14:00,59.99,Entertainment,FR,monthly streaming service subscription renewal,0,46,19,10,0,0,0,1,0,0,1
TX001603,CUST0105,2025-06-10 19:17:00,7.0,Travel,FR,local bus ticket fare for city travel,0,37,11,10,0,0,0,0,0,0,0
TX001604,CUST0029,2025-06-10 20:48:00,130.0,Online Retail,FR,online book order for new novel release,0,39,18,10,0,0,0,0,0,0,0
TX001605,CUST0151,2025-06-10 21:10:00,12.0,Travel,FR,public transport ticket fare for daily commute,0,46,8,10,0,0,0,0,0,0,0
TX001606,CUST0137,2025-06-10 22:11:00,25.0,Entertainment,FR,app store purchase for mobile game,0,34,20,9,0,0,0,0,0,0,1
TX001607,CUST0195,2025-06-10 23:24:00,30.0,Health,FR,pharmacy visit for prescribed medication,0,40,11,10,0,0,0,0,0,0,0
TX001608,CUST0141,2025-06-10 00:01:00,65.0,Automotive,FR,gas station fill-up for weekend trip,0,36,15,9,0,0,0,0,0,0,0
TX001609,CUST0121,2025-06-10 01:51:00,12.0,Travel,FR,public transport ticket fare for daily commute,0,46,17,10,0,0,0,0,0,0,0
TX001610,CUST0134,2025-06-11 02:24:00,55.0,Services,FR,haircut payment at local salon appointment,0,42,11,10,0,0,0,0,0,0,0
TX001611,CUST0053,2025-06-11 03:02:00,10.0,Groceries,FR,bakery goods purchase for family breakfast,0,42,22,9,0,0,0,0,0,0,0
TX001612,CUST0190,2025-06-11 04:48:00,10.5,Restaurants,FR,quick restaurant lunch with colleagues,0,38,12,10,0,0,0,0,0,0,0
TX001613,CUST0167,2025-06-11 05:11:00,10.0,Restaurants,FR,daily morning coffee shop purchase for two,0,42,11,10,0,0,0,0,0,0,0
TX001614,CUST0111,2025-06-11 06:18:00,110.0,Utilities,FR,home internet bill payment for unlimited data,0,45,10,10,0,0,0,0,0,0,0
TX001615,CUST0103,2025-06-11 07:19:00,35.0,Health,FR,pharmacy visit for prescribed medication,0,40,14,10,0,0,0,0,0,0,0
TX001616,CUST0130,2025-06-11 08:41:00,149.99,Services,FR,gym membership fee for fitness classes,0,38,11,9,0,0,0,1,0,0,0
TX001617,CUST0179,2025-06-11 09:33:00,19.99,Entertainment,FR,app store purchase for mobile game,0,34,20,9,0,0,0,0,0,0,1
TX001618,CUST0034,2025-06-11 10:58:00,7.0,Travel,FR,local bus ticket fare for city travel,0,37,12,10,0,0,0,0,0,0,0
TX001619,CUST0009,2025-06-11 11:48:00,12.0,Travel,FR,public transport ticket fare for daily commute,0,46,17,10,0,0,0,0,0,0,0
TX001620,CUST0181,2025-06-12 12:54:00,120.0,Online Retail,FR,online book order for new novel release,0,39,10,10,0,0,0,0,0,0,0
TX001621,CUST0127,2025-06-12 13:16:00,10.0,Groceries,FR,bakery goods purchase for family breakfast,0,42,14,9,0,0,0,0,0,0,0
TX001622,CUST0107,2025-06-12 14:45:00,60.0,Utilities,FR,mobile phone top-up for international calls,0,43,7,9,0,0,0,0,0,0,0
TX001623,CUST0041,2025-06-12 15:37:00,18.0,Entertainment,FR,movie tickets for Friday night show,0,35,6,10,0,0,0,0,0,0,0
TX001624,CUST0151,2025-06-12 16:00:00,8.0,Restaurants,FR,daily morning coffee shop purchase for two,0,42,8,10,0,0,0,0,0,0,0
TX001625,CUST0008,2025-06-12 17:04:00,75.0,Online Retail,FR,pet supplies for dog food and toys,0,34,14,10,0,0,0,0,0,0,0
TX001626,CUST0089,2025-06-12 18:01:00,10.5,Restaurants,FR,quick restaurant lunch with colleagues,0,38,18,10,0,0,0,0,0,0,0
TX001627,CUST0060,2025-06-12 19:56:00,55.0,Automotive,FR,gas station fill-up for weekend trip,0,36,9,9,0,0,0,0,0,0,0
TX001628,CUST0171,2025-06-12 20:17:00,110.0,Apparel,FR,clothing store shopping for new attire,0,38,11,10,0,0,0,0,0,0,0
TX001629,CUST0017,2025-06-12 21:08:00,49.99,Entertainment,FR,monthly streaming service subscription renewal,0,46,20,10,0,0,0,1,0,0,1
TX001630,CUST0196,2025-06-13 22:48:00,104.53,Electronics,GB,urgent online payment processing for undisclosed service,1,56,15,2,1,0,0,0,0,0,0
TX001631,CUST0102,2025-06-13 23:59:00,121.39,Groceries,FR,weekly supermarket bill for groceries,1,37,16,10,0,0,0,0,0,0,0
TX001632,CUST0086,2025-06-13 00:27:00,2835.6,Electronics,DE,big appliance purchase for kitchen upgrade,0,42,10,10,0,0,0,0,0,0,0
TX001633,CUST0127,2025-06-13 01:39:00,2185.73,Automotive,FR,car repair payment for major engine work,0,40,14,10,0,0,0,0,0,0,0
TX001634,CUST0144,2025-06-13 02:03:00,1789.79,Travel,US,international flight booking for family vacation trip,0,53,13,10,0,0,0,0,0,0,0
TX001635,CUST0159,2025-06-13 03:20:00,776.63,Financial Services,FR,suspicious expensive electronics purchase from unknown vendor,1,61,24,1,0,0,0,0,0,0,0
TX001636,CUST0176,2025-06-13 04:07:00,2735.03,Travel,GB,international flight booking for family vacation trip,0,53,15,10,0,0,0,0,0,0,0
TX001637,CUST0174,2025-06-13 05:56:00,4734.01,Services,US,expensive furniture purchase for home renovation project,0,56,11,4,0,0,0,0,0,0,0
TX001638,CUST0034,2025-06-13 06:50:00,839.29,Electronics,AU,unauthorized software license key acquisition online,1,52,12,8,0,0,0,0,0,0,1
TX001639,CUST0122,2025-06-13 07:55:00,980.5,Travel,MX,international flight booking for family vacation trip,0,53,17,10,0,0,0,0,0,0,0
TX001640,CUST0125,2025-06-14 08:41:00,35.84,Groceries,FR,fast food meal for dinner on the go,1,35,17,5,0,0,0,0,0,0,0
TX001641,CUST0043,2025-06-14 09:03:00,1205.14,Health,DE,medical consultation fee for specialist appointment,0,51,16,10,0,0,0,0,0,0,0
TX001642,CUST0171,2025-06-14 10:52:00,3144.38,Online Retail,CN,unverified large equipment rental for unknown purpose,1,53,11,4,0,0,0,0,0,0,0
TX001643,CUST0192,2025-06-14 11:44:00,880.59,Health,GB,medical consultation fee for specialist appointment,0,51,16,10,0,0,0,0,0,0,0
TX001600,CUST0143,2025-06-10 16:08:00,10.99,Restaurants,CA,daily coffee shop purchase,0,26,15,10,0,0,0,0,0,0,0
TX001601,CUST0199,2025-06-10 17:33:00,110.45,Home Improvement,CA,small hardware store purchase for home,0,38,15,10,0,0,0,0,0,0,0
TX001602,CUST0148,2025-06-10 18:27:00,45.72,Gas Station,CA,gas station fill-up for car,0,27,13,10,0,0,0,0,0,0,0
TX001603,CUST0021,2025-06-10 19:59:00,25.8,Restaurants,CA,restaurant dinner with friends,0,30,18,10,0,0,0,0,0,0,0
TX001604,CUST0046,2025-06-10 20:50:00,9.99,Subscriptions,CA,monthly streaming subscription fee,0,34,18,10,0,0,0,1,0,0,1
TX001605,CUST0018,2025-06-10 21:49:00,35.1,Restaurants,CA,restaurant dinner with friends,0,30,15,10,0,0,0,0,0,0,0
TX001606,CUST0114,2025-06-10 22:40:00,12.5,Coffee Shop,CA,daily coffee shop purchase,0,26,12,10,0,0,0,0,0,0,0
TX001607,CUST0001,2025-06-10 23:12:00,68.21,Groceries,CA,weekly grocery shopping trip,0,28,14,10,0,0,0,0,0,0,0
TX001608,CUST0148,2025-06-10 00:54:00,28.5,Hair & Beauty,CA,haircut appointment payment,0,27,13,10,0,0,0,0,0,0,0
TX001609,CUST0145,2025-06-10 01:15:00,5.75,Transportation,CA,public transport fare payment,0,29,12,10,0,0,0,0,0,0,0
TX001610,CUST0013,2025-06-11 02:29:00,78.9,Clothing,CA,online clothing order for new season,0,36,16,10,0,0,0,0,0,0,0
TX001611,CUST0158,2025-06-11 03:59:00,149.99,Online Retail,CA,new book purchase from store,0,28,19,10,0,0,0,0,0,0,0
TX001612,CUST0014,2025-06-11 04:30:00,6.25,Transportation,CA,bus ticket fare for commute,0,27,15,10,0,0,0,0,0,0,0
TX001613,CUST0057,2025-06-11 05:30:00,34.99,Entertainment,CA,movie ticket purchase for evening,0,33,15,10,0,0,0,0,0,0,0
TX001614,CUST0133,2025-06-11 06:12:00,50.0,Gas Station,CA,gas station fill-up for car,0,27,17,10,0,0,0,0,0,0,0
TX001615,CUST0149,2025-06-11 07:08:00,11.2,Coffee Shop,CA,daily coffee shop purchase,0,26,17,10,0,0,0,0,0,0,0
TX001616,CUST0137,2025-06-11 08:13:00,130.5,Health & Wellness,CA,pharmacy prescription refill cost,0,33,20,10,0,0,0,0,0,0,0
TX001617,CUST0066,2025-06-11 09:55:00,5.99,Subscriptions,CA,monthly streaming subscription fee,0,34,18,10,0,0,0,1,0,0,1
TX001618,CUST0187,2025-06-11 10:16:00,55.3,Groceries,CA,weekly grocery shopping trip,0,28,11,10,0,0,0,0,0,0,0
TX001619,CUST0037,2025-06-11 11:49:00,65.0,Health & Wellness,CA,gym membership fee payment,0,26,16,9,0,0,0,1,0,0,0
TX001620,CUST0150,2025-06-12 12:57:00,12.0,Coffee Shop,CA,daily coffee shop purchase,0,26,16,10,0,0,0,0,0,0,0
TX001621,CUST0184,2025-06-12 13:25:00,75.2,Restaurants,CA,restaurant dinner with friends,0,30,6,10,0,0,0,0,0,0,0
TX001622,CUST0176,2025-06-12 14:59:00,35.0,Restaurants,CA,restaurant dinner with friends,0,30,15,10,0,0,0,0,0,0,0
TX001623,CUST0089,2025-06-12 15:57:00,10.0,Coffee Shop,CA,daily coffee shop purchase,0,26,18,10,0,0,0,0,0,0,0
TX001624,CUST0005,2025-06-12 16:10:00,12.99,Subscriptions,CA,monthly streaming subscription fee,0,34,13,10,0,0,0,1,0,0,1
TX001625,CUST0019,2025-06-12 17:04:00,48.15,Gas Station,CA,gas station fill-up for car,0,27,14,10,0,0,0,0,0,0,0
TX001626,CUST0112,2025-06-12 18:50:00,7.0,Transportation,CA,bus ticket fare for commute,0,27,11,10,0,0,0,0,0,0,0
TX001627,CUST0183,2025-06-12 19:36:00,6.5,Transportation,CA,public transport fare payment,0,29,15,10,0,0,0,0,0,0,0
TX001628,CUST0043,2025-06-12 20:37:00,120.3,Clothing,CA,online clothing order for new season,0,36,16,10,0,0,0,0,0,0,0
TX001629,CUST0109,2025-06-12 21:44:00,88.4,Groceries,CA,weekly grocery shopping trip,0,28,11,10,0,0,0,0,0,0,0
TX001630,CUST0047,2025-06-13 22:12:00,25.0,Entertainment,CA,movie ticket purchase for evening,0,33,14,10,0,0,0,0,0,0,0
TX001631,CUST0105,2025-06-13 23:53:00,7.5,Coffee Shop,CA,daily coffee shop purchase,0,26,11,10,0,0,0,0,0,0,0
TX001632,CUST0085,2025-06-13 00:21:00,58.0,Groceries,CA,weekly grocery shopping trip,0,28,8,10,0,0,0,0,0,0,0
TX001633,CUST0104,2025-06-13 01:14:00,10.99,Subscriptions,CA,monthly streaming subscription fee,0,34,12,10,0,0,0,1,0,0,1
TX001634,CUST0102,2025-06-13 02:05:00,95.0,Health & Wellness,CA,gym membership fee payment,0,26,16,9,0,0,0,1,0,0,0
TX001635,CUST0189,2025-06-13 03:01:00,32.5,Restaurants,CA,restaurant dinner with friends,0,30,12,10,0,0,0,0,0,0,0
TX001636,CUST0096,2025-06-13 04:53:00,12.0,Coffee Shop,CA,daily coffee shop purchase,0,26,13,10,0,0,0,0,0,0,0
TX001637,CUST0089,2025-06-13 05:39:00,6.75,Transportation,CA,public transport fare payment,0,29,18,10,0,0,0,0,0,0,0
TX001638,CUST0053,2025-06-13 06:24:00,125.0,Online Retail,CA,new book purchase from store,0,28,22,10,0,0,0,0,0,0,0
TX001639,CUST0046,2025-06-13 07:30:00,65.0,Health & Wellness,CA,pharmacy prescription refill cost,0,33,18,10,0,0,0,0,0,0,0
TX001640,CUST0120,2025-06-14 08:22:00,49.8,Gas Station,CA,gas station fill-up for car,0,27,13,10,0,0,0,0,0,0,0
TX001641,CUST0123,2025-06-14 09:19:00,28.0,Dry Cleaning,CA,dry cleaning service charge,0,27,18,10,0,0,0,0,0,0,0
TX001642,CUST0131,2025-06-14 10:29:00,14.5,Food Delivery,CA,food delivery order for dinner,0,30,9,10,0,0,0,0,0,0,0
TX001643,CUST0178,2025-06-14 11:33:00,9.99,Subscriptions,CA,monthly streaming subscription fee,0,34,13,10,0,0,0,1,0,0,1
TX001644,CUST0020,2025-06-14 12:50:00,80.0,Groceries,CA,weekly grocery shopping trip,0,28,18,10,0,0,0,0,0,0,0
TX001645,CUST0026,2025-06-14 13:36:00,6.0,Transportation,CA,bus ticket fare for commute,0,27,13,10,0,0,0,0,0,0,0
TX001646,CUST0039,2025-06-14 14:03:00,12.0,Coffee Shop,CA,daily coffee shop purchase,0,26,13,10,0,0,0,0,0,0,0
TX001647,CUST0053,2025-06-14 15:27:00,30.5,Restaurants,CA,restaurant dinner with friends,0,30,22,10,0,0,0,0,0,0,0
TX001648,CUST0106,2025-06-14 16:34:00,54.99,Clothing,CA,online clothing order for new season,0,36,14,10,0,0,0,0,0,0,0
TX001649,CUST0145,2025-06-14 17:17:00,13.5,Food Delivery,CA,food delivery order for dinner,0,30,12,10,0,0,0,0,0,0,0
TX001650,CUST0056,2025-06-15 18:38:00,6.25,Transportation,CA,public transport fare payment,0,29,10,10,0,0,0,0,0,0,0
TX001651,CUST0134,2025-06-15 19:06:00,105.0,Health & Wellness,CA,pharmacy prescription refill cost,0,33,11,10,0,0,0,0,0,0,0
TX001652,CUST0115,2025-06-15 20:00:00,11.5,Coffee Shop,CA,daily coffee shop purchase,0,26,15,10,0,0,0,0,0,0,0
TX001653,CUST0017,2025-06-15 21:29:00,42.0,Gas Station,CA,gas station fill-up for car,0,27,20,10,0,0,0,0,0,0,0
TX001654,CUST0175,2025-06-15 22:24:00,75.0,Hair & Beauty,CA,haircut appointment payment,0,27,16,10,0,0,0,0,0,0,0
TX001655,CUST0078,2025-06-15 23:19:00,9.99,Subscriptions,CA,monthly streaming subscription fee,0,34,17,10,0,0,0,1,0,0,1
TX001656,CUST0006,2025-06-15 00:28:00,38.2,Restaurants,CA,restaurant dinner with friends,0,30,14,10,0,0,0,0,0,0,0
TX001657,CUST0014,2025-06-15 01:20:00,110.0,Groceries,CA,weekly grocery shopping trip,0,28,15,10,0,0,0,0,0,0,0
TX001658,CUST0115,2025-06-15 02:27:00,14.0,Food Delivery,CA,food delivery order for dinner,0,30,15,10,0,0,0,0,0,0,0
TX001659,CUST0017,2025-06-15 03:23:00,5.5,Transportation,CA,bus ticket fare for commute,0,27,20,10,0,0,0,0,0,0,0
TX001660,CUST0064,2025-06-16 04:39:00,75.0,Health & Wellness,CA,gym membership fee payment,0,26,18,9,0,0,0,1,0,0,0
TX001661,CUST0047,2025-06-16 05:47:00,22.99,Online Retail,CA,new book purchase from store,0,28,14,10,0,0,0,0,0,0,0
TX001662,CUST0103,2025-06-16 06:51:00,11.0,Coffee Shop,CA,daily coffee shop purchase,0,26,14,10,0,0,0,0,0,0,0
TX001663,CUST0035,2025-06-16 07:23:00,62.1,Groceries,CA,weekly grocery shopping trip,0,28,11,10,0,0,0,0,0,0,0
TX001664,CUST0155,2025-06-16 08:22:00,30.0,Entertainment,CA,movie ticket purchase for evening,0,33,15,10,0,0,0,0,0,0,0
TX001665,CUST0076,2025-06-16 09:19:00,47.9,Gas Station,CA,gas station fill-up for car,0,27,8,10,0,0,0,0,0,0,0
TX001666,CUST0158,2025-06-16 10:57:00,13.99,Subscriptions,CA,monthly streaming subscription fee,0,34,19,10,0,0,0,1,0,0,1
TX001667,CUST0049,2025-06-16 11:20:00,5.75,Transportation,CA,public transport fare payment,0,29,17,10,0,0,0,0,0,0,0
TX001668,CUST0050,2025-06-16 12:46:00,150.0,Clothing,CA,online clothing order for new season,0,36,16,10,0,0,0,0,0,0,0
TX001669,CUST0058,2025-06-16 13:31:00,7.25,Coffee Shop,CA,daily coffee shop purchase,0,26,9,10,0,0,0,0,0,0,0
TX001670,CUST0029,2025-06-17 14:58:00,8.99,Subscriptions,CA,monthly streaming subscription fee,0,34,18,10,0,0,0,1,0,0,1
TX001671,CUST0057,2025-06-17 15:30:00,11.5,Food Delivery,CA,food delivery order for dinner,0,30,15,10,0,0,0,0,0,0,0
TX001672,CUST0045,2025-06-17 16:20:00,6.0,Transportation,CA,bus ticket fare for commute,0,27,18,10,0,0,0,0,0,0,0
TX001673,CUST0128,2025-06-17 17:31:00,70.0,Groceries,CA,weekly grocery shopping trip,0,28,23,10,0,0,0,0,0,0,0
TX001674,CUST0158,2025-06-17 18:43:00,12.5,Coffee Shop,CA,daily coffee shop purchase,0,26,19,10,0,0,0,0,0,0,0
TX001675,CUST0132,2025-06-17 19:47:00,45.0,Restaurants,CA,restaurant dinner with friends,0,30,16,10,0,0,0,0,0,0,0
TX001676,CUST0059,2025-06-17 20:40:00,100.0,Health & Wellness,CA,pharmacy prescription refill cost,0,33,9,10,0,0,0,0,0,0,0
TX001677,CUST0130,2025-06-17 21:15:00,40.0,Gas Station,CA,gas station fill-up for car,0,27,11,10,0,0,0,0,0,0,0
TX001678,CUST0114,2025-06-17 22:24:00,9.99,Subscriptions,CA,monthly streaming subscription fee,0,34,12,10,0,0,0,1,0,0,1
TX001679,CUST0162,2025-06-17 23:48:00,6.75,Transportation,CA,public transport fare payment,0,29,11,10,0,0,0,0,0,0,0
TX001680,CUST0198,2025-06-18 00:52:00,8.0,Coffee Shop,CA,daily coffee shop purchase,0,26,10,10,0,0,0,0,0,0,0
TX001681,CUST0123,2025-06-18 01:51:00,12.99,Subscriptions,CA,monthly streaming subscription fee,0,34,18,10,0,0,0,1,0,0,1
TX001682,CUST0006,2025-06-18 02:06:00,55.0,Groceries,CA,weekly grocery shopping trip,0,28,14,10,0,0,0,0,0,0,0
TX001683,CUST0145,2025-06-18 03:30:00,11.75,Food Delivery,CA,food delivery order for dinner,0,30,12,10,0,0,0,0,0,0,0
TX001684,CUST0112,2025-06-18 04:23:00,145.0,Online Retail,CA,new book purchase from store,0,28,11,10,0,0,0,0,0,0,0
TX001685,CUST0160,2025-06-18 05:23:00,7.0,Transportation,CA,bus ticket fare for commute,0,27,12,10,0,0,0,0,0,0,0
TX001686,CUST0071,2025-06-18 06:59:00,48.5,Gas Station,CA,gas station fill-up for car,0,27,17,10,0,0,0,0,0,0,0
TX001687,CUST0083,2025-06-18 07:12:00,120.0,Clothing,CA,online clothing order for new season,0,36,11,10,0,0,0,0,0,0,0
TX001688,CUST0087,2025-06-18 08:09:00,9.99,Subscriptions,CA,monthly streaming subscription fee,0,34,13,10,0,0,0,1,0,0,1
TX001689,CUST0175,2025-06-18 09:18:00,10.0,Coffee Shop,CA,daily coffee shop purchase,0,26,16,10,0,0,0,0,0,0,0
TX001690,CUST0043,2025-06-19 10:36:00,35.0,Restaurants,CA,restaurant dinner with friends,0,30,16,10,0,0,0,0,0,0,0
TX001691,CUST0121,2025-06-19 11:10:00,60.0,Groceries,CA,weekly grocery shopping trip,0,28,17,10,0,0,0,0,0,0,0
TX001692,CUST0073,2025-06-19 12:41:00,5.99,Subscriptions,CA,monthly streaming subscription fee,0,34,15,10,0,0,0,1,0,0,1
TX001693,CUST0196,2025-06-19 13:22:00,12.0,Coffee Shop,CA,daily coffee shop purchase,0,26,15,10,0,0,0,0,0,0,0
TX001694,CUST0150,2025-06-19 14:01:00,43.1,Gas Station,CA,gas station fill-up for car,0,27,16,10,0,0,0,0,0,0,0
TX001695,CUST0198,2025-06-19 15:45:00,7.5,Transportation,CA,public transport fare payment,0,29,10,10,0,0,0,0,0,0,0
TX001696,CUST0058,2025-06-19 16:45:00,13.0,Food Delivery,CA,food delivery order for dinner,0,30,9,10,0,0,0,0,0,0,0
TX001697,CUST0035,2025-06-19 17:53:00,12.5,Coffee Shop,CA,daily coffee shop purchase,0,26,11,10,0,0,0,0,0,0,0
TX001698,CUST0187,2025-06-19 18:39:00,90.0,Health & Wellness,CA,gym membership fee payment,0,26,11,9,0,0,0,1,0,0,0
TX001699,CUST0155,2025-06-19 19:51:00,8.99,Subscriptions,CA,monthly streaming subscription fee,0,34,15,10,0,0,0,1,0,0,1
TX001700,CUST0020,2025-06-20 20:54:00,149.99,Clothing,CA,online clothing order for new season,0,36,18,10,0,0,0,0,0,0,0
TX001701,CUST0129,2025-06-20 21:57:00,6.5,Transportation,CA,bus ticket fare for commute,0,27,19,10,0,0,0,0,0,0,0
TX001702,CUST0192,2025-06-20 22:49:00,350.0,Online Retail,CA,car service appointment and maintenance,0,39,16,2,0,0,0,0,0,0,0
TX001703,CUST0075,2025-06-20 23:03:00,6.99,Transportation,CA,public transport fare payment,0,29,15,10,0,0,0,0,0,0,0
TX001704,CUST0078,2025-06-20 00:55:00,850.5,Home Improvement,CA,home renovation supplies from store,0,35,17,10,0,0,0,0,0,0,0
TX001705,CUST0177,2025-06-20 01:02:00,300.0,Health & Wellness,CA,dental check-up and cleaning,0,28,18,10,0,0,0,0,0,0,0
TX001706,CUST0173,2025-06-20 02:58:00,450.75,Travel,CA,weekend getaway hotel reservation,0,33,9,10,0,0,0,0,0,0,0
TX001707,CUST0159,2025-06-20 03:07:00,9.99,Subscriptions,CA,monthly streaming subscription fee,0,34,24,10,0,0,0,1,0,0,1
TX001708,CUST0057,2025-06-20 04:41:00,12.0,Coffee Shop,CA,daily coffee shop purchase,0,26,15,10,0,0,0,0,0,0,0
TX001709,CUST0148,2025-06-20 05:53:00,120.0,Groceries,CA,weekly grocery shopping trip,0,28,13,10,0,0,0,0,0,0,0
TX001710,CUST0115,2025-06-21 06:24:00,6.0,Transportation,CA,bus ticket fare for commute,0,27,15,10,0,0,0,0,0,0,0
TX001711,CUST0095,2025-06-21 07:20:00,75.0,Health & Wellness,CA,pharmacy prescription refill cost,0,33,14,10,0,0,0,0,0,0,0
TX001712,CUST0077,2025-06-21 08:39:00,45.0,Gas Station,CA,gas station fill-up for car,0,27,12,10,0,0,0,0,0,0,0
TX001713,CUST0084,2025-06-21 09:24:00,13.99,Subscriptions,CA,monthly streaming subscription fee,0,34,18,10,0,0,0,1,0,0,1
TX001714,CUST0078,2025-06-21 10:23:00,25.0,Restaurants,CA,restaurant dinner with friends,0,30,17,10,0,0,0,0,0,0,0
TX001715,CUST0082,2025-06-21 11:12:00,10.99,Coffee Shop,CA,daily coffee shop purchase,0,26,13,10,0,0,0,0,0,0,0
TX001716,CUST0028,2025-06-21 12:17:00,140.0,Clothing,CA,online clothing order for new season,0,36,10,10,0,0,0,0,0,0,0
TX001717,CUST0075,2025-06-21 13:26:00,5.5,Transportation,CA,public transport fare payment,0,29,15,10,0,0,0,0,0,0,0
TX001718,CUST0154,2025-06-21 14:02:00,12.5,Food Delivery,CA,food delivery order for dinner,0,30,8,10,0,0,0,0,0,0,0
TX001719,CUST0108,2025-06-21 15:03:00,65.0,Health & Wellness,CA,gym membership fee payment,0,26,16,9,0,0,0,1,0,0,0
TX001720,CUST0194,2025-06-22 16:31:00,65.0,Groceries,CA,weekly grocery shopping trip,0,28,14,10,0,0,0,0,0,0,0
TX001721,CUST0075,2025-06-22 17:40:00,9.99,Subscriptions,CA,monthly streaming subscription fee,0,34,15,10,0,0,0,1,0,0,1
TX001722,CUST0047,2025-06-22 18:31:00,11.5,Coffee Shop,CA,daily coffee shop purchase,0,26,14,10,0,0,0,0,0,0,0
TX001723,CUST0083,2025-06-22 19:00:00,30.0,Restaurants,CA,restaurant dinner with friends,0,30,11,10,0,0,0,0,0,0,0
TX001724,CUST0046,2025-06-22 20:59:00,40.0,Gas Station,CA,gas station fill-up for car,0,27,18,10,0,0,0,0,0,0,0
TX001725,CUST0055,2025-06-22 21:20:00,110.0,Health & Wellness,CA,pharmacy prescription refill cost,0,33,9,10,0,0,0,0,0,0,0
TX001726,CUST0144,2025-06-22 22:32:00,240.5,Home Improvement,CA,small hardware store purchase for home,0,38,13,10,0,0,0,0,0,0,0
TX001727,CUST0198,2025-06-22 23:31:00,7.0,Transportation,CA,bus ticket fare for commute,0,27,10,10,0,0,0,0,0,0,0
TX001728,CUST0129,2025-06-22 00:13:00,600.0,Furniture,CA,furniture store purchase for living room,0,40,19,10,0,0,0,0,0,0,0
TX001729,CUST0005,2025-06-22 01:16:00,10.0,Coffee Shop,CA,daily coffee shop purchase,0,26,13,10,0,0,0,0,0,0,0
TX001730,CUST0150,2025-06-23 02:37:00,9.99,Subscriptions,CA,monthly streaming subscription fee,0,34,16,10,0,0,0,1,0,0,1
TX001731,CUST0191,2025-06-23 03:52:00,70.0,Groceries,CA,weekly grocery shopping trip,0,28,19,10,0,0,0,0,0,0,0
TX001732,CUST0126,2025-06-23 04:47:00,13.0,Food Delivery,CA,food delivery order for dinner,0,30,18,10,0,0,0,0,0,0,0
TX001733,CUST0115,2025-06-23 05:03:00,45.0,Gas Station,CA,gas station fill-up for car,0,27,15,10,0,0,0,0,0,0,0
TX001734,CUST0061,2025-06-23 06:06:00,35.0,Restaurants,CA,restaurant dinner with friends,0,30,16,10,0,0,0,0,0,0,0
TX001735,CUST0023,2025-06-23 07:57:00,12.0,Coffee Shop,CA,daily coffee shop purchase,0,26,19,10,0,0,0,0,0,0,0
TX001736,CUST0139,2025-06-23 08:01:00,6.75,Transportation,CA,public transport fare payment,0,29,12,10,0,0,0,0,0,0,0
TX001737,CUST0125,2025-06-23 09:07:00,12.99,Subscriptions,CA,monthly streaming subscription fee,0,34,17,10,0,0,0,1,0,0,1
TX001738,CUST0008,2025-06-23 10:55:00,8.0,Coffee Shop,CA,daily coffee shop purchase,0,26,14,10,0,0,0,0,0,0,0
TX001739,CUST0065,2025-06-23 11:06:00,120.0,Clothing,CA,online clothing order for new season,0,36,15,10,0,0,0,0,0,0,0
TX001740,CUST0108,2025-06-24 12:56:00,7.0,Transportation,CA,bus ticket fare for commute,0,27,16,10,0,0,0,0,0,0,0
TX001741,CUST0152,2025-06-24 13:08:00,140.0,Health & Wellness,CA,pharmacy prescription refill cost,0,33,15,10,0,0,0,0,0,0,0
TX001742,CUST0012,2025-06-24 14:33:00,55.0,Groceries,CA,weekly grocery shopping trip,0,28,15,10,0,0,0,0,0,0,0
TX001743,CUST0118,2025-06-24 15:53:00,9.99,Subscriptions,CA,monthly streaming subscription fee,0,34,18,10,0,0,0,1,0,0,1
TX001744,CUST0094,2025-06-24 16:40:00,13.0,Food Delivery,CA,food delivery order for dinner,0,30,8,10,0,0,0,0,0,0,0
TX001745,CUST0042,2025-06-24 17:17:00,42.0,Gas Station,CA,gas station fill-up for car,0,27,9,10,0,0,0,0,0,0,0
TX001746,CUST0116,2025-06-24 18:57:00,11.5,Coffee Shop,CA,daily coffee shop purchase,0,26,16,10,0,0,0,0,0,0,0
TX001747,CUST0166,2025-06-24 19:02:00,65.0,Health & Wellness,CA,gym membership fee payment,0,26,22,9,0,0,0,1,0,0,0
TX001748,CUST0064,2025-06-24 20:03:00,7.5,Transportation,CA,public transport fare payment,0,29,18,10,0,0,0,0,0,0,0
TX001749,CUST0020,2025-06-24 21:15:00,35.0,Restaurants,CA,restaurant dinner with friends,0,30,18,10,0,0,0,0,0,0,0
TX001750,CUST0146,2025-06-25 22:01:00,12.0,Coffee Shop,CA,daily coffee shop purchase,0,26,8,10,0,0,0,0,0,0,0
TX001751,CUST0072,2025-06-25 23:02:00,12.99,Subscriptions,CA,monthly streaming subscription fee,0,34,8,10,0,0,0,1,0,0,1
TX001752,CUST0196,2025-06-25 00:29:00,7.0,Transportation,CA,bus ticket fare for commute,0,27,15,10,0,0,0,0,0,0,0
TX001753,CUST0087,2025-06-25 01:02:00,349.99,Online Retail,MX,high-value electronics purchase online,1,38,13,9,0,0,0,0,0,0,0
TX001754,CUST0168,2025-06-25 02:43:00,1500.0,International Services,US,urgent international wire transfer request,1,42,17,10,1,0,0,0,0,0,0
TX001755,CUST0032,2025-06-25 03:39:00,55.7,Online Retail,GB,digital content download fee,1,28,20,9,0,0,0,0,0,0,1
TX001756,CUST0088,2025-06-25 04:45:00,2500.0,Luxury Goods,DE,luxury watch order from overseas vendor,1,39,11,10,0,0,0,0,0,0,0
TX001757,CUST0033,2025-06-25 05:36:00,1000.0,Cryptocurrency Exchange,US,large cryptocurrency exchange purchase,1,38,12,10,0,0,1,0,0,0,0
TX001758,CUST0193,2025-06-25 06:24:00,150.0,Software,CA,suspicious software license key purchase,1,40,12,10,0,0,0,0,0,0,1
TX001759,CUST0044,2025-06-25 07:03:00,750.0,Gambling,AU,large online gambling site deposit,1,34,16,10,0,0,0,0,0,0,0
TX001760,CUST0060,2025-06-26 08:07:00,100.0,Online Retail,CA,small online service charge,1,27,9,8,0,0,0,0,0,0,0
TX001700,CUST0148,2025-06-20 20:09:00,1059.85,Software,AE,Suspicious Software License Renewal Detected From Abroad,1,56,13,10,0,0,0,1,0,0,1
TX001701,CUST0061,2025-06-20 21:56:00,12.33,Restaurants,FR,Local Restaurant Dinner Payment Evening Outing,0,46,16,10,0,0,0,0,0,0,0
TX001702,CUST0124,2025-06-20 22:43:00,34.25,Groceries,FR,Supermarket Grocery Shopping For Weekly Supplies,0,48,13,10,0,0,0,0,0,0,0
TX001703,CUST0016,2025-06-20 23:46:00,25.12,Services,FR,Haircut Appointment Salon Visit Regular Grooming,0,48,7,10,0,0,0,0,0,0,0
TX001704,CUST0200,2025-06-20 00:07:00,15.68,Entertainment,FR,Movie Ticket Entertainment Evening Out With Friends,0,51,10,10,0,0,0,0,0,0,0
TX001705,CUST0159,2025-06-20 01:17:00,13.92,Transport,FR,Public Transport Ticket Daily Fare City Commute,0,47,24,10,0,0,0,0,0,0,0
TX001706,CUST0057,2025-06-20 02:20:00,28.53,Healthcare,FR,Pharmacy Prescription Medicine Purchase Routine Health,0,54,15,10,0,0,0,0,0,0,0
TX001707,CUST0086,2025-06-20 03:53:00,45.75,Groceries,FR,Supermarket Grocery Shopping For Weekly Supplies,0,48,10,10,0,0,0,0,0,0,0
TX001708,CUST0072,2025-06-20 04:31:00,22.19,Services,FR,Gym Membership Monthly Fee Auto-Pay Health,0,42,8,9,0,0,0,1,0,0,0
TX001709,CUST0044,2025-06-20 05:10:00,21.05,Restaurants,FR,Local Restaurant Dinner Payment Evening Outing,0,46,16,10,0,0,0,0,0,0,0
TX001710,CUST0040,2025-06-21 06:00:00,11.23,Restaurants,FR,Daily Coffee Shop Purchase Morning Commute,0,42,14,10,0,0,0,0,0,0,0
TX001711,CUST0067,2025-06-21 07:04:00,42.11,Online Retail,FR,Online Book Order Delivered Home Next Day,0,41,16,10,0,0,0,0,0,0,0
TX001712,CUST0153,2025-06-21 08:06:00,15.53,Entertainment,FR,Movie Ticket Entertainment Evening Out With Friends,0,51,14,10,0,0,0,0,0,0,0
TX001713,CUST0057,2025-06-21 09:42:00,33.72,Clothing,FR,Clothing Store Purchase New Shirt Everyday,0,42,15,10,0,0,0,0,0,0,0
TX001714,CUST0191,2025-06-21 10:06:00,14.88,Transport,FR,Public Transport Ticket Daily Fare City Commute,0,47,19,10,0,0,0,0,0,0,0
TX001715,CUST0027,2025-06-21 11:33:00,54.91,Online Retail,FR,Online Food Delivery Order Home Evening,0,39,11,9,0,0,0,0,0,0,0
TX001716,CUST0081,2025-06-21 12:40:00,223.47,Electronics,FR,New Phone Accessory Purchase Online Store,0,41,7,10,0,0,0,0,0,0,0
TX001717,CUST0116,2025-06-21 13:47:00,11.69,Restaurants,FR,Daily Coffee Shop Purchase Morning Commute,0,42,16,10,0,0,0,0,0,0,0
TX001718,CUST0036,2025-06-21 14:43:00,34.18,Groceries,FR,Supermarket Grocery Shopping For Weekly Supplies,0,48,14,10,0,0,0,0,0,0,0
TX001719,CUST0129,2025-06-21 15:52:00,14.15,Transport,FR,Public Transport Ticket Daily Fare City Commute,0,47,19,10,0,0,0,0,0,0,0
TX001720,CUST0189,2025-06-22 16:14:00,79.99,Services,FR,Mobile Phone Bill Payment Current Month Service,0,47,12,9,0,0,0,0,0,0,0
TX001721,CUST0148,2025-06-22 17:32:00,24.58,Entertainment,FR,Museum Entrance Ticket Cultural Visit Tourism,0,45,13,10,0,0,0,0,0,0,0
TX001722,CUST0096,2025-06-22 18:46:00,18.04,Restaurants,FR,Local Restaurant Dinner Payment Evening Outing,0,46,13,10,0,0,0,0,0,0,0
TX001723,CUST0052,2025-06-22 19:39:00,32.78,Healthcare,FR,Pharmacy Prescription Medicine Purchase Routine Health,0,54,11,10,0,0,0,0,0,0,0
TX001724,CUST0139,2025-06-22 20:02:00,550.08,Travel,FR,Hotel Booking Reservation Payment Family Trip,0,45,12,10,0,0,0,0,0,0,0
TX001725,CUST0073,2025-06-22 21:58:00,48.98,Automotive,FR,Gas Station Fuel Fill-Up Local Convenience,0,42,15,10,0,0,0,0,0,0,0
TX001726,CUST0035,2025-06-22 22:24:00,12.92,Restaurants,FR,Daily Coffee Shop Purchase Morning Commute,0,42,11,10,0,0,0,0,0,0,0
TX001727,CUST0053,2025-06-22 23:44:00,24.99,Services,FR,Monthly Streaming Service Subscription Fee Automatically,0,56,22,9,0,0,0,1,0,0,1
TX001728,CUST0200,2025-06-22 00:16:00,10.66,Restaurants,FR,Daily Coffee Shop Purchase Morning Commute,0,42,10,10,0,0,0,0,0,0,0
TX001729,CUST0136,2025-06-22 01:09:00,49.99,Services,FR,Monthly Streaming Service Subscription Fee Automatically,0,56,15,9,0,0,0,1,0,0,1
TX001730,CUST0186,2025-06-23 02:50:00,8.65,Services,FR,Public Library Fine Payment Overdue Books,0,41,11,9,0,0,0,0,0,0,0
TX001731,CUST0004,2025-06-23 03:40:00,18.02,Restaurants,FR,Restaurant Lunch With Colleagues Business Meeting,0,49,15,10,0,0,0,0,0,0,0
TX001732,CUST0119,2025-06-23 04:19:00,15.35,Entertainment,FR,Movie Ticket Entertainment Evening Out With Friends,0,51,14,10,0,0,0,0,0,0,0
TX001733,CUST0197,2025-06-23 05:22:00,54.12,Groceries,FR,Supermarket Grocery Shopping For Weekly Supplies,0,48,7,10,0,0,0,0,0,0,0
TX001734,CUST0196,2025-06-23 06:03:00,42.66,Automotive,FR,Gas Station Fuel Fill-Up Local Convenience,0,42,15,10,0,0,0,0,0,0,0
TX001735,CUST0122,2025-06-23 07:44:00,1599.45,Electronics,CN,Large Electronics Import Payment Processed Without Authorization,1,64,17,9,1,0,0,0,0,0,0
TX001736,CUST0095,2025-06-23 08:51:00,31.99,Clothing,FR,Clothing Store Purchase New Shirt Everyday,0,42,14,10,0,0,0,0,0,0,0
TX001737,CUST0192,2025-06-23 09:07:00,110.59,Education,FR,Online Course Enrollment Fee Education Development,0,50,16,10,0,0,0,0,0,0,0
TX001738,CUST0065,2025-06-23 10:36:00,16.29,Restaurants,FR,Local Restaurant Dinner Payment Evening Outing,0,46,15,10,0,0,0,0,0,0,0
TX001739,CUST0017,2025-06-23 11:05:00,28.56,Healthcare,FR,Pharmacy Prescription Medicine Purchase Routine Health,0,54,20,10,0,0,0,0,0,0,0
TX001740,CUST0129,2025-06-24 12:49:00,40.73,Online Retail,FR,Online Book Order Delivered Home Next Day,0,41,19,10,0,0,0,0,0,0,0
TX001741,CUST0092,2025-06-24 13:41:00,14.62,Transport,FR,Parking Fee City Center Meter Payment,0,37,11,10,0,0,0,0,0,0,0
TX001742,CUST0157,2025-06-24 14:06:00,10.99,Services,FR,Monthly Streaming Service Subscription Fee Automatically,0,56,12,9,0,0,0,1,0,0,1
TX001743,CUST0160,2025-06-24 15:55:00,11.66,Restaurants,FR,Daily Coffee Shop Purchase Morning Commute,0,42,12,10,0,0,0,0,0,0,0
TX001744,CUST0147,2025-06-24 16:30:00,39.42,Groceries,FR,Supermarket Grocery Shopping For Weekly Supplies,0,48,7,10,0,0,0,0,0,0,0
TX001745,CUST0164,2025-06-24 17:33:00,22.01,Services,FR,Gym Membership Monthly Fee Auto-Pay Health,0,42,17,9,0,0,0,1,0,0,0
TX001746,CUST0103,2025-06-24 18:13:00,15.36,Entertainment,FR,Movie Ticket Entertainment Evening Out With Friends,0,51,14,10,0,0,0,0,0,0,0
TX001747,CUST0199,2025-06-24 19:05:00,30.15,Clothing,FR,Clothing Store Purchase New Shirt Everyday,0,42,15,10,0,0,0,0,0,0,0
TX001748,CUST0028,2025-06-24 20:39:00,888.75,Home Improvement,FR,New Refrigerator Appliance Purchase For Home Kitchen,0,52,10,10,0,0,0,0,0,0,0
TX001749,CUST0117,2025-06-24 21:02:00,5.95,Restaurants,FR,Daily Coffee Shop Purchase Morning Commute,0,42,12,10,0,0,0,0,0,0,0
TX001750,CUST0098,2025-06-25 22:11:00,12.01,Restaurants,FR,Daily Coffee Shop Purchase Morning Commute,0,42,15,10,0,0,0,0,0,0,0
TX001751,CUST0062,2025-06-25 23:51:00,13.71,Transport,FR,Public Transport Ticket Daily Fare City Commute,0,47,16,10,0,0,0,0,0,0,0
TX001752,CUST0085,2025-06-25 00:32:00,35.88,Groceries,FR,Supermarket Grocery Shopping For Weekly Supplies,0,48,8,10,0,0,0,0,0,0,0
TX001753,CUST0107,2025-06-25 01:46:00,35.21,Healthcare,FR,Pharmacy Prescription Medicine Purchase Routine Health,0,54,7,10,0,0,0,0,0,0,0
TX001754,CUST0065,2025-06-25 02:13:00,28.98,Services,FR,Haircut Appointment Salon Visit Regular Grooming,0,48,15,10,0,0,0,0,0,0,0
TX001755,CUST0076,2025-06-25 03:44:00,42.06,Automotive,FR,Gas Station Fuel Fill-Up Local Convenience,0,42,8,10,0,0,0,0,0,0,0
TX001756,CUST0085,2025-06-25 04:34:00,21.08,Restaurants,FR,Local Restaurant Dinner Payment Evening Outing,0,46,8,10,0,0,0,0,0,0,0
TX001757,CUST0004,2025-06-25 05:20:00,19.99,Services,FR,Monthly Streaming Service Subscription Fee Automatically,0,56,15,9,0,0,0,1,0,0,1
TX001758,CUST0058,2025-06-25 06:14:00,175.87,Services,FR,Hotel Booking Reservation Payment Family Trip,1,45,9,8,0,0,0,0,0,0,0
TX001759,CUST0078,2025-06-25 07:40:00,13.97,Transport,FR,Public Transport Ticket Daily Fare City Commute,0,47,17,10,0,0,0,0,0,0,0
TX001760,CUST0096,2025-06-26 08:03:00,12.83,Restaurants,FR,Daily Coffee Shop Purchase Morning Commute,0,42,13,10,0,0,0,0,0,0,0
TX001761,CUST0063,2025-06-26 09:33:00,7.02,Services,FR,Public Library Fine Payment Overdue Books,0,41,9,9,0,0,0,0,0,0,0
TX001762,CUST0183,2025-06-26 10:54:00,33.68,Groceries,FR,Supermarket Grocery Shopping For Weekly Supplies,0,48,15,10,0,0,0,0,0,0,0
TX001763,CUST0147,2025-06-26 11:23:00,6.88,Restaurants,FR,Daily Coffee Shop Purchase Morning Commute,0,42,7,10,0,0,0,0,0,0,0
TX001764,CUST0134,2025-06-26 12:44:00,22.18,Services,FR,Gym Membership Monthly Fee Auto-Pay Health,0,42,11,9,0,0,0,1,0,0,0
TX001765,CUST0019,2025-06-26 13:04:00,12.52,Restaurants,FR,Daily Coffee Shop Purchase Morning Commute,0,42,14,10,0,0,0,0,0,0,0
TX001766,CUST0051,2025-06-26 14:54:00,19.99,Services,FR,Monthly Streaming Service Subscription Fee Automatically,0,56,12,10,0,0,0,1,0,0,1
TX001767,CUST0112,2025-06-26 15:16:00,14.18,Transport,FR,Public Transport Ticket Daily Fare City Commute,0,47,11,10,0,0,0,0,0,0,0
TX001768,CUST0121,2025-06-26 16:58:00,34.19,Groceries,FR,Supermarket Grocery Shopping For Weekly Supplies,0,48,17,10,0,0,0,0,0,0,0
TX001769,CUST0032,2025-06-26 17:20:00,28.5,Healthcare,FR,Pharmacy Prescription Medicine Purchase Routine Health,0,54,20,10,0,0,0,0,0,0,0
TX001770,CUST0105,2025-06-27 18:08:00,18.05,Restaurants,FR,Local Restaurant Dinner Payment Evening Outing,0,46,11,10,0,0,0,0,0,0,0
TX001771,CUST0136,2025-06-27 19:25:00,28.18,Services,FR,Haircut Appointment Salon Visit Regular Grooming,0,48,15,10,0,0,0,0,0,0,0
TX001772,CUST0124,2025-06-27 20:25:00,39.46,Automotive,FR,Gas Station Fuel Fill-Up Local Convenience,0,42,13,10,0,0,0,0,0,0,0
TX001773,CUST0163,2025-06-27 21:14:00,11.83,Restaurants,FR,Daily Coffee Shop Purchase Morning Commute,0,42,10,10,0,0,0,0,0,0,0
TX001774,CUST0172,2025-06-27 22:57:00,15.79,Entertainment,FR,Movie Ticket Entertainment Evening Out With Friends,0,51,10,10,0,0,0,0,0,0,0
TX001775,CUST0146,2025-06-27 23:15:00,650.0,Automotive,FR,Annual Insurance Premium Payment For Vehicle,0,44,8,9,0,0,0,1,0,0,0
TX001776,CUST0170,2025-06-27 00:54:00,14.47,Transport,FR,Parking Fee City Center Meter Payment,0,37,16,10,0,0,0,0,0,0,0
TX001777,CUST0167,2025-06-27 01:13:00,12.08,Restaurants,FR,Daily Coffee Shop Purchase Morning Commute,0,42,11,10,0,0,0,0,0,0,0
TX001778,CUST0005,2025-06-27 02:07:00,765.34,Luxury Goods,MX,Luxury Brand Clothing Purchase Without Customer Presence,1,56,13,10,0,0,0,0,0,0,0
TX001779,CUST0084,2025-06-27 03:21:00,5.95,Restaurants,FR,Daily Coffee Shop Purchase Morning Commute,0,42,18,10,0,0,0,0,0,0,0
TX001780,CUST0108,2025-06-28 04:45:00,12.33,Restaurants,FR,Daily Coffee Shop Purchase Morning Commute,0,42,16,10,0,0,0,0,0,0,0
TX001781,CUST0146,2025-06-28 05:14:00,31.85,Clothing,FR,Clothing Store Purchase New Shirt Everyday,0,42,8,10,0,0,0,0,0,0,0
TX001782,CUST0128,2025-06-28 06:26:00,19.99,Services,FR,Monthly Streaming Service Subscription Fee Automatically,0,56,23,10,0,0,0,1,0,0,1
TX001783,CUST0116,2025-06-28 07:07:00,12.18,Restaurants,FR,Daily Coffee Shop Purchase Morning Commute,0,42,16,10,0,0,0,0,0,0,0
TX001784,CUST0094,2025-06-28 08:40:00,45.19,Groceries,FR,Supermarket Grocery Shopping For Weekly Supplies,0,48,8,10,0,0,0,0,0,0,0
TX001785,CUST0098,2025-06-28 09:57:00,22.56,Services,FR,Gym Membership Monthly Fee Auto-Pay Health,0,42,15,10,0,0,0,1,0,0,0
TX001786,CUST0126,2025-06-28 10:23:00,11.21,Restaurants,FR,Daily Coffee Shop Purchase Morning Commute,0,42,18,10,0,0,0,0,0,0,0
TX001787,CUST0062,2025-06-28 11:40:00,41.52,Automotive,FR,Gas Station Fuel Fill-Up Local Convenience,0,42,16,10,0,0,0,0,0,0,0
TX001788,CUST0107,2025-06-28 12:52:00,14.88,Transport,FR,Public Transport Ticket Daily Fare City Commute,0,47,7,10,0,0,0,0,0,0,0
TX001789,CUST0156,2025-06-28 13:28:00,1250.75,Financial Services,SG,Offshore Financial Service Consultation Fee Unauthorized,1,56,13,10,0,0,0,0,0,0,0
TX001790,CUST0021,2025-06-29 14:54:00,19.99,Services,FR,Monthly Streaming Service Subscription Fee Automatically,0,56,18,10,0,0,0,1,0,0,1
TX001791,CUST0115,2025-06-29 15:04:00,789.2,Travel,US,Plane Ticket Booking For Vacation Abroad Trip,0,45,15,10,0,0,0,0,0,0,0
TX001792,CUST0035,2025-06-29 16:28:00,13.56,Transport,FR,Public Transport Ticket Daily Fare City Commute,0,47,11,10,0,0,0,0,0,0,0
TX001793,CUST0172,2025-06-29 17:19:00,33.22,Groceries,FR,Supermarket Grocery Shopping For Weekly Supplies,0,48,10,10,0,0,0,0,0,0,0
TX001794,CUST0098,2025-06-29 18:28:00,24.99,Services,FR,Monthly Streaming Service Subscription Fee Automatically,0,56,15,10,0,0,0,1,0,0,1
TX001795,CUST0051,2025-06-29 19:47:00,43.18,Automotive,FR,Gas Station Fuel Fill-Up Local Convenience,0,42,12,10,0,0,0,0,0,0,0
TX001796,CUST0110,2025-06-29 20:31:00,1450.0,Jewelry,US,Expensive Jewelry Bought From Unknown Vendor Online,1,51,13,10,0,0,0,0,0,0,0
TX001797,CUST0083,2025-06-29 21:26:00,17.5,Restaurants,FR,Local Restaurant Dinner Payment Evening Outing,0,46,11,10,0,0,0,0,0,0,0
TX001798,CUST0153,2025-06-29 22:51:00,28.01,Healthcare,FR,Pharmacy Prescription Medicine Purchase Routine Health,0,54,14,10,0,0,0,0,0,0,0
TX001799,CUST0009,2025-06-29 23:30:00,6.89,Services,FR,Public Library Fine Payment Overdue Books,0,41,17,10,0,0,0,0,0,0,0
TX001800,CUST0157,2025-06-30 00:19:00,25.1,Services,FR,Haircut Appointment Salon Visit Regular Grooming,0,48,12,10,0,0,0,0,0,0,0
TX001801,CUST0028,2025-06-30 01:10:00,19.99,Services,FR,Monthly Streaming Service Subscription Fee Automatically,0,56,10,10,0,0,0,1,0,0,1
TX001802,CUST0093,2025-06-30 02:49:00,2200.0,Financial Services,NG,Bank Account Transfer To Unverified International Recipient,1,59,9,10,1,0,0,0,0,1,0
TX001803,CUST0025,2025-06-30 03:49:00,48.9,Utilities,FR,Monthly Utility Bill Payment Electricity Household,0,50,16,10,0,0,0,0,0,0,0
TX001804,CUST0056,2025-06-30 04:18:00,12.87,Restaurants,FR,Daily Coffee Shop Purchase Morning Commute,0,42,10,10,0,0,0,0,0,0,0
TX001805,CUST0037,2025-06-30 05:52:00,32.55,Clothing,FR,Clothing Store Purchase New Shirt Everyday,0,42,16,10,0,0,0,0,0,0,0
TX001806,CUST0032,2025-06-30 06:26:00,21.08,Services,FR,Gym Membership Monthly Fee Auto-Pay Health,0,42,20,10,0,0,0,1,0,0,0
TX001807,CUST0006,2025-06-30 07:33:00,15.65,Entertainment,FR,Movie Ticket Entertainment Evening Out With Friends,0,51,14,10,0,0,0,0,0,0,0
TX001808,CUST0144,2025-06-30 08:57:00,19.99,Services,FR,Monthly Streaming Service Subscription Fee Automatically,0,56,13,10,0,0,0,1,0,0,1
TX001809,CUST0055,2025-06-30 09:25:00,12.33,Restaurants,FR,Daily Coffee Shop Purchase Morning Commute,0,42,9,10,0,0,0,0,0,0,0
TX001810,CUST0164,2025-07-01 10:18:00,14.11,Transport,FR,Public Transport Ticket Daily Fare City Commute,0,47,17,10,0,0,0,0,0,0,0
TX001811,CUST0003,2025-07-01 11:56:00,42.1,Groceries,FR,Supermarket Grocery Shopping For Weekly Supplies,0,48,10,10,0,0,0,0,0,0,0
TX001812,CUST0111,2025-07-01 12:39:00,11.23,Restaurants,FR,Daily Coffee Shop Purchase Morning Commute,0,42,10,10,0,0,0,0,0,0,0
TX001813,CUST0084,2025-07-01 13:09:00,195.42,Online Retail,FR,Online Clothing Store Purchase New Season Collection,1,52,18,10,0,0,0,0,0,0,0
TX001814,CUST0056,2025-07-01 14:03:00,13.99,Transport,FR,Public Transport Ticket Daily Fare City Commute,0,47,10,10,0,0,0,0,0,0,0
TX001815,CUST0155,2025-07-01 15:09:00,15.55,Entertainment,FR,Movie Ticket Entertainment Evening Out With Friends,0,51,15,10,0,0,0,0,0,0,0
TX001816,CUST0091,2025-07-01 16:51:00,42.11,Automotive,FR,Gas Station Fuel Fill-Up Local Convenience,0,42,14,10,0,0,0,0,0,0,0
TX001817,CUST0033,2025-07-01 17:45:00,28.59,Healthcare,FR,Pharmacy Prescription Medicine Purchase Routine Health,0,54,12,10,0,0,0,0,0,0,0
TX001818,CUST0057,2025-07-01 18:18:00,12.33,Restaurants,FR,Daily Coffee Shop Purchase Morning Commute,0,42,15,10,0,0,0,0,0,0,0
TX001819,CUST0153,2025-07-01 19:15:00,5.95,Restaurants,FR,Daily Coffee Shop Purchase Morning Commute,0,42,14,10,0,0,0,0,0,0,0
TX001820,CUST0034,2025-07-02 20:16:00,950.0,Financial Services,US,Untraceable Vpn Service Subscription Payment Offshore,1,53,12,3,0,0,0,1,0,0,1
TX001821,CUST0164,2025-07-02 21:20:00,19.99,Services,FR,Monthly Streaming Service Subscription Fee Automatically,0,56,17,10,0,0,0,1,0,0,1
TX001822,CUST0194,2025-07-02 22:24:00,34.22,Groceries,FR,Supermarket Grocery Shopping For Weekly Supplies,0,48,14,10,0,0,0,0,0,0,0
TX001823,CUST0135,2025-07-02 23:22:00,5.95,Restaurants,FR,Daily Coffee Shop Purchase Morning Commute,0,42,12,10,0,0,0,0,0,0,0
TX001824,CUST0008,2025-07-02 00:27:00,29.8,Clothing,FR,Clothing Store Purchase New Shirt Everyday,0,42,14,10,0,0,0,0,0,0,0
TX001825,CUST0196,2025-07-02 01:17:00,19.99,Services,FR,Monthly Streaming Service Subscription Fee Automatically,0,56,15,10,0,0,0,1,0,0,1
TX001826,CUST0180,2025-07-02 02:07:00,850.5,Electronics,RU,Foreign Online Retail Purchase Unusual Item Quickly,1,51,11,8,0,0,0,0,0,0,0
TX001827,CUST0147,2025-07-02 03:57:00,49.99,Online Retail,FR,Online Book Order Delivered Home Next Day,0,41,7,10,0,0,0,0,0,0,0
TX001828,CUST0152,2025-07-02 04:15:00,1200.0,Travel,CN,International Flight Booking For Trip Abroad,0,44,15,10,0,0,0,0,0,0,0
TX001829,CUST0173,2025-07-02 05:10:00,24.99,Services,FR,Monthly Streaming Service Subscription Fee Automatically,0,56,9,10,0,0,0,1,0,0,1
TX001830,CUST0027,2025-07-03 06:01:00,45.69,Groceries,FR,Supermarket Grocery Shopping For Weekly Supplies,0,48,11,10,0,0,0,0,0,0,0
TX001831,CUST0135,2025-07-03 07:02:00,13.99,Transport,FR,Public Transport Ticket Daily Fare City Commute,0,47,12,10,0,0,0,0,0,0,0
TX001832,CUST0182,2025-07-03 08:11:00,28.11,Services,FR,Haircut Appointment Salon Visit Regular Grooming,0,48,11,10,0,0,0,0,0,0,0
TX001833,CUST0068,2025-07-03 09:37:00,24.99,Services,FR,Monthly Streaming Service Subscription Fee Automatically,0,56,17,10,0,0,0,1,0,0,1
TX001834,CUST0057,2025-07-03 10:38:00,12.33,Restaurants,FR,Daily Coffee Shop Purchase Morning Commute,0,42,15,10,0,0,0,0,0,0,0
TX001800,CUST0003,2025-06-30 00:39:00,11.53,Dining,DE,local restaurant lunch meal with friends,0,40,10,10,0,0,0,0,0,0,0
TX001801,CUST0179,2025-06-30 01:38:00,105.7,Groceries,DE,weekly grocery shopping trip essential food items,0,49,20,10,0,0,0,0,0,0,0
TX001802,CUST0142,2025-06-30 02:48:00,16.3,Entertainment,DE,app store monthly subscription fee payment,0,42,15,10,0,0,0,1,0,0,1
TX001803,CUST0096,2025-06-30 03:19:00,139.75,Services,DE,haircut and styling service beauty appointment,0,46,13,10,0,0,0,0,0,0,0
TX001804,CUST0194,2025-06-30 04:10:00,45.47,Online Retail,DE,online book order delivered new reading material,0,48,14,10,0,0,0,0,0,0,0
TX001805,CUST0185,2025-06-30 05:14:00,76.24,Transport,DE,public transport ticket bought for commute,0,42,13,10,0,0,0,0,0,0,0
TX001806,CUST0130,2025-06-30 06:28:00,13.91,Health,DE,pharmacy prescription pickup done medication needed,0,51,11,10,0,0,0,0,0,0,0
TX001807,CUST0037,2025-06-30 07:51:00,84.7,Dining,DE,local restaurant lunch meal with friends,0,40,16,10,0,0,0,0,0,0,0
TX001808,CUST0174,2025-06-30 08:29:00,160.85,Groceries,DE,weekly grocery shopping trip essential food items,0,49,11,10,0,0,0,0,0,0,0
TX001809,CUST0119,2025-06-30 09:04:00,25.13,Dining,DE,daily morning coffee shop purchase beverage,0,43,14,10,0,0,0,0,0,0,0
TX001810,CUST0047,2025-07-01 10:15:00,101.44,Online Retail,DE,online book order delivered new reading material,0,48,14,10,0,0,0,0,0,0,0
TX001811,CUST0106,2025-07-01 11:00:00,29.83,Entertainment,DE,monthly streaming service subscription fee charged,0,50,14,10,0,0,0,1,0,0,1
TX001812,CUST0005,2025-07-01 12:29:00,12.02,Dining,DE,daily morning coffee shop purchase beverage,0,43,13,10,0,0,0,0,0,0,0
TX001813,CUST0006,2025-07-01 13:00:00,110.46,Groceries,DE,supermarket grocery run weekend essentials,1,42,14,10,0,0,0,0,0,0,0
TX001814,CUST0074,2025-07-01 14:42:00,127.42,Utilities,DE,utility bill payment processed electricity service,0,50,11,10,0,0,0,0,0,0,0
TX001815,CUST0090,2025-07-01 15:31:00,149.33,Services,DE,haircut and styling service beauty appointment,0,46,8,10,0,0,0,0,0,0,0
TX001816,CUST0063,2025-07-01 16:13:00,87.21,Dining,DE,local restaurant lunch meal with friends,0,40,9,10,0,0,0,0,0,0,0
TX001817,CUST0057,2025-07-01 17:15:00,54.12,Transport,DE,gas station fill-up payment for fuel,0,36,15,10,0,0,0,0,0,0,0
TX001818,CUST0095,2025-07-01 18:47:00,17.51,Entertainment,DE,app store monthly subscription fee payment,0,42,14,10,0,0,0,1,0,0,1
TX001819,CUST0007,2025-07-01 19:55:00,37.64,Entertainment,DE,monthly streaming service subscription fee charged,0,50,11,10,0,0,0,1,0,0,1
TX001820,CUST0017,2025-07-02 20:42:00,10.36,Dining,DE,daily morning coffee shop purchase beverage,0,43,20,10,0,0,0,0,0,0,0
TX001821,CUST0002,2025-07-02 21:46:00,23.32,Health,DE,pharmacy prescription pickup done medication needed,0,51,9,10,0,0,0,0,0,0,0
TX001822,CUST0068,2025-07-02 22:22:00,176.43,Groceries,DE,weekly grocery shopping trip essential food items,0,49,17,10,0,0,0,0,0,0,0
TX001823,CUST0182,2025-07-02 23:37:00,10.74,Dining,DE,daily morning coffee shop purchase beverage,0,43,11,10,0,0,0,0,0,0,0
TX001824,CUST0155,2025-07-02 00:56:00,129.59,Utilities,DE,utility bill payment processed electricity service,0,50,15,10,0,0,0,0,0,0,0
TX001825,CUST0031,2025-07-02 01:06:00,11.2,Dining,DE,daily morning coffee shop purchase beverage,0,43,12,10,0,0,0,0,0,0,0
TX001826,CUST0119,2025-07-02 02:26:00,634.02,Education,GB,international online course enrollment fee paid,0,47,14,10,0,0,0,0,0,0,0
TX001827,CUST0077,2025-07-02 03:07:00,139.06,Transport,DE,public transport ticket bought for commute,0,42,12,10,0,0,0,0,0,0,0
TX001828,CUST0166,2025-07-02 04:38:00,9.43,Dining,DE,daily morning coffee shop purchase beverage,0,43,22,10,0,0,0,0,0,0,0
TX001829,CUST0080,2025-07-02 05:19:00,10.79,Dining,DE,daily morning coffee shop purchase beverage,0,43,13,10,0,0,0,0,0,0,0
TX001830,CUST0071,2025-07-03 06:23:00,124.93,Groceries,DE,weekly grocery shopping trip essential food items,0,49,17,10,0,0,0,0,0,0,0
TX001831,CUST0021,2025-07-03 07:33:00,68.3,Transport,DE,gas station fill-up payment for fuel,0,36,18,10,0,0,0,0,0,0,0
TX001832,CUST0106,2025-07-03 08:24:00,26.68,Entertainment,DE,monthly streaming service subscription fee charged,0,50,14,10,0,0,0,1,0,0,1
TX001833,CUST0013,2025-07-03 09:47:00,16.59,Health,DE,pharmacy prescription pickup done medication needed,0,51,16,10,0,0,0,0,0,0,0
TX001834,CUST0176,2025-07-03 10:06:00,154.55,Groceries,DE,weekly grocery shopping trip essential food items,0,49,15,10,0,0,0,0,0,0,0
TX001835,CUST0112,2025-07-03 11:05:00,156.46,Online Retail,DE,clothing store purchase new jeans shirt,0,39,11,9,0,0,0,0,0,0,0
TX001836,CUST0174,2025-07-03 12:26:00,49.33,Transport,DE,gas station fill-up payment for fuel,0,36,11,10,0,0,0,0,0,0,0
TX001837,CUST0176,2025-07-03 13:57:00,129.56,Online Retail,DE,online book order delivered new reading material,0,48,15,10,0,0,0,0,0,0,0
TX001838,CUST0098,2025-07-03 14:04:00,1969.8,Online Retail,CN,electronics bulk order from overseas vendor unverified,1,54,15,10,0,0,0,0,0,0,0
TX001839,CUST0032,2025-07-03 15:32:00,11.04,Dining,DE,daily morning coffee shop purchase beverage,0,43,20,10,0,0,0,0,0,0,0
TX001840,CUST0070,2025-07-04 16:15:00,54.73,Transport,DE,gas station fill-up payment for fuel,0,36,9,10,0,0,0,0,0,0,0
TX001841,CUST0066,2025-07-04 17:00:00,11.45,Dining,DE,daily morning coffee shop purchase beverage,0,43,18,10,0,0,0,0,0,0,0
TX001842,CUST0081,2025-07-04 18:56:00,12.01,Dining,DE,daily morning coffee shop purchase beverage,0,43,7,10,0,0,0,0,0,0,0
TX001843,CUST0180,2025-07-04 19:11:00,17.06,Entertainment,DE,app store monthly subscription fee payment,0,42,11,10,0,0,0,1,0,0,1
TX001844,CUST0067,2025-07-04 20:30:00,139.75,Services,DE,haircut and styling service beauty appointment,0,46,16,10,0,0,0,0,0,0,0
TX001845,CUST0177,2025-07-04 21:42:00,16.92,Entertainment,DE,app store monthly subscription fee payment,0,42,18,10,0,0,0,1,0,0,1
TX001846,CUST0009,2025-07-04 22:24:00,149.37,Services,DE,fitness club membership renewal monthly gym,0,43,17,10,0,0,0,1,0,0,0
TX001847,CUST0079,2025-07-04 23:41:00,11.25,Dining,DE,daily morning coffee shop purchase beverage,0,43,12,10,0,0,0,0,0,0,0
TX001848,CUST0181,2025-07-04 00:57:00,10.38,Dining,DE,daily morning coffee shop purchase beverage,0,43,10,10,0,0,0,0,0,0,0
TX001849,CUST0162,2025-07-04 01:26:00,138.64,Groceries,DE,weekly grocery shopping trip essential food items,0,49,11,10,0,0,0,0,0,0,0
TX001850,CUST0105,2025-07-05 02:30:00,158.42,Groceries,DE,weekly grocery shopping trip essential food items,0,49,11,10,0,0,0,0,0,0,0
TX001851,CUST0002,2025-07-05 03:19:00,10.15,Dining,DE,daily morning coffee shop purchase beverage,0,43,9,10,0,0,0,0,0,0,0
TX001852,CUST0092,2025-07-05 04:09:00,17.38,Health,DE,pharmacy prescription pickup done medication needed,0,51,11,10,0,0,0,0,0,0,0
TX001853,CUST0174,2025-07-05 05:08:00,12.0,Dining,DE,daily morning coffee shop purchase beverage,0,43,11,10,0,0,0,0,0,0,0
TX001854,CUST0132,2025-07-05 06:51:00,142.16,Services,DE,haircut and styling service beauty appointment,0,46,16,10,0,0,0,0,0,0,0
TX001855,CUST0048,2025-07-05 07:07:00,132.8,Online Retail,DE,online book order delivered new reading material,0,48,9,10,0,0,0,0,0,0,0
TX001856,CUST0171,2025-07-05 08:06:00,14.89,Health,DE,pharmacy prescription pickup done medication needed,0,51,11,10,0,0,0,0,0,0,0
TX001857,CUST0126,2025-07-05 09:37:00,56.45,Transport,DE,gas station fill-up payment for fuel,0,36,18,10,0,0,0,0,0,0,0
TX001858,CUST0053,2025-07-05 10:45:00,134.7,Utilities,DE,utility bill payment processed electricity service,0,50,22,10,0,0,0,0,0,0,0
TX001859,CUST0031,2025-07-05 11:34:00,11.83,Dining,DE,daily morning coffee shop purchase beverage,0,43,12,10,0,0,0,0,0,0,0
TX001860,CUST0023,2025-07-06 12:51:00,10.35,Dining,DE,daily morning coffee shop purchase beverage,0,43,19,10,0,0,0,0,0,0,0
TX001861,CUST0070,2025-07-06 13:11:00,138.86,Services,DE,fitness club membership renewal monthly gym,0,43,9,10,0,0,0,1,0,0,0
TX001862,CUST0129,2025-07-06 14:49:00,25.86,Entertainment,DE,monthly streaming service subscription fee charged,0,50,19,10,0,0,0,1,0,0,1
TX001863,CUST0177,2025-07-06 15:18:00,11.2,Dining,DE,daily morning coffee shop purchase beverage,0,43,18,10,0,0,0,0,0,0,0
TX001864,CUST0086,2025-07-06 16:17:00,15.65,Health,DE,pharmacy prescription pickup done medication needed,0,51,10,10,0,0,0,0,0,0,0
TX001865,CUST0125,2025-07-06 17:12:00,16.73,Entertainment,DE,app store monthly subscription fee payment,0,42,17,10,0,0,0,1,0,0,1
TX001866,CUST0064,2025-07-06 18:40:00,154.55,Groceries,DE,weekly grocery shopping trip essential food items,0,49,18,10,0,0,0,0,0,0,0
TX001867,CUST0064,2025-07-06 19:05:00,14.18,Health,DE,pharmacy prescription pickup done medication needed,0,51,18,10,0,0,0,0,0,0,0
TX001868,CUST0161,2025-07-06 20:56:00,28.53,Entertainment,DE,monthly streaming service subscription fee charged,0,50,14,10,0,0,0,1,0,0,1
TX001869,CUST0085,2025-07-06 21:36:00,130.31,Utilities,DE,utility bill payment processed electricity service,0,50,8,10,0,0,0,0,0,0,0
TX001870,CUST0111,2025-07-07 22:19:00,1782.16,Electronics,RU,anonymous software license key activation unexpected,1,52,10,6,0,0,0,0,0,0,1
TX001871,CUST0054,2025-07-07 23:11:00,10.98,Dining,DE,daily morning coffee shop purchase beverage,0,43,17,10,0,0,0,0,0,0,0
TX001872,CUST0010,2025-07-07 00:54:00,140.23,Groceries,DE,weekly grocery shopping trip essential food items,0,49,9,10,0,0,0,0,0,0,0
TX001873,CUST0098,2025-07-07 01:08:00,10.43,Dining,DE,daily morning coffee shop purchase beverage,0,43,15,10,0,0,0,0,0,0,0
TX001874,CUST0101,2025-07-07 02:37:00,12.04,Dining,DE,daily morning coffee shop purchase beverage,0,43,13,10,0,0,0,0,0,0,0
TX001875,CUST0179,2025-07-07 03:24:00,142.06,Services,DE,haircut and styling service beauty appointment,0,46,20,10,0,0,0,0,0,0,0
TX001876,CUST0045,2025-07-07 04:37:00,161.78,Groceries,DE,weekly grocery shopping trip essential food items,0,49,18,10,0,0,0,0,0,0,0
TX001877,CUST0140,2025-07-07 05:40:00,143.51,Online Retail,DE,clothing store purchase new jeans shirt,0,39,7,9,0,0,0,0,0,0,0
TX001878,CUST0027,2025-07-07 06:09:00,10.22,Dining,DE,daily morning coffee shop purchase beverage,0,43,11,10,0,0,0,0,0,0,0
TX001879,CUST0001,2025-07-07 07:07:00,68.7,Transport,DE,gas station fill-up payment for fuel,0,36,14,10,0,0,0,0,0,0,0
TX001880,CUST0177,2025-07-08 08:58:00,45.81,Online Retail,DE,online subscription renewal processed automatically,1,51,18,8,0,0,0,1,0,0,0
TX001881,CUST0062,2025-07-08 09:36:00,14.77,Health,DE,pharmacy prescription pickup done medication needed,0,51,16,10,0,0,0,0,0,0,0
TX001882,CUST0082,2025-07-08 10:17:00,133.55,Utilities,DE,utility bill payment processed electricity service,0,50,13,10,0,0,0,0,0,0,0
TX001883,CUST0087,2025-07-08 11:46:00,34.01,Entertainment,DE,monthly streaming service subscription fee charged,0,50,13,10,0,0,0,1,0,0,1
TX001884,CUST0120,2025-07-08 12:37:00,9.47,Dining,DE,daily morning coffee shop purchase beverage,0,43,13,10,0,0,0,0,0,0,0
TX001885,CUST0119,2025-07-08 13:25:00,25.33,Health,DE,pharmacy prescription pickup done medication needed,0,51,14,10,0,0,0,0,0,0,0
TX001886,CUST0189,2025-07-08 14:12:00,146.96,Online Retail,DE,clothing store purchase new jeans shirt,0,39,12,9,0,0,0,0,0,0,0
TX001887,CUST0179,2025-07-08 15:08:00,139.75,Services,DE,haircut and styling service beauty appointment,0,46,20,10,0,0,0,0,0,0,0
TX001888,CUST0027,2025-07-08 16:04:00,14.88,Health,DE,pharmacy prescription pickup done medication needed,0,51,11,10,0,0,0,0,0,0,0
TX001889,CUST0166,2025-07-08 17:05:00,108.9,Groceries,DE,weekly grocery shopping trip essential food items,0,49,22,10,0,0,0,0,0,0,0
TX001890,CUST0061,2025-07-09 18:11:00,1285.52,Travel,GB,overseas travel package booking alert received late,1,51,16,10,0,0,0,0,0,0,0
TX001891,CUST0039,2025-07-09 19:18:00,146.68,Services,DE,fitness club membership renewal monthly gym,0,43,13,10,0,0,0,1,0,0,0
TX001892,CUST0045,2025-07-09 20:12:00,11.51,Dining,DE,daily morning coffee shop purchase beverage,0,43,18,10,0,0,0,0,0,0,0
TX001893,CUST0156,2025-07-09 21:28:00,125.75,Utilities,DE,utility bill payment processed electricity service,0,50,13,10,0,0,0,0,0,0,0
TX001894,CUST0053,2025-07-09 22:49:00,25.13,Entertainment,DE,monthly streaming service subscription fee charged,0,50,22,10,0,0,0,1,0,0,1
TX001895,CUST0058,2025-07-09 23:58:00,112.56,Groceries,DE,weekly grocery shopping trip essential food items,0,49,9,10,0,0,0,0,0,0,0
TX001896,CUST0177,2025-07-09 00:26:00,10.6,Dining,DE,daily morning coffee shop purchase beverage,0,43,18,10,0,0,0,0,0,0,0
TX001897,CUST0188,2025-07-09 01:02:00,16.79,Entertainment,DE,app store monthly subscription fee payment,0,42,6,10,0,0,0,1,0,0,1
TX001898,CUST0162,2025-07-09 02:05:00,10.59,Dining,DE,daily morning coffee shop purchase beverage,0,43,11,10,0,0,0,0,0,0,0
TX001899,CUST0086,2025-07-09 03:41:00,77.29,Transport,DE,public transport ticket bought for commute,0,42,10,10,0,0,0,0,0,0,0
TX001900,CUST0054,2025-07-10 04:23:00,139.75,Services,DE,haircut and styling service beauty appointment,0,46,17,10,0,0,0,0,0,0,0
TX001901,CUST0141,2025-07-10 05:51:00,123.01,Online Retail,DE,online book order delivered new reading material,0,48,15,10,0,0,0,0,0,0,0
TX001902,CUST0073,2025-07-10 06:20:00,149.88,Services,DE,fitness club membership renewal monthly gym,0,43,15,10,0,0,0,1,0,0,0
TX001903,CUST0101,2025-07-10 07:17:00,10.74,Dining,DE,daily morning coffee shop purchase beverage,0,43,13,10,0,0,0,0,0,0,0
TX001904,CUST0181,2025-07-10 08:11:00,156.46,Online Retail,DE,clothing store purchase new jeans shirt,0,39,10,9,0,0,0,0,0,0,0
TX001905,CUST0189,2025-07-10 09:36:00,56.63,Transport,DE,gas station fill-up payment for fuel,0,36,12,10,0,0,0,0,0,0,0
TX001906,CUST0149,2025-07-10 10:22:00,130.33,Utilities,DE,utility bill payment processed electricity service,0,50,17,10,0,0,0,0,0,0,0
TX001907,CUST0195,2025-07-10 11:08:00,10.57,Dining,DE,daily morning coffee shop purchase beverage,0,43,11,10,0,0,0,0,0,0,0
TX001908,CUST0113,2025-07-10 12:49:00,130.4,Online Retail,DE,monthly software service payment completed on time,1,50,8,7,0,0,0,1,0,0,1
TX001909,CUST0004,2025-07-10 13:49:00,17.55,Health,DE,pharmacy prescription pickup done medication needed,0,51,15,10,0,0,0,0,0,0,0
TX001910,CUST0145,2025-07-11 14:10:00,11.89,Dining,DE,daily morning coffee shop purchase beverage,0,43,12,10,0,0,0,0,0,0,0
TX001911,CUST0007,2025-07-11 15:21:00,1698.81,Services,AE,urgent international wire transfer executed immediately,1,55,11,7,1,0,0,0,0,1,0
TX001912,CUST0026,2025-07-11 16:16:00,109.91,Dining,DE,restaurant dinner bill settled with card,1,40,13,10,0,0,0,0,0,0,0
TX001913,CUST0129,2025-07-11 17:30:00,10.29,Dining,DE,daily morning coffee shop purchase beverage,0,43,19,10,0,0,0,0,0,0,0
TX001914,CUST0054,2025-07-11 18:03:00,11.2,Dining,DE,daily morning coffee shop purchase beverage,0,43,17,10,0,0,0,0,0,0,0
TX001915,CUST0058,2025-07-11 19:45:00,149.49,Services,DE,fitness club membership renewal monthly gym,0,43,9,10,0,0,0,1,0,0,0
TX001916,CUST0089,2025-07-11 20:24:00,17.75,Health,DE,pharmacy prescription pickup done medication needed,0,51,18,10,0,0,0,0,0,0,0
TX001917,CUST0109,2025-07-11 21:41:00,150.29,Groceries,DE,weekly grocery shopping trip essential food items,0,49,11,10,0,0,0,0,0,0,0
TX001918,CUST0011,2025-07-11 22:51:00,11.45,Dining,DE,daily morning coffee shop purchase beverage,0,43,2,10,0,0,0,0,0,0,0
TX001919,CUST0017,2025-07-11 23:58:00,1563.8,Online Retail,MX,suspicious crypto currency transfer abroad swiftly,1,50,20,1,0,0,1,0,0,0,0
TX001920,CUST0035,2025-07-12 00:51:00,10.45,Dining,DE,daily morning coffee shop purchase beverage,0,43,11,10,0,0,0,0,0,0,0
TX001921,CUST0075,2025-07-12 01:54:00,139.75,Services,DE,haircut and styling service beauty appointment,0,46,15,10,0,0,0,0,0,0,0
TX001922,CUST0058,2025-07-12 02:20:00,10.97,Dining,DE,daily morning coffee shop purchase beverage,0,43,9,10,0,0,0,0,0,0,0
TX001923,CUST0115,2025-07-12 03:59:00,147.28,Online Retail,DE,clothing store purchase new jeans shirt,0,39,15,9,0,0,0,0,0,0,0
TX001924,CUST0095,2025-07-12 04:15:00,153.92,Groceries,DE,weekly grocery shopping trip essential food items,0,49,14,10,0,0,0,0,0,0,0
TX001925,CUST0049,2025-07-12 05:43:00,10.74,Dining,DE,daily morning coffee shop purchase beverage,0,43,17,10,0,0,0,0,0,0,0
TX001926,CUST0123,2025-07-12 06:34:00,12.01,Dining,DE,daily morning coffee shop purchase beverage,0,43,18,10,0,0,0,0,0,0,0
TX001927,CUST0160,2025-07-12 07:37:00,28.53,Entertainment,DE,monthly streaming service subscription fee charged,0,50,12,10,0,0,0,1,0,0,1
TX001928,CUST0044,2025-07-12 08:16:00,153.81,Groceries,DE,weekly grocery shopping trip essential food items,0,49,16,10,0,0,0,0,0,0,0
TX001929,CUST0136,2025-07-12 09:07:00,143.27,Online Retail,DE,clothing store purchase new jeans shirt,0,39,15,9,0,0,0,0,0,0,0
TX001930,CUST0104,2025-07-13 10:14:00,10.37,Dining,DE,daily morning coffee shop purchase beverage,0,43,12,10,0,0,0,0,0,0,0
TX001931,CUST0166,2025-07-13 11:42:00,1944.42,Services,NG,unusual payment processing fee charged anonymously,1,50,22,10,0,0,0,0,0,0,0
TX001932,CUST0191,2025-07-13 12:20:00,139.75,Services,DE,haircut and styling service beauty appointment,0,46,19,10,0,0,0,0,0,0,0
TX001933,CUST0177,2025-07-13 13:03:00,10.99,Dining,DE,daily morning coffee shop purchase beverage,0,43,18,10,0,0,0,0,0,0,0
TX001934,CUST0138,2025-07-13 14:04:00,139.75,Services,DE,haircut and styling service beauty appointment,0,46,7,10,0,0,0,0,0,0,0
TX001935,CUST0166,2025-07-13 15:31:00,234.34,Online Retail,US,high-value gift card acquisition initiated online,1,49,22,10,0,1,0,0,0,0,0
TX001936,CUST0185,2025-07-13 16:20:00,139.75,Services,DE,haircut and styling service beauty appointment,0,46,13,10,0,0,0,0,0,0,0
TX001937,CUST0185,2025-07-13 17:43:00,1876.53,Electronics,IN,unauthorized luxury item purchase detected quickly,1,50,13,2,0,0,0,0,0,0,0
TX001938,CUST0017,2025-07-13 18:28:00,139.75,Services,DE,haircut and styling service beauty appointment,0,46,20,10,0,0,0,0,0,0,0
TX001939,CUST0049,2025-07-13 19:58:00,14.95,Health,DE,pharmacy prescription pickup done medication needed,0,51,17,10,0,0,0,0,0,0,0
TX001940,CUST0159,2025-07-14 20:59:00,10.74,Dining,DE,daily morning coffee shop purchase beverage,0,43,24,10,0,0,0,0,0,0,0
TX001941,CUST0069,2025-07-14 21:07:00,152.01,Groceries,DE,weekly grocery shopping trip essential food items,0,49,9,10,0,0,0,0,0,0,0
TX001942,CUST0125,2025-07-14 22:24:00,142.16,Services,DE,haircut and styling service beauty appointment,0,46,17,10,0,0,0,0,0,0,0
TX001943,CUST0166,2025-07-14 23:47:00,14.61,Health,DE,pharmacy prescription pickup done medication needed,0,51,22,10,0,0,0,0,0,0,0
TX001944,CUST0067,2025-07-14 00:20:00,1089.47,Travel,BR,foreign online gaming credits purchased suddenly,1,48,16,1,0,0,0,0,0,0,1
TX001945,CUST0190,2025-07-14 01:41:00,11.23,Dining,DE,daily morning coffee shop purchase beverage,0,43,12,10,0,0,0,0,0,0,0
TX001946,CUST0066,2025-07-14 02:08:00,25.04,Health,DE,pharmacy prescription pickup done medication needed,0,51,18,10,0,0,0,0,0,0,0
TX001947,CUST0167,2025-07-14 03:46:00,138.86,Services,DE,fitness club membership renewal monthly gym,0,43,11,10,0,0,0,1,0,0,0
TX001948,CUST0170,2025-07-14 04:49:00,63.81,Transport,DE,gas station fill-up payment for fuel,0,36,16,10,0,0,0,0,0,0,0
