transaction_id,timestamp,customer_id,transaction_amount,account_balance_before,account_balance_after,transaction_frequency_24h,avg_transaction_amount_7d,num_failed_transactions_7d,time_since_last_transaction_hr,transaction_hour,is_weekend,account_age_days,user_risk_score,num_devices_used,num_countries_used,previous_fraud_count,kyc_verified,transaction_type,merchant_category,device_type,location_match,payment_channel,transaction_description,merchant_name,customer_support_note,is_fraud,description_risk_score,description_tone,semantic_merchant_category
TX000000,2025-01-01 08:39:39,CUST0160,83.82,3352.85,3269.03,0,0.0,0,2840.66,8,0,118,0.0147230147858645,2,0,0,0,online purchase,Food,mobile,1,card,Morning breakfast and coffee order for the office team.,Corner Bakery Cafe,Standard morning purchase.,0,1,routine,daily essentials
TX000001,2025-01-01 07:28:40,CUST0004,19.65,436.64,416.99,0,0.0,0,7351.48,7,0,306,0.2415296014007472,2,0,0,1,online purchase,Travel,mobile,1,card,Monthly transit pass renewal for commuter train services.,Metro Transit Authority,,0,1,routine,daily essentials
TX000002,2025-01-01 19:15:23,CUST0289,192.09,2401.12,2209.03,0,0.0,0,91.26,19,0,3,0.1265325198492471,1,0,0,0,online purchase,Clothing,desktop,1,card,Purchase of a new denim jacket and accessories.,Urban Outfitters,,0,1,routine,other
TX000003,2025-01-01 03:24:49,CUST0202,1612.91,1897.54,284.63,0,0.0,0,3819.41,3,0,159,0.3581711866055946,1,1,0,1,online purchase,Electronics,desktop,0,card,URGENT: High-end luxury watch purchase from overseas IP address.,Luxury Swiss Boutique,Transaction originated from a known high-risk proxy server.,1,9,urgent,luxury goods
TX000004,2025-01-01 10:12:35,CUST0092,331.14,2759.51,2428.37,0,0.0,0,2482.21,10,0,103,0.745065288179806,2,0,0,0,transfer,Utilities,desktop,1,bank,Payment for monthly residential electricity and water usage.,City Power & Light,Recurring monthly utility payment.,0,1,routine,daily essentials
TX000005,2025-01-01 17:03:28,CUST0133,249.76,4995.11,4745.35,0,0.0,0,4841.06,17,0,201,0.0090070462200541,1,0,0,0,online purchase,Food,mobile,1,card,Weekly grocery shopping for fresh produce and pantry staples.,Whole Foods Market,,0,1,routine,daily essentials
TX000006,2025-01-01 21:21:57,CUST0071,17.28,1152.19,1134.91,0,0.0,0,1365.37,21,0,56,0.0454101854858288,1,0,0,1,online purchase,Entertainment,desktop,1,e-wallet,Purchase of a digital expansion pack for a video game.,Steam Games,,0,1,routine,other
TX000007,2025-01-01 14:11:58,CUST0104,23.98,799.32,775.34,0,0.0,0,3974.2,14,0,165,0.2575039472397014,1,0,0,1,online purchase,Electronics,mobile,1,card,Buying a replacement charging cable and phone case.,Amazon,,0,1,routine,other
TX000008,2025-01-01 00:19:17,CUST0165,2.08,416.19,414.11,0,0.0,0,6528.32,0,0,272,0.1739721851660722,2,0,0,0,online purchase,Entertainment,desktop,1,card,Monthly subscription fee for streaming video services.,Netflix,Automated recurring charge.,0,1,routine,services
TX000009,2025-01-01 11:06:00,CUST0087,1391.91,3976.89,2584.98,0,0.0,0,4499.1,11,0,187,0.2215632872646478,1,0,0,1,online purchase,Travel,desktop,1,card,Booking a round-trip flight for a summer vacation.,Delta Airlines,,0,2,routine,services
TX000010,2025-01-02 16:20:55,CUST0300,39.25,981.34,942.09,0,0.0,0,3448.35,16,0,143,0.0603691501968914,2,0,0,1,online purchase,Services,mobile,1,card,Refueling the vehicle at a local petrol station.,Shell Gas,,0,1,routine,daily essentials
TX000011,2025-01-02 09:37:07,CUST0208,105.77,2115.4,2009.63,0,0.0,0,5697.62,9,0,237,0.764871434110498,1,0,0,0,online purchase,Food,desktop,1,card,Weekly meal kit delivery subscription box.,Blue Apron,,0,1,routine,services
TX000012,2025-01-02 12:23:33,CUST0253,215.85,3083.63,2867.78,0,0.0,0,5748.39,12,0,239,0.1460481267813674,1,0,0,1,transfer,Utilities,desktop,1,bank,Payment for monthly cellular and data plan.,Verizon Wireless,,0,1,routine,services
TX000013,2025-01-02 09:06:56,CUST0108,22.3,2787.35,2765.05,0,0.0,0,8025.12,9,0,334,0.0604805895154762,2,0,0,0,online purchase,Food,mobile,1,e-wallet,Quick purchase of a latte and a pastry.,Starbucks,,0,1,routine,daily essentials
TX000014,2025-01-02 15:57:38,CUST0208,301.44,2009.63,1708.19,1,105.77,0,6.34,15,0,237,0.764871434110498,1,0,0,0,online purchase,Electronics,desktop,1,card,Buying a new computer monitor for a home office setup.,Best Buy,,0,2,routine,other
TX000015,2025-01-02 23:28:41,CUST0035,1079.17,1101.19,22.02,0,0.0,0,1991.48,23,0,82,0.411993964975517,1,1,0,1,transfer,Services,mobile,0,bank,IMMEDIATE TRANSFER: Moving nearly entire balance to an unknown third-party account.,Cash Transfer Service,Customer appears confused about recipient identity when prompted.,1,10,panic,crypto/finance
TX000016,2025-01-02 00:02:49,CUST0300,11.31,942.09,930.78,1,39.25,1,-16.3,0,0,143,0.0603691501968914,2,0,0,1,online purchase,Entertainment,mobile,1,card,Monthly family plan subscription for music streaming.,Spotify,,0,1,routine,services
TX000017,2025-01-02 18:57:00,CUST0043,54.86,1371.58,1316.72,0,0.0,0,2970.95,18,0,123,0.8035206888347924,1,0,0,0,online purchase,Clothing,mobile,1,card,Buying t-shirts and jeans during a seasonal sale.,H&M,,0,1,routine,other
TX000018,2025-01-02 23:50:30,CUST0116,81.14,4057.17,3976.03,0,0.0,0,6215.84,23,0,258,0.1657749574930738,2,0,0,1,online purchase,Travel,mobile,1,e-wallet,Late night ride home from a social gathering.,Uber,,0,1,routine,services
TX000019,2025-01-02 12:09:13,CUST0246,129.65,3704.23,3574.58,0,0.0,0,372.15,12,0,15,0.2177883688579468,1,0,0,0,online purchase,Services,mobile,1,card,Picking up monthly prescription and some over-the-counter medicine.,Local Pharmacy,,0,1,routine,daily essentials
TX000020,2025-01-02 20:31:14,CUST0118,619.35,3096.74,2477.39,0,0.0,0,716.52,20,0,29,0.2797682409679856,2,0,0,1,online purchase,Travel,tablet,1,card,Down payment for a weekend cabin rental.,AirBnB,,0,2,routine,services
TX000021,2025-01-02 06:53:31,CUST0298,87.98,2199.53,2111.55,0,0.0,0,630.89,6,0,26,0.029371109676497,1,0,0,1,online purchase,Services,desktop,1,card,Monthly gym membership fee for fitness services.,Gold's Gym,,0,1,routine,services
TX000022,2025-01-02 10:38:46,CUST0131,271.94,1510.77,1238.83,0,0.0,0,3514.65,10,0,146,0.1629868474246943,2,0,0,1,online purchase,Entertainment,desktop,1,card,Buying two tickets for an upcoming concert tour.,Ticketmaster,,0,1,routine,other
TX000023,2025-01-02 02:10:43,CUST0296,4.22,4222.11,4217.89,0,0.0,0,1898.18,2,0,79,0.3978259922675418,2,1,0,1,online purchase,Services,desktop,0,card,TESTING: A tiny transaction to verify card validity on a new account.,Micro-SaaS Gateway,Pattern of multiple failed login attempts detected prior to purchase.,1,7,routine,services
TX000024,2025-01-02 13:08:35,CUST0216,393.13,3276.05,2882.92,0,0.0,0,4525.14,13,0,188,0.7138719138583228,1,0,0,0,online purchase,Clothing,mobile,1,card,Buying a new suit for a wedding event.,Zara,,0,1,routine,other
TX000025,2025-01-02 09:39:40,CUST0176,495.12,4501.06,4005.94,0,0.0,0,105.66,9,0,4,0.224876182348314,1,0,0,0,transfer,Services,desktop,1,bank,Monthly premium payment for auto and renters insurance.,State Farm Insurance,,0,1,routine,services
TX000026,2025-01-02 19:12:03,CUST0257,45.32,2266.18,2220.86,0,0.0,0,3283.2,19,0,136,0.0361110947126189,1,0,0,0,online purchase,Food,mobile,1,e-wallet,Friday night dinner delivery for the family.,Domino's Pizza,,0,1,routine,daily essentials
TX000027,2025-01-02 11:59:45,CUST0262,407.15,4523.86,4116.71,0,0.0,0,3444.0,11,0,143,0.2779753150284881,1,0,0,1,online purchase,Services,mobile,1,card,Buying supplies for a weekend home garden project.,The Home Depot,,0,1,routine,other
TX000028,2025-01-02 17:47:21,CUST0105,127.72,2554.42,2426.7,0,0.0,0,3017.79,17,0,125,0.2083543684981106,2,0,0,1,withdrawal,Services,mobile,1,card,Cash withdrawal for weekend pocket money.,Local ATM,,0,2,routine,crypto/finance
TX000029,2025-01-02 14:56:09,CUST0248,94.13,1448.23,1354.1,0,0.0,0,3182.94,14,0,132,0.0392837214130572,2,0,0,1,online purchase,Food,desktop,1,card,Bulk purchase of dog food and chew toys.,Chewy,,0,1,routine,other
TX000030,2025-01-03 16:00:49,CUST0187,532.21,3801.52,3269.31,0,0.0,0,6376.01,16,0,265,0.8126448195730781,1,0,0,1,online purchase,Electronics,mobile,1,card,Buying a new pair of wireless earbuds.,Apple Store,,0,1,routine,other
TX000031,2025-01-03 21:25:11,CUST0221,92.37,3079.13,2986.76,0,0.0,0,861.42,21,0,35,0.2423099277033597,2,0,0,0,online purchase,Clothing,tablet,1,e-wallet,Purchase of a handmade ceramic vase for home decor.,Etsy,,0,1,routine,other
TX000032,2025-01-03 04:29:00,CUST0028,1288.86,1400.94,112.08,0,0.0,0,5596.48,4,0,233,0.2762518245054365,2,1,0,1,online purchase,Electronics,mobile,0,card,URGENT: Bulk purchase of latest smartphones from an unrecognized device.,Global Tech Wholesale,MFA was bypassed or reset immediately before this transaction.,1,9,urgent,other
TX000033,2025-01-03 14:23:12,CUST0037,4.05,202.74,198.69,0,0.0,0,6686.39,14,0,278,0.2926397455290384,1,0,0,1,online purchase,Food,mobile,1,e-wallet,Late lunch delivery from a local deli.,Postmates,,0,1,routine,services
TX000034,2025-01-03 10:23:47,CUST0208,51.25,1708.19,1656.94,1,203.6,0,18.44,10,0,238,0.764871434110498,1,0,0,0,online purchase,Services,desktop,1,card,Monthly subscription for creative software suite tools.,Adobe Systems,,0,1,routine,services
TX000035,2025-01-03 11:50:08,CUST0065,89.6,1280.03,1190.43,0,0.0,0,3059.84,11,0,127,0.1122895878012226,2,0,0,0,online purchase,Clothing,mobile,1,card,Buying household essentials and some seasonal clothing.,Target,,0,1,routine,other
TX000036,2025-01-03 18:09:43,CUST0073,53.74,3582.98,3529.24,0,0.0,0,7818.16,18,0,325,0.957965239423994,2,0,0,1,online purchase,Entertainment,mobile,1,card,Digital purchase of a new indie adventure game.,Nintendo eShop,,0,1,routine,other
TX000037,2025-01-03 15:04:10,CUST0248,297.9,1354.1,1056.2,0,94.13,0,24.13,15,0,133,0.0392837214130572,2,0,0,1,online purchase,Travel,desktop,1,card,Hotel reservation for an upcoming business conference.,Expedia,,0,1,routine,services
TX000038,2025-01-03 09:01:00,CUST0111,5.53,69.11,63.58,0,0.0,0,1737.02,9,0,72,0.0653897202417576,1,0,0,1,transfer,Utilities,desktop,1,bank,Monthly bill for high-speed internet and cable services.,Comcast Xfinity,,0,1,routine,services
TX000039,2025-01-03 01:40:16,CUST0122,195.89,3917.8,3721.91,0,0.0,0,3481.67,1,0,145,0.236210396538569,2,0,0,1,online purchase,Food,desktop,1,card,Subscription charge for weekly meal delivery service.,HelloFresh,Recurring billing event.,0,1,routine,services
TX000040,2025-01-03 13:00:41,CUST0052,202.34,2529.25,2326.91,0,0.0,0,8509.01,13,0,354,0.2352849527442644,2,0,0,1,online purchase,Clothing,mobile,1,card,Ordering a new pair of running shoes online.,Nike,,0,1,routine,other
TX000041,2025-01-04 22:09:41,CUST0213,66.62,2220.65,2154.03,0,0.0,0,8566.16,22,1,356,0.0974914148822994,1,0,0,1,online purchase,Travel,mobile,1,e-wallet,Commute from the airport to the city center.,Lyft,,0,1,routine,services
TX000042,2025-01-04 15:56:36,CUST0080,266.97,2966.34,2699.37,0,0.0,0,7815.94,15,1,325,0.246864074681517,1,0,0,0,online purchase,Services,mobile,1,card,Buying various skincare and makeup products.,Sephora,,0,1,routine,other
TX000043,2025-01-04 12:29:47,CUST0300,18.62,930.78,912.16,0,25.28,0,60.45,12,1,145,0.0603691501968914,2,0,0,1,online purchase,Services,mobile,1,card,Purchase of light bulbs and batteries for the home.,Lowe's,,0,1,routine,other
TX000044,2025-01-04 13:45:29,CUST0051,25.6,1023.82,998.22,0,0.0,0,2797.76,13,1,116,0.1405095408521473,2,0,0,1,online purchase,Food,mobile,1,e-wallet,Lunch delivery from a local Thai restaurant.,DoorDash,,0,1,routine,services
TX000045,2025-01-04 16:54:29,CUST0041,378.5,3784.99,3406.49,0,0.0,0,5752.91,16,1,239,0.9824883216617316,1,0,0,0,online purchase,Clothing,desktop,1,card,Ordering a new pair of prescription eyeglasses.,Warby Parker,,0,1,routine,other
TX000046,2025-01-04 20:43:37,CUST0254,47.22,2361.0,2313.78,0,0.0,0,5876.73,20,1,244,0.2363816900703764,2,0,0,1,online purchase,Entertainment,desktop,1,card,Buying a digital season pass for a racing game.,PlayStation Store,,0,1,routine,other
TX000047,2025-01-04 14:41:10,CUST0116,437.36,3976.03,3538.67,0,81.14,0,38.84,14,1,260,0.1657749574930738,2,0,0,1,online purchase,Clothing,mobile,1,card,Buying yoga pants and a workout top.,Lululemon,,0,1,routine,other
TX000048,2025-01-04 19:53:14,CUST0232,501.61,2006.44,1504.83,0,0.0,0,7723.89,19,1,321,0.2297099168724586,2,0,0,1,online purchase,Travel,desktop,1,card,Booking a room for a family reunion weekend.,Hilton Hotels,,0,1,routine,services
TX000049,2025-01-04 10:10:31,CUST0066,167.71,2096.33,1928.62,0,0.0,0,7546.18,10,1,314,0.0165373365335578,2,0,0,1,online purchase,Food,mobile,1,card,Same-day grocery delivery for a dinner party.,Instacart,,0,1,routine,services
TX000050,2025-01-04 14:16:15,CUST0048,61.59,1368.56,1306.97,0,0.0,0,3878.27,14,1,161,0.1143421835130449,2,0,0,0,online purchase,Food,mobile,1,card,Weekly grocery shopping for family household essentials and fresh produce.,Metro Grocery Mart,,0,1,routine,daily essentials
TX000051,2025-01-04 19:16:58,CUST0039,142.98,1743.63,1600.65,0,0.0,0,907.28,19,1,37,0.21836438169054,1,0,0,0,online purchase,Clothing,desktop,1,card,Purchase of a new denim jacket and several cotton t-shirts.,Urban Outfitters,Standard seasonal shopping behavior.,0,1,routine,other
TX000052,2025-01-04 09:41:00,CUST0296,506.15,4217.89,3711.74,0,4.22,0,55.5,9,1,81,0.3978259922675418,2,1,1,1,transfer,Utilities,desktop,1,bank,Monthly utility bill payment for residential electricity and water services.,City Water & Power,,0,1,routine,daily essentials
TX000053,2025-01-04 08:04:50,CUST0010,0.97,193.81,192.84,0,0.0,0,6080.08,8,1,253,0.1073994960049018,1,0,0,0,online purchase,Food,mobile,1,e-wallet,Morning coffee and breakfast pastry purchase during commute to work.,Starbucks Coffee,,0,1,routine,daily essentials
TX000054,2025-01-04 00:18:29,CUST0181,6.84,3421.08,3414.24,0,0.0,0,3168.31,0,1,132,0.0288536928527474,1,0,0,0,online purchase,Entertainment,desktop,1,card,Automatic monthly subscription renewal for standard high-definition streaming service plan.,Netflix Streaming,Recurring monthly charge.,0,1,routine,services
TX000055,2025-01-04 13:43:42,CUST0165,144.94,414.11,269.17,0,2.08,0,85.41,13,1,275,0.1739721851660722,2,0,0,0,online purchase,Travel,desktop,1,card,Booking a round-trip domestic flight for a planned summer vacation.,Delta Airlines,,0,1,routine,services
TX000056,2025-01-04 03:01:07,CUST0218,3886.7,4224.67,337.97,0,0.0,0,5259.02,3,1,219,0.2391132747165187,2,1,0,1,online purchase,Electronics,desktop,0,card,URGENT! High-end workstation purchase for immediate overnight shipping to unverified address.,Elite Electronics Hub,Customer account password was changed 10 minutes prior to transaction.,1,9,urgent,luxury goods
TX000057,2025-01-05 17:23:40,CUST0046,90.63,3021.16,2930.53,0,0.0,0,185.39,17,1,7,0.1837730892861691,2,0,0,1,online purchase,Services,mobile,1,card,Payment for fuel and car wash services at a local station.,Local Shell Station,,0,1,routine,daily essentials
TX000058,2025-01-05 21:41:01,CUST0070,22.77,1518.31,1495.54,0,0.0,0,3285.68,21,1,136,0.9214855655814652,1,0,0,0,online purchase,Entertainment,desktop,1,e-wallet,Digital purchase of a newly released strategy game during seasonal sale.,Steam Games,,0,1,routine,other
TX000059,2025-01-05 11:01:05,CUST0205,100.55,4570.27,4469.72,0,0.0,0,5987.02,11,1,249,0.2185589018097827,2,0,0,1,online purchase,Electronics,mobile,1,card,Order for replacement HDMI cables and a wireless computer mouse.,Amazon Marketplace,,0,1,routine,other
TX000060,2025-01-05 18:49:44,CUST0287,294.89,4536.84,4241.95,0,0.0,0,6882.83,18,1,286,0.0434267701695467,2,0,0,1,online purchase,Food,mobile,1,card,Purchase of organic groceries and specialty health food items.,Whole Foods Market,,0,1,routine,daily essentials
TX000061,2025-01-05 06:18:52,CUST0119,32.27,4033.45,4001.18,0,0.0,0,774.31,6,1,32,0.1907642478260222,2,0,0,1,online purchase,Services,tablet,1,bank,Monthly gym membership fee for local fitness center access.,Planet Fitness,Subscription payment.,0,1,routine,services
TX000062,2025-01-05 10:00:05,CUST0238,28.41,189.37,160.96,0,0.0,0,8650.0,10,1,360,0.956920142406184,2,0,0,0,online purchase,Services,desktop,1,card,Buying supplies for a weekend home improvement and painting project.,The Home Depot,,0,1,routine,other
TX000063,2025-01-05 15:57:55,CUST0123,1037.7,3706.06,2668.36,0,0.0,0,8679.97,15,1,361,0.8617765740030365,2,0,0,0,online purchase,Electronics,desktop,1,card,Purchasing a new tablet for student use and educational purposes.,Best Buy,,0,2,routine,other
TX000064,2025-01-05 02:01:15,CUST0216,4.32,2882.92,2878.6,0,393.13,0,60.88,2,1,191,0.9566462966299872,1,1,0,0,online purchase,Services,mobile,0,e-wallet,Small verification test of card validity via multiple rapid micro-payments.,Global MicroServices,Detected 5 similar attempts within 60 seconds from different IPs.,1,8,routine,services
TX000065,2025-01-05 22:26:39,CUST0279,8.27,689.24,680.97,0,0.0,0,7366.44,22,1,306,0.0220980548284439,1,0,0,0,online purchase,Travel,mobile,1,e-wallet,Transportation service from downtown office to residential home address.,Uber Rides,,0,1,routine,services
TX000066,2025-01-05 12:48:45,CUST0178,82.73,2068.13,1985.4,0,0.0,0,4596.81,12,1,191,0.2128650903004286,2,0,0,1,online purchase,Clothing,mobile,1,card,Restocking skincare products and purchasing new cosmetics for personal use.,Sephora,,0,1,routine,other
TX000067,2025-01-06 16:46:02,CUST0093,484.11,2200.51,1716.4,0,0.0,0,3736.77,16,0,155,0.233086853362004,1,0,0,1,online purchase,Travel,desktop,1,card,Deposit for a three-night hotel stay for an upcoming business conference.,Marriott Hotels,,0,1,routine,services
TX000068,2025-01-06 13:36:07,CUST0197,21.99,2199.23,2177.24,0,0.0,0,301.6,13,0,12,0.0238708057689544,2,0,0,1,online purchase,Food,mobile,1,card,Lunch order for two people including bowls and drinks.,Chipotle Mexican Grill,,0,1,routine,daily essentials
TX000069,2025-01-06 11:13:03,CUST0194,125.5,2509.98,2384.48,0,0.0,0,5243.22,11,0,218,0.2374398743911713,1,0,0,1,withdrawal,Services,mobile,1,card,Cash withdrawal from local ATM for small miscellaneous daily expenses.,ATM Withdrawal - Downtown,,0,2,routine,crypto/finance
TX000070,2025-01-06 20:01:14,CUST0251,314.16,4488.07,4173.91,0,0.0,0,524.02,20,0,21,0.2320175064143674,1,0,0,1,online purchase,Clothing,tablet,1,card,Purchase of running shoes and athletic gear for marathon training.,Adidas Store,,0,1,routine,other
TX000071,2025-01-06 10:29:15,CUST0107,472.28,3148.54,2676.26,0,0.0,0,7738.49,10,0,322,0.1873555389840371,2,0,0,1,transfer,Crypto,desktop,1,bank,Scheduled monthly purchase of digital assets for long-term investment portfolio.,Binance US,Regularly occurring investment activity.,0,2,routine,crypto/finance
TX000072,2025-01-06 18:23:33,CUST0076,1.35,67.37,66.02,0,0.0,0,4458.39,18,0,185,0.2597871619098845,2,0,0,0,online purchase,Gambling,mobile,1,e-wallet,Small deposit into sports wagering account for weekend football games.,DraftKings,,0,4,routine,other
TX000073,2025-01-06 17:14:51,CUST0247,241.61,2684.57,2442.96,0,0.0,0,8225.25,17,0,342,0.0502764735272282,1,0,0,1,online purchase,Clothing,mobile,1,card,Buying children's school clothes and basic household supplies for the week.,Target Stores,,0,1,routine,other
TX000074,2025-01-06 04:58:11,CUST0095,20.36,4072.32,4051.96,0,0.0,0,1180.97,4,0,49,0.2601398764882172,2,0,0,1,online purchase,Entertainment,mobile,1,card,Payment for iCloud storage upgrade and monthly music subscription service.,Apple Services,Automated billing.,0,1,routine,services
TX000075,2025-01-06 14:25:04,CUST0118,272.51,2477.39,2204.88,0,619.35,0,89.9,14,0,33,0.2797682409679856,2,0,0,1,online purchase,Services,mobile,1,card,Annual check-up and vaccination fees for family pet health care.,Local Veterinary Clinic,,0,1,routine,services
TX000076,2025-01-06 09:45:04,CUST0193,2200.03,4888.95,2688.92,0,0.0,0,5745.75,9,0,239,0.2537001528119603,2,0,0,0,transfer,Services,desktop,1,bank,Monthly rental payment for residential apartment via bank transfer portal.,Rent Payment - City Apts,Expected monthly recurring transfer.,0,1,routine,services
TX000077,2025-01-06 23:59:06,CUST0104,5.43,775.34,769.91,0,23.98,0,129.79,23,0,170,0.2575039472397014,1,0,0,1,online purchase,Food,mobile,1,card,Quick late-night meal purchase at drive-thru for family members.,McDonald's,,0,1,routine,daily essentials
TX000078,2025-01-06 04:01:51,CUST0028,87.42,112.08,24.66,0,1288.86,0,71.55,4,0,236,0.4315021894065238,2,2,1,1,online purchase,Electronics,desktop,0,card,Large overseas purchase of luxury goods. User is currently in different country.,LuxuryWatch HK,Transaction originated from an IP in a high-risk jurisdiction.,1,9,urgent,luxury goods
TX000079,2025-01-06 15:33:30,CUST0275,112.4,4495.96,4383.56,0,0.0,0,7599.56,15,0,316,0.1381486151223167,2,0,0,1,online purchase,Services,mobile,1,card,Prescription refill and purchase of over-the-counter vitamins and supplements.,Walgreens Pharmacy,,0,1,routine,daily essentials
TX000080,2025-01-06 20:07:05,CUST0074,98.45,1640.84,1542.39,0,0.0,0,6524.12,20,0,271,0.2754263913495592,2,0,0,0,online purchase,Travel,desktop,1,card,Car rental reservation for an upcoming weekend road trip excursion.,Expedia,,0,1,routine,services
TX000081,2025-01-06 19:00:02,CUST0264,17.41,967.05,949.64,0,0.0,0,8515.0,19,0,354,0.1614731058958141,1,0,0,1,online purchase,Entertainment,mobile,1,e-wallet,Tickets and snacks for two for a weekend movie screening.,AMC Theatres,,0,1,routine,other
TX000082,2025-01-06 10:05:49,CUST0232,120.39,1504.83,1384.44,0,501.61,0,38.21,10,0,323,0.2297099168724586,2,0,0,1,online purchase,Utilities,mobile,1,bank,Monthly mobile phone plan and data service payment for family.,Verizon Wireless,,0,1,routine,services
TX000083,2025-01-06 21:01:18,CUST0155,50.43,1120.57,1070.14,0,0.0,0,7293.02,21,0,303,0.9434765956938906,1,0,0,0,online purchase,Clothing,tablet,1,card,Order for new gym attire and moisture-wicking socks for workout.,Nike Online,,0,1,routine,other
TX000084,2025-01-06 16:41:26,CUST0166,16.48,470.75,454.27,0,0.0,0,2752.69,16,0,114,0.1015890523390586,2,0,0,1,online purchase,Clothing,mobile,1,card,Purchasing basic office wear and accessories for the new work week.,H&M Fashion,,0,1,routine,other
TX000085,2025-01-06 22:07:06,CUST0210,22.77,2529.74,2506.97,0,0.0,0,550.12,22,0,22,0.1945772100546086,1,0,0,1,online purchase,Entertainment,desktop,1,e-wallet,Gift purchase for a friend's birthday of a popular indie game.,Steam Digital,,0,1,routine,other
TX000086,2025-01-06 17:13:24,CUST0282,38.34,1917.13,1878.79,0,0.0,0,5057.22,17,0,210,0.0135431276824813,1,0,0,1,online purchase,Food,mobile,1,card,Mid-week grocery run for fresh flowers and artisanal snacks.,Trader Joe's,,0,1,routine,daily essentials
TX000087,2025-01-06 12:59:34,CUST0173,1.23,306.48,305.25,0,0.0,0,276.99,12,0,11,0.2515503609277085,2,0,0,1,online purchase,Food,mobile,1,card,Buying a sandwich lunch deal while out on errands today.,Subway,,0,1,routine,daily essentials
TX000088,2025-01-07 11:09:47,CUST0248,126.74,1056.2,929.46,0,196.02,0,92.09,11,0,137,0.0392837214130572,2,0,0,1,online purchase,Services,desktop,1,card,Buying new storage organizers and a desk lamp for home office.,IKEA Online,,0,1,routine,other
TX000089,2025-01-07 10:26:54,CUST0197,32.66,2177.24,2144.58,1,21.99,0,20.85,10,0,13,0.0238708057689544,2,0,0,1,online purchase,Services,desktop,1,card,Payment for professional networking site membership for career advancement tools.,LinkedIn Premium,Subscription billing.,0,1,routine,services
TX000090,2025-01-07 13:00:15,CUST0015,246.64,4484.36,4237.72,0,0.0,0,1045.0,13,0,43,0.2859596708448945,1,0,0,1,online purchase,Services,mobile,1,card,Purchase of garden tools and soil for spring planting season.,Lowe's,,0,1,routine,other
TX000091,2025-01-07 15:51:44,CUST0174,348.72,1162.4,813.68,0,0.0,0,1815.86,15,0,75,0.9559582161807316,2,0,0,0,transfer,Services,mobile,1,bank,Manual transfer of surplus funds to personal high-yield savings account.,Transfer to Savings,Internal account movement.,0,1,routine,crypto/finance
TX000092,2025-01-07 18:47:33,CUST0088,92.11,2878.5,2786.39,0,0.0,0,474.79,18,0,19,0.2840633953278509,1,0,0,1,online purchase,Clothing,tablet,1,card,Buying handmade jewelry for a family member's anniversary gift.,Etsy Marketplace,,0,2,routine,other
TX000093,2025-01-07 02:37:17,CUST0188,3485.8,3556.94,71.14,0,0.0,0,7130.62,2,0,297,0.29817909484403,2,1,0,0,transfer,Services,mobile,0,bank,URGENT! Confused user reports needing to move all funds to safety.,Private Transfer SVC,User sounds distressed; recipient account is newly opened and suspicious.,1,10,panic,crypto/finance
TX000094,2025-01-07 20:57:30,CUST0284,20.11,1675.62,1655.51,0,0.0,0,668.96,20,0,27,0.0049911061287374,1,0,0,1,online purchase,Food,mobile,1,e-wallet,Dinner delivery from local Thai restaurant for a quiet night in.,GrubHub,,0,1,routine,services
TX000095,2025-01-07 14:41:53,CUST0208,132.56,1656.94,1524.38,0,152.82,0,100.3,14,0,242,0.764871434110498,1,0,0,0,online purchase,Electronics,desktop,1,card,Purchase of a new internal solid state drive for computer upgrade.,Newegg,,0,1,routine,other
TX000096,2025-01-07 16:18:52,CUST0108,497.71,2765.05,2267.34,0,22.3,0,127.2,16,0,339,0.0604805895154762,2,0,0,0,online purchase,Travel,desktop,1,card,Flight booking for holiday travel to visit relatives out of state.,Southwest Air,,0,1,routine,services
TX000097,2025-01-07 11:13:50,CUST0210,37.6,2506.97,2469.37,1,22.77,0,13.11,11,0,23,0.1945772100546086,1,0,0,1,online purchase,Services,mobile,1,card,Purchasing household cleaning supplies and seasonal allergy medication.,CVS Pharmacy,,0,1,routine,daily essentials
TX000098,2025-01-07 02:56:48,CUST0139,1.22,405.77,404.55,0,0.0,0,7202.95,2,0,300,0.2151138471037736,2,0,0,0,online purchase,Entertainment,mobile,1,card,Monthly music streaming premium plan for ad-free listening experience.,Spotify,Recurring monthly billing.,0,1,routine,services
TX000099,2025-01-07 12:13:17,CUST0119,80.02,4001.18,3921.16,0,32.27,0,53.91,12,0,34,0.1907642478260222,2,0,0,1,online purchase,Crypto,mobile,1,bank,Small purchase of Bitcoin as part of a dollar-cost averaging strategy.,Coinbase,,0,3,routine,crypto/finance
TX000100,2025-01-07 19:50:10,CUST0190,14.64,1219.88,1205.24,0,0.0,0,5467.84,19,0,227,0.1790823071928497,2,0,0,1,online purchase,Entertainment,mobile,1,card,Tickets for evening movie screening and popcorn combo purchase.,Starlight Cinema,,0,1,routine,other
TX000101,2025-01-07 10:35:22,CUST0260,51.39,1141.92,1090.53,0,0.0,0,3538.59,10,0,147,0.0798304644063525,1,0,0,1,online purchase,Utilities,desktop,1,bank,Monthly residential water and sewage bill payment.,City Water Utility,Autopay scheduled payment.,0,1,routine,daily essentials
TX000102,2025-01-07 03:10:52,CUST0273,3835.43,4358.44,523.01,0,0.0,0,267.18,3,0,11,0.2641912541683239,2,1,0,0,online purchase,Electronics,desktop,0,card,URGENT! High-end gaming laptop with expedited shipping requested immediately.,Premium Tech Hub,Customer shipping address changed 10 minutes prior to order.,1,8,urgent,luxury goods
TX000103,2025-01-07 17:14:42,CUST0113,244.85,3766.87,3522.02,0,0.0,0,8009.24,17,0,333,0.0380412024550069,2,0,0,0,online purchase,Food,mobile,1,card,Weekly grocery shopping for household essentials and fresh produce.,Fresh Market Groceries,,0,1,routine,daily essentials
TX000104,2025-01-08 14:23:06,CUST0004,104.25,416.99,312.74,0,0.0,0,174.91,14,0,313,0.2415296014007472,2,0,0,1,online purchase,Travel,desktop,1,card,Round-trip ticket booking for upcoming summer vacation.,Airlines Direct,,0,1,routine,services
TX000105,2025-01-08 08:00:45,CUST0048,5.23,1306.97,1301.74,0,61.59,0,89.74,8,0,165,0.1143421835130449,2,0,0,0,online purchase,Food,mobile,1,card,Daily morning latte and a blueberry muffin.,The Coffee Nook,,0,1,routine,daily essentials
TX000106,2025-01-08 12:19:17,CUST0179,151.68,1849.73,1698.05,0,0.0,0,4764.32,12,0,198,0.2465295822519579,2,0,0,0,online purchase,Clothing,mobile,1,card,New seasonal wardrobe items including a jacket and jeans.,Urban Threads,,0,1,routine,daily essentials
TX000107,2025-01-08 00:46:43,CUST0131,9.91,1238.83,1228.92,0,271.94,0,134.13,0,0,152,0.1629868474246943,2,0,0,1,online purchase,Entertainment,desktop,1,card,Monthly subscription renewal for streaming media services.,Netflix,Recurring billing.,0,1,routine,services
TX000108,2025-01-08 16:42:16,CUST0181,119.5,3414.24,3294.74,0,6.84,0,112.4,16,0,136,0.0288536928527474,1,0,0,0,transfer,Services,mobile,1,bank,Bi-weekly residential cleaning service fee payment.,Blue Sky Cleaning,,0,1,routine,services
TX000109,2025-01-08 23:31:34,CUST0206,1.39,1390.13,1388.74,0,0.0,0,6071.53,23,0,252,0.1026415568983308,2,1,0,1,online purchase,Services,desktop,0,e-wallet,System check: Verification of account balance with small random test.,QuickPay Micro-Services,Multiple failed login attempts detected prior to this small charge.,1,6,routine,crypto/finance
TX000110,2025-01-08 11:41:15,CUST0136,425.17,4251.67,3826.5,0,0.0,0,3731.69,11,0,155,0.930824773931368,2,0,0,1,withdrawal,Services,mobile,1,card,Cash withdrawal for weekend farmers market purchases.,Local ATM,,0,2,routine,crypto/finance
TX000111,2025-01-08 09:20:22,CUST0178,297.81,1985.4,1687.59,0,82.73,0,68.53,9,0,194,0.2128650903004286,2,0,0,1,transfer,Services,desktop,1,bank,Regular monthly transfer to brokerage account for long-term savings.,Vanguard Investing,,0,1,routine,crypto/finance
TX000112,2025-01-09 15:52:29,CUST0031,72.41,3291.2,3218.79,0,0.0,0,255.87,15,0,10,0.1285982026003014,2,0,0,0,online purchase,Food,mobile,1,card,Premium dog food and new chew toys for Labrador.,Pet Paradise,,0,1,routine,daily essentials
TX000113,2025-01-09 01:47:03,CUST0107,48.17,2676.26,2628.09,0,472.28,0,63.3,1,0,325,0.1873555389840371,2,0,0,1,online purchase,Services,desktop,1,card,Monthly fee for premium fitness center access.,Gym Membership,Automated monthly debit.,0,1,routine,services
TX000114,2025-01-09 21:54:24,CUST0115,15.4,1711.32,1695.92,0,0.0,0,7269.91,21,0,302,0.8508490158121271,2,0,0,0,online purchase,Entertainment,desktop,1,e-wallet,Purchase of a new indie game title for PC.,Digital Games Store,,0,1,routine,other
TX000115,2025-01-09 13:34:47,CUST0235,18.2,1299.99,1281.79,0,0.0,0,5653.58,13,0,235,0.1846148198564568,1,0,0,0,online purchase,Services,mobile,1,card,Prescription refill and over-the-counter allergy medication.,Main Street Pharmacy,,0,1,routine,daily essentials
TX000116,2025-01-09 04:13:21,CUST0288,476.35,1134.16,657.81,0,0.0,0,6196.22,4,0,258,0.3656939359519358,2,1,0,1,online purchase,Crypto,tablet,0,card,High-speed bulk purchase of digital assets via overseas gateway.,Global Crypto Exchange,IP address geolocated to high-risk region; device fingerprint unrecognized.,1,8,urgent,crypto/finance
TX000117,2025-01-09 07:40:58,CUST0256,170.0,4473.8,4303.8,0,0.0,0,4999.68,7,0,208,0.1951563366940096,1,0,0,1,online purchase,Utilities,mobile,1,card,Full tank of fuel for daily commute.,Eco Gas Station,,0,1,routine,daily essentials
TX000118,2025-01-09 20:23:12,CUST0032,10.97,731.55,720.58,0,0.0,0,7988.39,20,0,332,0.2122951936048218,1,0,0,0,online purchase,Food,mobile,1,e-wallet,Friday night dinner delivery for the family.,Gourmet Pizza Co.,,0,1,routine,daily essentials
TX000119,2025-01-09 11:41:56,CUST0242,40.07,977.28,937.21,0,0.0,0,995.7,11,0,41,0.1405925228608626,2,0,0,1,online purchase,Electronics,tablet,1,card,Purchase of smart light bulbs and a motion sensor.,Smart Home Tech,,0,1,routine,other
TX000120,2025-01-09 15:17:40,CUST0299,109.63,913.57,803.94,0,0.0,0,5127.29,15,0,213,0.0920448622502855,2,0,0,1,transfer,Services,desktop,1,bank,Quarterly yard maintenance and tree pruning service.,Evergreen Landscaping,,0,1,routine,services
TX000121,2025-01-09 12:00:24,CUST0077,12.58,4193.97,4181.39,0,0.0,0,1140.01,12,0,47,0.0823538727055917,1,0,0,1,online purchase,Food,mobile,1,card,Quick lunch sandwich and soft drink during work break.,Daily Deli,,0,1,routine,daily essentials
TX000122,2025-01-09 10:46:10,CUST0014,75.34,342.47,267.13,0,0.0,0,6562.77,10,0,273,0.135526490229907,2,0,0,0,online purchase,Travel,desktop,1,card,Hotel reservation deposit for upcoming conference stay.,Luxury Resorts Inc.,,0,1,routine,luxury goods
TX000123,2025-01-09 16:02:47,CUST0283,23.43,1952.34,1928.91,0,0.0,0,3424.05,16,0,142,0.0942231848373984,1,0,0,1,online purchase,Entertainment,mobile,1,card,Collection of three hardcover novels and a bookmark.,Classic Bookstore,,0,1,routine,other
TX000124,2025-01-09 09:03:16,CUST0132,74.25,2320.38,2246.13,0,0.0,0,5601.05,9,0,233,0.1070749409446725,2,0,0,0,transfer,Services,desktop,1,bank,Monthly rental payment for a small storage unit.,Secure Storage Ltd.,,0,1,routine,services
TX000125,2025-01-09 18:47:49,CUST0028,1.36,24.66,23.3,0,688.14,0,86.77,18,0,239,0.4315021894065238,2,2,2,1,online purchase,Clothing,mobile,1,card,Buying new athletic gear and running shoes for exercise.,Apparel Zone,,0,1,routine,daily essentials
TX000126,2025-01-09 02:52:19,CUST0293,108.57,1809.52,1700.95,0,0.0,0,7202.87,2,0,300,0.2330246253840381,1,0,0,1,transfer,Utilities,desktop,1,bank,Automatic payment for monthly electricity usage in the home.,Power Grid Corp,Monthly recurring bill.,0,1,routine,services
TX000127,2025-01-10 11:10:35,CUST0217,97.44,4640.13,4542.69,0,0.0,0,947.18,11,0,39,0.9838834512611874,1,0,0,1,online purchase,Food,mobile,1,e-wallet,Specialty organic vegetables and fruit basket delivery.,Organic Greens Shop,,0,1,routine,daily essentials
TX000128,2025-01-10 02:05:29,CUST0099,2679.55,2762.42,82.87,0,0.0,0,8594.09,2,0,358,0.2823419375107649,2,1,0,1,transfer,Services,mobile,0,bank,URGENT: Total balance liquidation transfer to new external recipient. Please process!,Private Clearing House,Recipient added just minutes ago; unusual login time for this user.,1,10,panic,crypto/finance
TX000129,2025-01-10 22:13:36,CUST0152,15.35,2193.18,2177.83,0,0.0,0,1726.23,22,0,71,0.1419565490527036,1,0,0,1,online purchase,Travel,mobile,1,e-wallet,Transportation fee for ride to the downtown district.,Speedy Rideshare,,0,1,routine,services
TX000130,2025-01-10 05:21:36,CUST0213,64.62,2154.03,2089.41,0,66.62,0,127.2,5,0,362,0.0974914148822994,1,0,0,1,online purchase,Services,desktop,1,card,Annual renewal for 1TB cloud storage and backup.,Cloud Storage Plus,Annual recurring charge.,0,1,routine,services
TX000131,2025-01-10 14:53:47,CUST0240,78.99,1645.62,1566.63,0,0.0,0,4310.9,14,0,179,0.0927682981484959,2,0,0,1,online purchase,Services,mobile,1,card,Tools and supplies for a DIY weekend home project.,Hardware Depot,,0,1,routine,daily essentials
TX000132,2025-01-10 13:20:42,CUST0079,110.63,3160.82,3050.19,0,0.0,0,8557.34,13,0,356,0.242886387276539,2,0,0,1,online purchase,Clothing,tablet,1,card,Gift purchase for a friend's birthday party next week.,The Fashion Loft,,0,1,routine,daily essentials
TX000133,2025-01-10 14:26:15,CUST0224,39.64,3303.04,3263.4,0,0.0,0,8414.44,14,0,350,0.0091253418905635,2,0,0,1,online purchase,Entertainment,mobile,1,card,Matinee movie tickets for the whole family.,Grand View Cinema,,0,1,routine,other
TX000134,2025-01-10 10:41:11,CUST0121,6.1,244.14,238.04,0,0.0,0,5434.69,10,0,226,0.2090288823471683,1,0,0,0,transfer,Utilities,desktop,1,bank,Payment for high-speed fiber internet monthly service fee.,Internet Solutions,,0,1,routine,services
TX000135,2025-01-10 09:33:34,CUST0177,28.19,4697.88,4669.69,0,0.0,0,8025.56,9,0,334,0.2668435738241782,2,0,0,1,online purchase,Food,mobile,1,card,Assorted donuts and coffee for a team office meeting.,Bakery Delights,,0,1,routine,daily essentials
TX000136,2025-01-10 08:54:48,CUST0181,16.47,3294.74,3278.27,0,63.17,0,40.21,8,0,138,0.0288536928527474,1,0,0,0,online purchase,Entertainment,tablet,1,card,Monthly digital subscription to the international news network.,Global News Sub,,0,1,routine,services
TX000137,2025-01-10 20:43:10,CUST0036,80.11,1780.25,1700.14,0,0.0,0,3932.72,20,0,163,0.8567043577706266,2,0,0,0,online purchase,Clothing,desktop,1,card,New bed linens and bath towels for guest room.,Home Comforts,,0,1,routine,daily essentials
TX000138,2025-01-10 07:49:56,CUST0231,73.25,2615.9,2542.65,0,0.0,0,1063.83,7,0,44,0.2685711783509356,1,0,0,1,online purchase,Travel,mobile,1,e-wallet,Monthly commuter pass reload for city trains and buses.,Metro Transit,,0,1,routine,daily essentials
TX000139,2025-01-11 15:50:21,CUST0017,536.47,4877.02,4340.55,0,0.0,0,8175.84,15,1,340,0.2007693899522658,1,0,0,1,online purchase,Travel,desktop,1,card,Vehicle rental for weekend trip out of state.,Budget Car Rental,,0,1,routine,services
TX000140,2025-01-11 11:32:43,CUST0127,15.55,1554.6,1539.05,0,0.0,0,2531.55,11,1,105,0.0784739633368959,2,0,0,1,online purchase,Services,mobile,1,card,Shipping fee for sending a package to a relative.,Swift Logistics,,0,1,routine,services
TX000141,2025-01-11 21:24:18,CUST0294,57.14,1428.5,1371.36,0,0.0,0,5805.4,21,1,241,0.2901525588340911,2,0,0,1,online purchase,Electronics,desktop,1,card,Wireless headset for online multiplayer gaming sessions.,Gamer's Paradise,,0,1,routine,other
TX000142,2025-01-11 17:36:33,CUST0182,67.24,4482.72,4415.48,0,0.0,0,3065.61,17,1,127,0.177215640935893,2,0,0,1,online purchase,Services,mobile,1,card,Vitamin supplements and basic first aid kit supplies.,Health Plus Pharmacy,,0,1,routine,daily essentials
TX000143,2025-01-11 08:57:10,CUST0168,15.73,3146.19,3130.46,0,0.0,0,608.95,8,1,25,0.2402333239590166,1,0,0,0,online purchase,Services,mobile,1,card,Daily parking fee for work in the business district.,City Parking Garage,,0,1,routine,services
TX000144,2025-01-11 19:51:28,CUST0089,118.75,4749.91,4631.16,0,0.0,0,8395.86,19,1,349,0.8549033066437608,1,0,0,0,online purchase,Food,mobile,1,card,Dinner for two including appetizers and dessert.,Corner Bistro,,0,1,routine,daily essentials
TX000145,2025-01-11 14:09:56,CUST0086,154.02,2053.59,1899.57,0,0.0,0,470.17,14,1,19,0.2315030375641645,1,0,0,0,online purchase,Clothing,tablet,1,card,Designer dress purchase for an upcoming wedding event.,Style Maven Boutique,,0,2,routine,daily essentials
TX000146,2025-01-11 20:17:42,CUST0255,32.66,3266.16,3233.5,0,0.0,0,6500.3,20,1,270,0.7027641393039422,2,0,0,0,online purchase,Entertainment,desktop,1,e-wallet,Monthly pay-per-view sporting event access fee.,StreamBox TV,,0,1,routine,services
TX000147,2025-01-11 10:42:41,CUST0034,7.57,189.25,181.68,0,0.0,0,3130.71,10,1,130,0.1179749565353476,1,0,0,0,transfer,Utilities,mobile,1,bank,Monthly mobile phone plan and data package bill.,Phone Network Inc.,,0,1,routine,services
TX000148,2025-01-11 12:36:20,CUST0086,170.96,1899.57,1728.61,1,154.02,0,-1.56,12,1,19,0.2315030375641645,1,0,0,0,online purchase,Electronics,desktop,1,card,Ergonomic chair and desk lamp for home workspace.,The Home Office,,0,2,routine,daily essentials
TX000149,2025-01-11 09:42:01,CUST0028,0.12,23.3,23.18,0,44.39,0,38.9,9,1,241,0.4315021894065238,2,2,2,1,online purchase,Entertainment,mobile,1,card,Monthly membership fee for curated book selection.,Local Book Club,,0,1,routine,other
TX000150,2025-01-11 08:26:27,CUST0276,14.88,3721.17,3706.29,0,0.0,0,536.44,8,1,22,0.2522418631995818,2,0,0,0,online purchase,Food,mobile,1,card,Morning latte and a blueberry muffin purchase,Daily Grind Coffee,Routine morning transaction.,0,1,routine,daily essentials
TX000151,2025-01-11 07:57:21,CUST0074,69.41,1542.39,1472.98,0,98.45,0,107.84,7,1,276,0.2754263913495592,2,0,0,0,online purchase,Travel,mobile,1,card,Monthly commuter pass renewal for subway and bus,Metro Transit Authority,,0,1,routine,daily essentials
TX000152,2025-01-11 03:37:44,CUST0066,1774.33,1928.62,154.29,0,167.71,0,161.45,3,1,321,0.1198448038402694,2,1,0,1,online purchase,Electronics,desktop,0,card,URGENT: High-end workstation laptop ordered immediately after password change,Elite Tech Reseller,Customer claims they were locked out of account.,1,10,urgent,luxury goods
TX000153,2025-01-11 18:04:31,CUST0003,359.72,4386.86,4027.14,0,0.0,0,4914.08,18,1,204,0.1654104345528008,2,0,0,1,online purchase,Food,mobile,1,card,Weekly grocery shopping for organic produce and staples,Whole Foods Market,,0,1,routine,daily essentials
TX000154,2025-01-11 10:40:09,CUST0008,76.29,1271.58,1195.29,0,0.0,0,4162.67,10,1,173,0.0912448548198359,2,0,0,1,transfer,Utilities,desktop,1,bank,Monthly residential electricity and water utility bill,City Power & Light,Autopay enabled.,0,1,routine,daily essentials
TX000155,2025-01-11 20:57:02,CUST0015,21.19,4237.72,4216.53,0,246.64,0,103.95,20,1,47,0.2859596708448945,1,0,0,1,online purchase,Entertainment,tablet,1,card,Monthly subscription for movie and TV streaming service,StreamBox Premium,,0,1,routine,services
TX000156,2025-01-11 14:52:51,CUST0270,142.17,1895.63,1753.46,0,0.0,0,3662.88,14,1,152,0.2169787429389685,2,0,0,1,online purchase,Clothing,mobile,1,e-wallet,Purchase of a winter jacket and two sweaters,Urban Outfitters,Standard retail purchase.,0,1,routine,other
TX000157,2025-01-11 13:30:12,CUST0116,778.51,3538.67,2760.16,0,437.36,0,166.82,13,1,267,0.1657749574930738,2,0,0,1,online purchase,Travel,desktop,1,card,Round-trip ticket booking for upcoming summer vacation,Global Airlines,,0,1,routine,services
TX000158,2025-01-11 11:05:17,CUST0218,10.14,337.97,327.83,0,0.0,0,176.07,11,1,226,0.2391132747165187,2,1,1,1,online purchase,Services,mobile,1,card,"Garden supplies, soil, and seasonal flowering plants",Green Thumb Nursery,,0,1,routine,daily essentials
TX000159,2025-01-12 02:14:12,CUST0157,4.58,4579.56,4574.98,0,0.0,0,5522.24,2,1,230,0.4374444587790046,2,1,0,1,online purchase,Services,desktop,0,card,Confused micro-payment to verify if account is active,Micro-Donations Int,Rapid series of small attempts detected.,1,7,urgent,other
TX000160,2025-01-12 17:47:36,CUST0137,31.99,2132.91,2100.92,0,0.0,0,4841.79,17,1,201,0.0919652735661293,1,0,0,0,online purchase,Services,mobile,1,card,Prescription refill and basic first aid supplies,QuickStop Pharmacy,,0,1,routine,daily essentials
TX000161,2025-01-12 19:26:40,CUST0166,5.45,454.27,448.82,0,16.48,0,146.75,19,1,120,0.1015890523390586,2,0,0,1,online purchase,Entertainment,mobile,1,card,Two movie tickets and a large popcorn set,Main Street Cinema,,0,1,routine,other
TX000162,2025-01-12 12:52:33,CUST0167,119.39,2984.7,2865.31,0,0.0,0,8460.88,12,1,352,0.1930202718904077,1,0,0,0,online purchase,Services,desktop,1,card,Annual renewal for 2TB cloud storage backup service,Cloud Storage Pro,Recurring annual payment.,0,1,routine,services
TX000163,2025-01-12 09:22:08,CUST0106,81.58,4078.86,3997.28,0,0.0,0,3009.37,9,1,125,0.1331695119937279,1,0,0,1,online purchase,Services,mobile,1,bank,Monthly membership fee for local fitness center access,FitLife Gymnasium,,0,1,routine,services
TX000164,2025-01-12 15:21:39,CUST0007,106.76,4270.22,4163.46,0,0.0,0,951.36,15,1,39,0.2549241696674032,2,0,0,0,online purchase,Electronics,desktop,1,card,Purchase of a new wireless mouse and keyboard,Amazon,,0,1,routine,other
TX000165,2025-01-12 20:32:57,CUST0109,48.75,1392.8,1344.05,0,0.0,0,2420.55,20,1,100,0.0505527295854407,1,0,0,1,online purchase,Food,mobile,1,card,Dinner for two including wine and dessert,The Italian Bistro,,0,1,routine,daily essentials
TX000166,2025-01-12 13:14:03,CUST0244,224.85,3747.51,3522.66,0,0.0,0,3997.23,13,1,166,0.0850750501129931,2,0,0,1,online purchase,Clothing,mobile,1,card,New office wear collection including shirts and trousers,Zara,,0,1,routine,other
TX000167,2025-01-12 17:40:56,CUST0248,26.02,929.46,903.44,0,126.74,0,126.52,17,1,142,0.0392837214130572,2,0,0,1,withdrawal,Travel,mobile,1,card,Full tank of premium gasoline and windshield fluid,Shell Gas Station,,0,1,routine,daily essentials
TX000168,2025-01-12 22:42:11,CUST0169,42.88,2858.75,2815.87,0,0.0,0,6718.7,22,1,279,0.0652420897338096,1,0,0,1,online purchase,Entertainment,desktop,1,e-wallet,Purchase of three indie games during seasonal sale,Steam Games,,0,1,routine,other
TX000169,2025-01-12 01:06:39,CUST0291,2456.35,3149.17,692.82,0,0.0,0,4585.11,1,1,191,0.1274567138190445,1,1,0,1,online purchase,Crypto,mobile,0,card,URGENT: Large digital currency purchase from unknown overseas IP,Lux-Crypto-Exchange,Unusual geography for this user profile.,1,10,urgent,crypto/finance
TX000170,2025-01-12 11:17:52,CUST0033,132.6,4143.7,4011.1,0,0.0,0,8435.3,11,1,351,0.1360641285530219,2,0,0,1,online purchase,Services,mobile,1,card,"Bulk cat food, litter, and a new scratching post",PetSmart,,0,1,routine,daily essentials
TX000171,2025-01-12 00:50:44,CUST0268,27.09,4514.54,4487.45,0,0.0,0,2880.85,0,1,120,0.0372904419857371,2,0,0,1,online purchase,Entertainment,tablet,1,card,Monthly family plan music streaming subscription,Spotify,Automatic monthly charge.,0,1,routine,services
TX000172,2025-01-12 21:54:08,CUST0271,101.77,678.47,576.7,0,0.0,0,3021.9,21,1,125,0.2692947563713633,1,0,0,1,online purchase,Travel,desktop,1,card,Deposit for a weekend cabin rental in the mountains,Airbnb,,0,2,routine,services
TX000173,2025-01-12 10:08:35,CUST0232,58.15,1384.44,1326.29,0,120.39,0,144.05,10,1,329,0.2297099168724586,2,0,0,1,online purchase,Services,mobile,1,card,Painting supplies and brushes for bedroom renovation,Home Depot,,0,1,routine,daily essentials
TX000174,2025-01-12 09:13:42,CUST0262,32.93,4116.71,4083.78,0,0.0,0,237.23,9,1,153,0.2779753150284881,1,0,0,1,online purchase,Food,mobile,1,e-wallet,Bag of whole bean specialty coffee delivered home,Blue Bottle Coffee,,0,1,routine,daily essentials
TX000175,2025-01-13 16:23:11,CUST0280,146.18,4176.51,4030.33,0,0.0,0,6736.39,16,0,280,0.2513576938913366,2,0,0,1,online purchase,Travel,mobile,1,card,Flight upgrade to comfort plus for business trip,Delta Airlines,,0,2,routine,services
TX000176,2025-01-13 12:46:07,CUST0065,14.29,1190.43,1176.14,0,0.0,0,240.93,12,0,137,0.1122895878012226,2,0,0,0,online purchase,Clothing,mobile,1,card,Pack of basic t-shirts and socks,H&M,,0,1,routine,other
TX000177,2025-01-13 19:44:26,CUST0188,0.64,71.14,70.5,0,3485.8,0,161.12,19,0,303,0.29817909484403,2,1,1,0,online purchase,Entertainment,tablet,1,card,Digital download of a new puzzle game,Nintendo eShop,,0,1,routine,other
TX000178,2025-01-13 11:33:49,CUST0047,257.15,4675.44,4418.29,0,0.0,0,5747.56,11,0,239,0.2200942202510759,1,0,0,1,transfer,Utilities,desktop,1,bank,Monthly mobile phone and data plan payment,Verizon Wireless,,0,1,routine,services
TX000179,2025-01-13 21:27:01,CUST0281,36.48,2026.63,1990.15,0,0.0,0,1365.45,21,0,56,0.2581723600772241,2,0,0,1,online purchase,Food,mobile,1,e-wallet,Late night sushi delivery to residential address,Uber Eats,,0,1,routine,services
TX000180,2025-01-13 04:22:24,CUST0298,2069.32,2111.55,42.23,0,0.0,0,261.48,4,0,37,0.1352453316117965,1,1,0,1,transfer,Services,mobile,0,bank,Immediate full balance transfer to a new unverified recipient,Swift Transfer P2P,"Transaction flags: unusual hour, high amount, new recipient.",1,10,panic,crypto/finance
TX000181,2025-01-13 10:47:35,CUST0034,14.53,181.68,167.15,0,7.57,0,48.08,10,0,132,0.1179749565353476,1,0,0,0,online purchase,Entertainment,desktop,1,card,Two tickets for a local music festival,Ticketmaster,,0,2,routine,other
TX000182,2025-01-13 14:08:51,CUST0050,47.72,1908.66,1860.94,0,0.0,0,5342.15,14,0,222,0.2651037608807262,1,0,0,0,online purchase,Services,desktop,1,card,Payment for professional certificate in data science,Coursera Inc,,0,1,routine,services
TX000183,2025-01-13 16:12:54,CUST0277,70.66,4710.77,4640.11,0,0.0,0,4816.22,16,0,200,0.1167978797552758,1,0,0,1,online purchase,Clothing,mobile,1,card,Three paperback novels and a stationary set,Local Bookstore,,0,1,routine,other
TX000184,2025-01-13 13:45:32,CUST0080,175.46,2699.37,2523.91,0,0.0,0,213.82,13,0,334,0.246864074681517,1,0,0,0,online purchase,Clothing,mobile,1,card,New pair of running shoes and athletic gear,Nike Online,,0,1,routine,other
TX000185,2025-01-14 00:15:32,CUST0041,129.45,3406.49,3277.04,0,0.0,0,223.35,0,0,249,0.9824883216617316,1,0,0,0,online purchase,Food,mobile,1,card,Weekly meal kit delivery subscription payment,HelloFresh,Scheduled billing.,0,1,routine,services
TX000186,2025-01-14 15:35:37,CUST0256,86.08,4303.8,4217.72,0,170.0,0,127.91,15,0,213,0.1951563366940096,1,0,0,1,online purchase,Services,mobile,1,card,Bath bombs and skincare products for personal use,Lush Cosmetics,,0,1,routine,daily essentials
TX000187,2025-01-14 11:38:50,CUST0055,216.95,4821.06,4604.11,0,0.0,0,2531.65,11,0,105,0.2431950715320402,2,0,0,1,online purchase,Clothing,mobile,1,card,Replacement of makeup essentials and fragrance,Sephora,,0,1,routine,other
TX000188,2025-01-14 10:33:10,CUST0083,23.9,1991.51,1967.61,0,0.0,0,4522.55,10,0,188,0.1323638362620726,2,0,0,1,online purchase,Food,mobile,1,e-wallet,"Fresh honey, cheese, and artisanal bread purchase",Local Farmers Market,,0,1,routine,daily essentials
TX000189,2025-01-14 01:50:01,CUST0130,29.19,1621.72,1592.53,0,0.0,0,7945.83,1,0,331,0.9139602211780458,1,0,0,0,online purchase,Services,desktop,1,card,Monthly subscription for graphic design software suite,Adobe Creative Cloud,Recurring software charge.,0,1,routine,services
TX000190,2025-01-14 14:20:09,CUST0003,483.26,4027.14,3543.88,0,359.72,0,68.26,14,0,207,0.1654104345528008,2,0,0,1,online purchase,Travel,desktop,1,card,Hotel reservation for upcoming conference in October,Booking.com,,0,2,routine,services
TX000191,2025-01-14 13:05:57,CUST0180,62.44,2081.48,2019.04,0,0.0,0,6517.1,13,0,271,0.1522839013234708,2,0,0,1,online purchase,Electronics,mobile,1,card,Replacement charger and protective case for iPhone,The Apple Store,,0,1,routine,luxury goods
TX000192,2025-01-14 08:11:12,CUST0057,10.11,1263.89,1253.78,0,0.0,0,7688.19,8,0,320,0.2166241957689552,1,0,0,1,transfer,Services,mobile,1,bank,Monthly membership fee for local gym branch,Planet Fitness,,0,1,routine,services
TX000193,2025-01-14 19:22:54,CUST0291,9.7,692.82,683.12,0,2456.35,0,66.27,19,0,193,0.1274567138190445,1,1,1,1,online purchase,Food,mobile,1,card,Two large pizzas for Friday night gathering,Papa Johns,,0,1,routine,daily essentials
TX000194,2025-01-14 21:47:33,CUST0243,93.14,4233.58,4140.44,0,0.0,0,7245.79,21,0,301,0.2489226262932031,2,0,0,0,online purchase,Clothing,tablet,1,e-wallet,Handmade silver earrings for a friend's birthday,Etsy.com,,0,1,routine,other
TX000195,2025-01-14 07:22:49,CUST0254,11.57,2313.78,2302.21,0,0.0,0,226.65,7,0,254,0.2363816900703764,2,0,0,1,online purchase,Entertainment,desktop,1,card,Monthly digital subscription for news and analysis,Wall Street Journal,,0,1,routine,services
TX000196,2025-01-15 15:17:46,CUST0015,210.83,4216.53,4005.7,0,21.19,0,90.35,15,0,51,0.2859596708448945,1,0,0,1,online purchase,Clothing,mobile,1,card,Purchase of high-performance yoga pants and top,Lululemon,,0,1,routine,other
TX000197,2025-01-15 12:24:26,CUST0036,68.01,1700.14,1632.13,0,80.11,1,111.69,12,0,168,0.8567043577706266,2,0,0,0,online purchase,Electronics,desktop,1,card,External hard drive for file backup and storage,Best Buy,,0,1,routine,other
TX000198,2025-01-15 10:22:27,CUST0127,84.65,1539.05,1454.4,0,15.55,0,94.83,10,0,109,0.0784739633368959,2,0,0,1,online purchase,Services,mobile,1,card,Annual check-up and vaccinations for family pet,Local Veterinary Clinic,,0,1,routine,services
TX000199,2025-01-15 16:57:09,CUST0145,34.49,2299.12,2264.63,0,0.0,0,6616.95,16,0,275,0.2211515598007557,2,0,0,1,online purchase,Services,mobile,1,card,Household cleaning supplies and seasonal allergy medication,CVS Pharmacy,,0,1,routine,daily essentials
TX000200,2025-01-15 08:10:18,CUST0191,8.8,1760.83,1752.03,0,0.0,0,8024.17,8,0,334,0.2356746215304183,1,0,0,1,online purchase,Food,mobile,1,card,Morning latte and a blueberry muffin for breakfast commute.,Cornerstone Coffee House,Regular daily purchase.,0,1,routine,daily essentials
TX000201,2025-01-16 09:45:13,CUST0091,155.67,3459.36,3303.69,0,0.0,0,3417.75,9,0,142,0.1564739341070745,1,0,0,0,online purchase,Travel,desktop,1,card,Monthly commuter pass for subway and bus lines.,Metropolis Transit Authority,,0,1,routine,daily essentials
TX000202,2025-01-16 02:52:16,CUST0198,3.24,808.89,805.65,0,0.0,0,6842.87,2,0,285,0.2298861947029832,1,0,0,1,online purchase,Entertainment,tablet,1,card,Monthly premium subscription for video streaming services.,StreamLine Pro,Automated recurring billing.,0,1,routine,services
TX000203,2025-01-16 03:19:38,CUST0075,3942.12,4637.79,695.67,0,0.0,0,6579.33,3,0,274,0.2179713657704712,1,1,0,1,online purchase,Electronics,desktop,0,card,URGENT MUST SHIP 3X LAPTOPS EXPEDITED TO NEW ADDRESS!,Elite Tech Emporium,User reports password was changed minutes prior.,1,9,urgent,luxury goods
TX000204,2025-01-16 17:56:28,CUST0005,351.42,4392.78,4041.36,0,0.0,0,4985.94,17,0,207,0.1614676852294236,2,0,0,0,online purchase,Food,mobile,1,card,Weekly grocery shopping for household essentials and fresh produce.,Whole Foods Market,,0,1,routine,daily essentials
TX000205,2025-01-16 13:07:44,CUST0290,47.97,1370.61,1322.64,0,0.0,0,5725.13,13,0,238,0.1676778419924493,1,0,0,1,online purchase,Clothing,mobile,1,card,Purchase of a winter jacket and two pairs of socks.,Urban Threads,,0,1,routine,daily essentials
TX000206,2025-01-16 10:32:51,CUST0149,464.16,3868.01,3403.85,0,0.0,0,946.55,10,0,39,0.0942684561955888,2,0,0,1,transfer,Utilities,desktop,1,bank,Monthly electricity bill payment for residential apartment unit.,City Power & Light,Standard utility payment.,0,1,routine,daily essentials
TX000207,2025-01-16 15:07:04,CUST0008,23.91,1195.29,1171.38,0,76.29,0,124.45,15,0,178,0.0912448548198359,2,0,0,1,transfer,Services,mobile,1,bank,Payment for monthly lawn maintenance and gardening services.,The Great Outdoors,,0,1,routine,other
TX000208,2025-01-16 20:09:33,CUST0120,1710.34,4886.69,3176.35,0,0.0,0,3668.16,20,0,152,0.0830954662156213,2,0,0,0,online purchase,Travel,desktop,1,card,Round-trip ticket purchase for upcoming summer holiday travel.,Global Airlines,,0,2,routine,services
TX000209,2025-01-16 06:57:14,CUST0177,70.05,4669.69,4599.64,0,28.19,0,141.39,6,0,340,0.2668435738241782,2,0,0,1,online purchase,Services,mobile,1,card,Monthly gym membership fee for local branch access.,Pinnacle Fitness,Subscription service.,0,1,routine,services
TX000210,2025-01-16 18:08:30,CUST0059,129.2,4306.54,4177.34,0,0.0,0,6018.14,18,0,250,0.8309541754813817,2,0,0,0,online purchase,Travel,mobile,1,card,Fuel refill for personal vehicle at local station.,QuickStop Petrol,,0,1,routine,daily essentials
TX000211,2025-01-16 04:28:24,CUST0151,0.52,523.9,523.38,0,0.0,0,5932.47,4,0,247,0.2570297983377603,2,1,0,1,online purchase,Services,desktop,0,card,Small authorization check fee for unknown account setup.,Mystery VPN Services,Suspiciously small amount followed by multiple failed logins.,1,6,routine,services
TX000212,2025-01-16 14:06:33,CUST0203,108.89,2722.3,2613.41,0,0.0,0,8774.11,14,0,365,0.0980903010644899,2,0,0,0,online purchase,Electronics,desktop,1,card,New wireless mouse and ergonomic keyboard for home office.,Amazon Marketplace,,0,1,routine,other
TX000213,2025-01-16 19:39:01,CUST0061,7.9,790.35,782.45,0,0.0,0,3499.65,19,0,145,0.2948977780522043,2,0,0,1,online purchase,Food,mobile,1,e-wallet,Dinner delivery for large pepperoni pizza and drinks.,Pizza Planet,,0,1,routine,daily essentials
TX000214,2025-01-16 21:42:24,CUST0052,27.92,2326.91,2298.99,0,0.0,0,320.7,21,0,367,0.2352849527442644,2,0,0,1,online purchase,Entertainment,tablet,1,card,Purchase of three new hardcover mystery novels.,BookWorm Central,,0,1,routine,other
TX000215,2025-01-16 07:40:42,CUST0197,17.16,2144.58,2127.42,0,0.0,0,213.23,7,0,22,0.0238708057689544,2,0,0,1,online purchase,Food,mobile,1,e-wallet,Reload of mobile app balance for coffee purchases.,Starbucks Coffee,,0,1,routine,daily essentials
TX000216,2025-01-16 23:49:18,CUST0029,29.4,4900.68,4871.28,0,0.0,0,1967.82,23,0,81,0.2860980935388132,2,0,0,0,online purchase,Entertainment,desktop,1,card,Purchase of a digital indie game during weekend sale.,Steam Games,,0,1,routine,other
TX000217,2025-01-16 11:38:24,CUST0110,686.63,4577.53,3890.9,0,0.0,0,6683.64,11,0,278,0.1594127196893995,1,0,0,1,transfer,Utilities,desktop,1,bank,Payment for family mobile plan and data usage.,Verizon Wireless,,0,1,routine,services
TX000218,2025-01-17 12:43:14,CUST0009,283.65,4727.55,4443.9,0,0.0,0,4140.72,12,0,172,0.230196929336281,1,0,0,1,online purchase,Clothing,mobile,1,card,Household supplies and basic apparel items for children.,Target Stores,,0,1,routine,other
TX000219,2025-01-17 22:50:31,CUST0207,21.89,3126.59,3104.7,0,0.0,0,2326.84,22,0,96,0.0595196527757423,2,0,0,1,online purchase,Travel,mobile,1,e-wallet,Ride-share service for transport to social event.,Uber Technologies,,0,1,routine,services
TX000220,2025-01-17 01:18:14,CUST0098,3.32,1106.31,1102.99,0,0.0,0,8881.3,1,0,370,0.1429412325508015,1,0,0,0,online purchase,Entertainment,mobile,1,card,Monthly music streaming subscription for individual account.,Apple Music,Auto-renewal.,0,1,routine,services
TX000221,2025-01-17 16:33:05,CUST0279,34.05,680.97,646.92,0,0.0,0,282.11,16,0,318,0.0220980548284439,1,0,0,0,withdrawal,Services,mobile,1,bank,Cash withdrawal for weekend market and small tips.,Chase Bank ATM,,0,2,routine,crypto/finance
TX000222,2025-01-17 10:42:55,CUST0257,66.63,2220.86,2154.23,0,0.0,0,351.51,10,0,151,0.0361110947126189,1,0,0,0,online purchase,Utilities,desktop,1,card,Replacement light bulbs and various DIY repair tools.,Home Depot,,0,1,routine,daily essentials
TX000223,2025-01-17 09:36:49,CUST0257,53.86,2154.23,2100.37,1,66.63,0,-1.1,9,0,151,0.0361110947126189,1,0,0,0,online purchase,Food,desktop,1,card,Weekly meal kit delivery service for two people.,Blue Apron,,0,1,routine,services
TX000224,2025-01-17 14:47:44,CUST0114,21.62,540.52,518.9,0,0.0,0,2942.8,14,0,122,0.0345872785453475,1,0,0,1,online purchase,Clothing,mobile,1,card,Purchase of new running shoes and gym shorts.,Nike Online,,0,1,routine,other
TX000225,2025-01-17 11:14:02,CUST0104,76.99,769.91,692.92,0,0.0,0,251.25,11,0,181,0.2575039472397014,1,0,0,1,online purchase,Travel,desktop,1,card,One night deposit for upcoming business trip stay.,Marriott Hotels,,0,2,routine,services
TX000226,2025-01-17 04:45:39,CUST0066,100.29,154.29,54.0,0,1774.33,0,145.13,4,0,327,0.2438137646083233,2,2,1,1,online purchase,Clothing,desktop,0,card,CONFUSED why this high-end designer bag purchase failed.,Lux-Boutique Paris,Foreign IP address used for large fashion purchase.,1,7,urgent,luxury goods
TX000227,2025-01-18 18:53:51,CUST0177,91.99,4599.64,4507.65,0,70.05,0,59.94,18,1,342,0.2668435738241782,2,0,0,1,online purchase,Services,mobile,1,card,Bulk purchase of cat food and litter supplies.,PetSmart,,0,1,routine,daily essentials
TX000228,2025-01-18 00:27:06,CUST0013,21.99,1465.89,1443.9,0,0.0,0,7536.45,0,1,314,0.2551335760302412,2,0,0,1,online purchase,Services,desktop,1,card,Monthly software subscription for graphic design suite.,Adobe Creative Cloud,Recurring billing.,0,1,routine,services
TX000229,2025-01-18 12:24:45,CUST0300,16.42,912.16,895.74,0,0.0,0,335.92,12,1,159,0.0603691501968914,2,0,0,1,online purchase,Services,mobile,1,card,Prescription medication refill and personal care items.,Walgreens,,0,1,routine,daily essentials
TX000230,2025-01-18 19:57:08,CUST0207,27.94,3104.7,3076.76,1,21.89,0,21.11,19,1,97,0.0595196527757423,2,0,0,1,online purchase,Entertainment,mobile,1,e-wallet,Tickets for two for weekend blockbuster movie screening.,AMC Theatres,,0,1,routine,other
TX000231,2025-01-18 13:58:51,CUST0131,4.92,1228.92,1224.0,0,0.0,0,253.2,13,1,162,0.1629868474246943,2,0,0,1,online purchase,Food,mobile,1,card,Quick lunch sub and drink while running errands.,Subway Sandwiches,,0,1,routine,daily essentials
TX000232,2025-01-18 15:45:26,CUST0032,50.44,720.58,670.14,0,0.0,0,211.37,15,1,341,0.2122951936048218,1,0,0,0,online purchase,Services,desktop,1,card,New bookshelf and desk lamp for bedroom setup.,IKEA Online,,0,1,routine,other
TX000233,2025-01-18 03:39:59,CUST0221,14.93,2986.76,2971.83,0,0.0,0,342.25,3,1,50,0.2423099277033597,2,0,0,0,online purchase,Entertainment,tablet,1,card,Family music streaming plan monthly recurring charge.,Spotify Premium,Subscription.,0,1,routine,services
TX000234,2025-01-18 11:33:57,CUST0080,30.29,2523.91,2493.62,0,175.46,0,117.81,11,1,339,0.246864074681517,1,0,0,0,online purchase,Electronics,mobile,1,card,Replacement HDMI cables and a pack of batteries.,Best Buy,,0,1,routine,other
TX000235,2025-01-18 17:05:04,CUST0250,148.42,3298.23,3149.81,0,0.0,0,8033.08,17,1,334,0.1628343025349496,1,0,0,0,online purchase,Clothing,mobile,1,card,Yoga mat and athletic leggings for fitness classes.,Lululemon,,0,1,routine,other
TX000236,2025-01-18 16:55:34,CUST0126,13.85,1384.66,1370.81,0,0.0,0,1288.93,16,1,53,0.0242739505106111,1,0,0,0,online purchase,Services,mobile,1,card,Dry cleaning service for three suits and shirts.,Local Cleaners,,0,1,routine,services
TX000237,2025-01-18 08:06:37,CUST0264,20.89,949.64,928.75,0,0.0,0,277.11,8,1,366,0.1614731058958141,1,0,0,1,online purchase,Travel,mobile,1,card,Fuel and car wash combo during travel.,Shell Gas Station,,0,1,routine,daily essentials
TX000238,2025-01-18 07:33:16,CUST0126,8.22,1370.81,1362.59,1,13.85,0,-9.37,7,1,53,0.0242739505106111,1,0,0,0,online purchase,Food,mobile,1,card,Coffee and dozen donuts for office morning meeting.,Dunkin Donuts,,0,1,routine,daily essentials
TX000239,2025-01-18 10:45:17,CUST0115,135.67,1695.92,1560.25,0,0.0,0,204.85,10,1,311,0.8508490158121271,2,0,0,0,online purchase,Entertainment,desktop,1,card,Two tickets for upcoming rock concert tour.,Ticketmaster,,0,2,routine,other
TX000240,2025-01-19 02:55:11,CUST0109,1317.17,1344.05,26.88,0,48.75,0,150.37,2,1,107,0.1606632755025288,1,1,0,1,transfer,Crypto,mobile,0,bank,URGENT TRANSFER ALL FUNDS IMMEDIATELY TO EXTERNAL WALLET!,CryptoExchange X,Attempted liquidation of entire account balance to high-risk merchant.,1,10,panic,crypto/finance
TX000241,2025-01-19 04:05:14,CUST0293,8.5,1700.95,1692.45,0,0.0,0,241.22,4,1,310,0.2330246253840381,1,0,0,1,online purchase,Entertainment,mobile,1,card,Monthly audiobook credit subscription fee.,Audible,Subscription.,0,1,routine,services
TX000242,2025-01-19 14:36:48,CUST0241,105.8,3526.62,3420.82,0,0.0,0,4430.61,14,1,184,0.192208575275786,2,0,0,1,online purchase,Clothing,mobile,1,card,New school uniforms and sweaters for children.,Gap Kids,,0,1,routine,daily essentials
TX000243,2025-01-19 21:42:47,CUST0074,73.65,1472.98,1399.33,0,0.0,0,205.76,21,1,284,0.2754263913495592,2,0,0,0,online purchase,Travel,desktop,1,card,Seat upgrade for international flight next month.,British Airways,,0,2,routine,services
TX000244,2025-01-19 10:43:28,CUST0232,26.53,1326.29,1299.76,0,0.0,0,168.58,10,1,336,0.2297099168724586,2,0,0,1,online purchase,Food,mobile,1,card,Weekly food box subscription for vegetarian meals.,HelloFresh,,0,1,routine,services
TX000245,2025-01-19 22:39:09,CUST0029,73.07,4871.28,4798.21,0,29.4,0,70.83,22,1,84,0.2860980935388132,2,0,0,0,online purchase,Entertainment,mobile,1,e-wallet,Digital game download for handheld console.,Nintendo eShop,,0,1,routine,other
TX000246,2025-01-19 09:50:20,CUST0021,255.5,1419.42,1163.92,0,0.0,0,6777.84,9,1,282,0.2718586585390012,2,0,0,0,transfer,Services,desktop,1,bank,Monthly premium for auto and home insurance coverage.,State Farm Insurance,,0,1,routine,services
TX000247,2025-01-19 16:23:31,CUST0137,63.03,2100.92,2037.89,0,31.99,0,166.6,16,1,208,0.0919652735661293,1,0,0,0,online purchase,Food,mobile,1,card,Groceries and snacks for weekly pantry restock.,Trader Joe's,,0,1,routine,daily essentials
TX000248,2025-01-19 12:00:09,CUST0153,81.89,2729.75,2647.86,0,0.0,0,2436.0,12,1,101,0.0102971274485699,2,0,0,1,online purchase,Electronics,desktop,1,card,Renewal of Office 365 personal subscription.,Microsoft Store,,0,1,routine,services
TX000249,2025-01-19 13:31:49,CUST0299,48.24,803.94,755.7,0,0.0,0,238.24,13,1,223,0.0920448622502855,2,0,0,1,online purchase,Travel,desktop,1,card,Car rental booking for weekend trip out of state.,Expedia,,0,2,routine,services
TX000250,2025-01-20 10:53:25,CUST0158,83.42,1986.22,1902.8,0,0.0,0,4834.89,10,0,201,0.1281839825224429,2,0,0,1,online purchase,Food,mobile,1,card,Weekly grocery run for fresh vegetables and household essentials at the local market.,Green Valley Organics,,0,1,routine,daily essentials
TX000251,2025-01-20 15:00:43,CUST0161,89.98,749.85,659.87,0,0.0,0,519.01,15,0,21,0.2915183290471522,2,0,0,1,online purchase,Clothing,mobile,1,card,Purchase of a new winter jacket and a pair of wool socks.,Urban Threads Boutique,Customer used a loyalty discount code at checkout.,0,1,routine,other
TX000252,2025-01-20 03:27:28,CUST0087,2274.78,2584.98,310.2,0,0.0,0,448.36,3,0,206,0.3658759447175774,1,1,0,1,online purchase,Electronics,desktop,0,card,URGENT! High-end workstation purchase required immediately for express shipping to a new address.,Elite Tech Reseller,Multiple failed password attempts observed prior to this high-value transaction.,1,9,urgent,luxury goods
TX000253,2025-01-20 09:13:21,CUST0027,317.78,4888.95,4571.17,0,0.0,0,4689.22,9,0,195,0.0443633550981042,1,0,0,0,transfer,Utilities,desktop,1,bank,Monthly automatic payment for residential electricity and water service usage.,City Power and Light,Recurring monthly billing established for over twelve months.,0,1,routine,services
TX000254,2025-01-20 20:32:48,CUST0205,67.05,4469.72,4402.67,0,0.0,0,369.53,20,0,264,0.2185589018097827,2,0,0,1,online purchase,Entertainment,desktop,1,e-wallet,Purchase of a new strategy game during the annual seasonal sale event.,Steam Digital Games,,0,1,routine,services
TX000255,2025-01-20 08:21:49,CUST0030,16.37,3273.5,3257.13,0,0.0,0,6344.36,8,0,264,0.0755913660052042,2,0,0,1,online purchase,Food,mobile,1,card,Morning latte and breakfast pastry purchase at the downtown transit station.,Cuppa Joe Coffee,,0,1,routine,daily essentials
TX000256,2025-01-20 14:39:50,CUST0078,664.7,1899.13,1234.43,0,0.0,0,6566.66,14,0,273,0.2061660365519345,1,0,0,1,online purchase,Travel,desktop,1,card,Round-trip flight booking for a planned family vacation during the summer break.,Skyline Travel Agency,,0,2,routine,services
TX000257,2025-01-20 11:38:08,CUST0146,349.42,3882.47,3533.05,0,0.0,0,8915.64,11,0,371,0.1195568895432134,1,0,0,1,transfer,Services,desktop,1,bank,Annual air conditioning system maintenance and filter replacement service fee.,Home Comfort HVAC,,0,1,routine,services
TX000258,2025-01-20 02:34:02,CUST0208,1.52,1524.38,1522.86,0,0.0,0,299.87,2,0,255,1.0,1,1,0,0,online purchase,Services,desktop,0,card,Confused small test transaction to verify account validity after unusual login activity.,Micro-Donations Inc,Transaction originated from a known proxy IP address list.,1,8,urgent,crypto/finance
TX000259,2025-01-21 12:32:31,CUST0103,82.99,1659.79,1576.8,0,0.0,0,1620.54,12,0,67,0.8178749185349781,1,0,0,0,transfer,Crypto,mobile,1,bank,Scheduled monthly purchase of digital assets for long-term investment portfolio diversification.,Global Crypto Exchange,Two-factor authentication was successfully completed by the user.,0,3,routine,crypto/finance
TX000260,2025-01-21 07:52:39,CUST0279,19.41,646.92,627.51,0,34.05,0,87.33,7,0,322,0.0220980548284439,1,0,0,0,online purchase,Travel,mobile,1,card,Reloading of monthly commuter pass for bus and subway transportation services.,Metro Transit Authority,,0,1,routine,daily essentials
TX000261,2025-01-21 19:27:28,CUST0192,29.11,2425.79,2396.68,0,0.0,0,571.46,19,0,23,0.2062216193923824,1,0,0,0,online purchase,Food,mobile,1,e-wallet,Friday night dinner delivery for a family of four including beverages.,Pizza Planet Delivery,,0,1,routine,daily essentials
TX000262,2025-01-21 17:17:27,CUST0025,95.58,3823.03,3727.45,0,0.0,0,6497.29,17,0,270,0.2929044929011327,2,0,0,0,online purchase,Travel,mobile,1,card,Fuel purchase and car wash at a local station near the residence.,Speedy Gas Station,,0,1,routine,daily essentials
TX000263,2025-01-21 21:52:32,CUST0268,80.77,4487.45,4406.68,0,0.0,0,237.03,21,0,129,0.0372904419857371,2,0,0,1,online purchase,Entertainment,mobile,1,card,Evening movie tickets and snacks for two people at the local theater.,Grand Cinema 12,,0,1,routine,other
TX000264,2025-01-21 11:26:29,CUST0274,34.52,1078.89,1044.37,0,0.0,0,8459.44,11,0,352,0.2597087179655156,2,0,0,0,online purchase,Services,tablet,1,card,Purchase of premium cat food and a new scratching post for pets.,Blue Ribbon Pet Shop,,0,1,routine,daily essentials
TX000265,2025-01-21 10:19:58,CUST0273,20.92,523.01,502.09,0,0.0,0,343.15,10,0,25,0.2641912541683239,2,1,1,0,transfer,Utilities,desktop,1,bank,Payment for monthly high-speed internet subscription and equipment rental fee.,Swift Broadband,,0,1,routine,services
TX000266,2025-01-22 13:46:30,CUST0246,78.64,3574.58,3495.94,0,0.0,0,481.62,13,0,35,0.2177883688579468,1,0,0,0,online purchase,Services,mobile,1,card,Prescription refill and purchase of over-the-counter allergy medication.,Main Street Pharmacy,,0,1,routine,daily essentials
TX000267,2025-01-22 06:35:39,CUST0106,111.92,3997.28,3885.36,0,0.0,0,237.23,6,0,135,0.1331695119937279,1,0,0,1,transfer,Services,desktop,1,bank,Automatic monthly membership dues for fitness center access and group classes.,FitLife Gymnasium,,0,1,routine,services
TX000268,2025-01-22 08:41:58,CUST0010,1.54,192.84,191.3,0,0.0,0,432.62,8,0,271,0.1073994960049018,1,0,0,0,online purchase,Entertainment,tablet,1,card,Renewal of digital news subscription for a six-month period.,The Daily Newspaper,,0,1,routine,services
TX000269,2025-01-22 09:46:17,CUST0281,17.91,1990.15,1972.24,0,0.0,0,204.32,9,0,65,0.2581723600772241,2,0,0,1,online purchase,Food,mobile,1,card,Assorted muffins and bagels for a weekend breakfast with the family.,Corner Bakery,,0,1,routine,daily essentials
TX000270,2025-01-22 11:04:32,CUST0069,129.78,2595.63,2465.85,0,0.0,0,6587.08,11,0,274,0.19835586561334,2,0,0,1,withdrawal,Services,mobile,1,card,Cash withdrawal for small cash-only purchases at the weekend flea market.,Local ATM - High St,Physical card present at a verified ATM location.,0,2,routine,crypto/finance
TX000271,2025-01-22 04:05:32,CUST0165,166.89,269.17,102.28,0,0.0,0,422.36,4,0,293,0.3087666221992866,2,1,0,0,online purchase,Electronics,desktop,0,card,High-risk overseas purchase for expensive luxury items with immediate shipping requested.,Luxury Watches Global,Merchant is located in a high-risk jurisdiction for card fraud.,1,9,urgent,luxury goods
TX000272,2025-01-22 16:06:40,CUST0012,213.0,4733.37,4520.37,0,0.0,0,3520.11,16,0,146,0.2589455972151129,2,0,0,1,online purchase,Electronics,desktop,1,card,Purchase of a new wireless mouse and keyboard for the home office.,Tech Gadget World,,0,1,routine,other
TX000273,2025-01-22 14:16:34,CUST0145,15.85,2264.63,2248.78,0,34.49,0,165.32,14,0,282,0.2211515598007557,2,0,0,1,online purchase,Entertainment,mobile,1,card,Donation and purchase of several used books during a library fundraiser.,City Library Shop,,0,1,routine,other
TX000274,2025-01-22 10:51:14,CUST0149,374.42,3403.85,3029.43,0,464.16,0,144.31,10,0,45,0.0942684561955888,2,0,0,1,transfer,Services,desktop,1,bank,Payment for seasonal lawn care and garden mulching services performed yesterday.,Evergreen Landscaping,,0,1,routine,services
TX000275,2025-01-22 22:31:44,CUST0195,13.54,1353.8,1340.26,0,0.0,0,5998.53,22,0,249,0.9010685014463417,2,0,0,0,online purchase,Gambling,mobile,1,card,Small recreational wager on a major weekend sporting event.,Royal Betting,"User has a history of small, infrequent gambling transactions.",0,3,routine,crypto/finance
TX000276,2025-01-22 23:40:24,CUST0165,0.41,102.28,101.87,1,166.89,0,19.58,23,0,293,0.3087666221992866,2,1,1,0,online purchase,Food,mobile,1,card,Late-night purchase of snacks and bottled water during a road trip.,QuickStop Convenience,,0,1,routine,daily essentials
TX000277,2025-01-23 18:56:20,CUST0130,238.88,1592.53,1353.65,0,0.0,0,233.11,18,0,340,0.9139602211780458,1,0,0,0,online purchase,Clothing,desktop,1,card,Purchase of professional attire for an upcoming business conference.,Fashion Forward,,0,1,routine,other
TX000278,2025-01-23 11:51:33,CUST0023,304.33,3901.7,3597.37,0,0.0,0,1163.86,11,0,48,0.0814657731970158,2,0,0,0,online purchase,Services,mobile,1,card,Supplies for a DIY home improvement project in the guest bathroom.,Home Depot Center,,0,1,routine,other
TX000279,2025-01-23 02:34:42,CUST0200,3.25,541.11,537.86,0,0.0,0,9026.58,2,0,376,0.099238510631555,2,0,0,0,online purchase,Entertainment,tablet,1,card,Monthly subscription for ad-free video streaming service for the entire household.,Streaming Plus,Automated recurring payment.,0,1,routine,services
TX000280,2025-01-23 12:15:12,CUST0145,78.71,2248.78,2170.07,1,15.85,0,21.98,12,0,283,0.2211515598007557,2,0,0,1,online purchase,Food,mobile,1,card,Selection of fresh fish and shrimp for a special anniversary dinner.,Fresh Catch Seafood,,0,1,routine,daily essentials
TX000281,2025-01-23 10:38:48,CUST0231,122.05,2542.65,2420.6,0,0.0,0,314.81,10,0,57,0.2685711783509356,1,0,0,1,transfer,Utilities,desktop,1,bank,Monthly payment for cellular phone plan including data and international calling.,National Telecom,,0,1,routine,services
TX000282,2025-01-23 16:19:46,CUST0050,18.61,1860.94,1842.33,0,0.0,0,242.18,16,0,232,0.2651037608807262,1,0,0,0,online purchase,Entertainment,mobile,1,e-wallet,Pre-order of a highly anticipated novel from a favorite author.,Bookworm Alley,,0,1,routine,other
TX000283,2025-01-23 13:08:55,CUST0004,68.8,312.74,243.94,0,0.0,0,358.76,13,0,328,0.2415296014007472,2,0,0,1,online purchase,Travel,desktop,1,card,Deposit for a winter ski trip accommodation for four nights.,Alpine Resort,,0,2,routine,luxury goods
TX000284,2025-01-23 01:40:41,CUST0041,3178.73,3277.04,98.31,0,0.0,0,217.42,1,0,258,1.0,1,1,0,0,transfer,Crypto,mobile,0,bank,URGENT: Emptying account balance to external mule wallet to avoid perceived security threat.,Safe Haven Transfers,Customer appears confused and under duress during verification attempt.,1,10,panic,crypto/finance
TX000285,2025-01-23 19:49:54,CUST0237,137.91,2298.45,2160.54,0,0.0,0,1435.83,19,0,59,0.2922226422574833,2,0,0,1,online purchase,Clothing,mobile,1,card,Online purchase of accessories and shoes for a friend's wedding.,Style Haven,,0,1,routine,other
TX000286,2025-01-23 18:29:05,CUST0117,25.14,3142.03,3116.89,0,0.0,0,6858.48,18,0,285,0.2306548579158424,2,0,0,1,online purchase,Travel,mobile,1,card,Daily parking fee for commuting to the central business district.,City Parking Garage,,0,1,routine,services
TX000287,2025-01-23 11:07:17,CUST0084,61.03,3051.51,2990.48,0,0.0,0,3467.12,11,0,144,0.0937357922924795,1,0,0,1,online purchase,Services,mobile,1,card,Birthday bouquet delivery for a family member residing in the city.,The Flower Pot,,0,1,routine,other
TX000288,2025-01-23 22:31:31,CUST0209,112.02,2947.99,2835.97,0,0.0,0,3094.53,22,0,128,0.2990528660471629,1,0,0,1,online purchase,Electronics,desktop,1,e-wallet,Purchase of a specialized gaming headset for competitive online play.,Gamer's Edge,,0,1,routine,other
TX000289,2025-01-24 10:11:05,CUST0020,36.95,2463.41,2426.46,0,0.0,0,1834.18,10,0,76,0.01061038052451,2,0,0,0,online purchase,Food,mobile,1,card,Saturday morning breakfast with friends at a popular local neighborhood spot.,Main Street Diner,,0,1,routine,daily essentials
TX000290,2025-01-24 09:39:17,CUST0245,112.42,2498.24,2385.82,0,0.0,0,8121.65,9,0,338,0.2773702540926478,2,0,0,0,online purchase,Services,mobile,1,card,Full interior and exterior detailing service for a personal vehicle.,Premium Auto Spa,,0,1,routine,services
TX000291,2025-01-24 14:05:52,CUST0257,172.23,2100.37,1928.14,0,0.0,0,172.48,14,0,158,0.0361110947126189,1,0,0,0,online purchase,Clothing,desktop,1,card,New hiking boots and moisture-wicking apparel for an upcoming outdoor trip.,Adventure Gear Co,,0,1,routine,other
TX000292,2025-01-24 15:18:20,CUST0251,62.61,4173.91,4111.3,0,0.0,0,427.29,15,0,39,0.2320175064143674,1,0,0,1,withdrawal,Services,mobile,1,card,Small cash withdrawal to pay for a haircut at a cash-only barbershop.,Corner Market ATM,,0,2,routine,crypto/finance
TX000293,2025-01-24 00:13:44,CUST0238,0.8,160.96,160.16,0,0.0,0,446.23,0,0,379,0.956920142406184,2,0,0,0,online purchase,Entertainment,mobile,1,card,Automated monthly charge for standard definition streaming subscription plan.,Netflix Inc,Subscription service billing.,0,1,routine,services
TX000294,2025-01-24 10:17:34,CUST0075,8.35,695.67,687.32,0,0.0,0,198.97,10,0,282,0.2179713657704712,1,1,1,1,online purchase,Services,tablet,1,card,Purchase of various flower seeds and potting soil for the spring season.,Garden Supply Co,,0,1,routine,other
TX000295,2025-01-24 13:21:03,CUST0250,15.75,3149.81,3134.06,0,148.42,0,140.27,13,0,340,0.1628343025349496,1,0,0,0,online purchase,Services,mobile,1,card,Basic exterior car wash and vacuum service at a local facility.,Express Car Wash,,0,1,routine,services
TX000296,2025-01-24 12:18:44,CUST0204,29.14,4856.88,4827.74,0,0.0,0,3348.31,12,0,139,0.0284093041313212,1,0,0,0,online purchase,Food,mobile,1,card,Quick lunch purchase including a salad and a smoothie during work hours.,Healthy Eats Cafe,,0,1,routine,daily essentials
TX000297,2025-01-24 11:58:00,CUST0055,161.14,4604.11,4442.97,0,0.0,0,240.32,11,0,115,0.2431950715320402,2,0,0,1,transfer,Utilities,desktop,1,bank,Quarterly water and sewage utility bill payment for a residential property.,Local Water District,,0,1,routine,services
TX000298,2025-01-24 17:48:43,CUST0118,17.64,2204.88,2187.24,0,0.0,0,435.39,17,0,51,0.2797682409679856,2,0,0,1,online purchase,Electronics,mobile,1,card,Replacement charging cable for a smartphone purchased online for store pickup.,Tech Gadget World,,0,1,routine,other
TX000299,2025-01-24 20:15:07,CUST0038,194.49,4321.99,4127.5,0,0.0,0,4028.25,20,0,167,0.1971142300718864,2,0,0,1,online purchase,Entertainment,desktop,1,card,Tickets for an upcoming orchestral performance including parking reservation.,City Concert Hall,,0,1,routine,other
TX000300,2025-01-24 08:39:09,CUST0020,4.85,2426.46,2421.61,1,36.95,0,-1.53,8,0,76,0.01061038052451,2,0,0,0,online purchase,Food,mobile,1,card,Morning latte and breakfast croissant at the local cafe downtown.,Cornerstone Coffee,Regular morning routine.,0,1,routine,daily essentials
TX000301,2025-01-24 14:54:39,CUST0046,43.96,2930.53,2886.57,0,0.0,0,453.52,14,0,26,0.1837730892861691,2,0,0,1,online purchase,Electronics,desktop,1,card,Replacement charging cables and a new wireless mouse for home office.,Amazon,,0,1,routine,other
TX000302,2025-01-24 03:02:19,CUST0104,609.77,692.92,83.15,0,76.99,0,159.8,3,0,188,0.4090047366876417,1,1,0,1,online purchase,Electronics,desktop,0,e-wallet,URGENT: High-end workstation purchase. Immediate overnight shipping requested to new address.,Premium Tech Hub,Customer appears confused about shipping address mismatch during verification.,1,9,urgent,luxury goods
TX000303,2025-01-25 09:49:24,CUST0208,53.3,1522.86,1469.56,0,1.52,0,127.26,9,1,260,1.0,1,1,1,0,transfer,Utilities,desktop,1,bank,Automatic monthly payment for residential water and sewage services.,City Water Utility,Recurring bill payment.,0,1,routine,daily essentials
TX000304,2025-01-25 00:30:51,CUST0080,12.47,2493.62,2481.15,0,30.29,0,156.95,0,1,346,0.246864074681517,1,0,0,0,online purchase,Entertainment,tablet,1,card,Monthly subscription renewal for premium streaming video services.,Netflix,,0,1,routine,services
TX000305,2025-01-25 17:47:57,CUST0183,73.45,3672.43,3598.98,0,0.0,0,2729.8,17,1,113,0.2377402325775376,2,0,0,1,online purchase,Services,mobile,1,card,Fuel refill for commuter vehicle at a suburban service station.,Shell Petroleum,,0,1,routine,daily essentials
TX000306,2025-01-25 20:05:06,CUST0258,7.57,630.62,623.05,0,0.0,0,1508.09,20,1,62,0.1757262535412135,1,0,0,0,online purchase,Entertainment,desktop,1,card,Purchase of a new tactical shooter game during the seasonal sale.,Steam Games,,0,1,routine,other
TX000307,2025-01-25 12:06:33,CUST0181,180.3,3278.27,3097.97,0,0.0,0,363.2,12,1,153,0.0288536928527474,1,0,0,0,online purchase,Food,mobile,1,card,Weekly grocery shopping including fresh produce and pantry staples.,Whole Foods Market,Verified loyalty card used.,0,1,routine,daily essentials
TX000308,2025-01-26 15:19:34,CUST0259,223.1,1239.42,1016.32,0,0.0,0,6783.33,15,1,282,0.9654760279285493,1,0,0,1,online purchase,Travel,desktop,1,card,Round-trip flight booking for a planned summer holiday trip.,Delta Airlines,,0,2,routine,services
TX000309,2025-01-26 02:40:05,CUST0133,4.75,4745.35,4740.6,0,0.0,0,585.61,2,1,226,0.1108084554640649,1,1,0,0,online purchase,Crypto,mobile,0,bank,System check: Small value transaction for account verification and connectivity test.,BitCloud Exchange,Multiple failed login attempts preceded this micro-transaction.,1,7,routine,crypto/finance
TX000310,2025-01-26 18:54:27,CUST0193,21.51,2688.92,2667.41,0,0.0,0,489.16,18,1,259,0.2537001528119603,2,0,0,0,online purchase,Travel,mobile,1,e-wallet,Ride-share service from the downtown office back to home residence.,Uber,,0,1,routine,services
TX000311,2025-01-26 13:16:34,CUST0048,32.54,1301.74,1269.2,0,0.0,0,437.26,13,1,183,0.1143421835130449,2,0,0,0,online purchase,Clothing,mobile,1,card,Selection of cotton t-shirts and jeans for the upcoming season.,H&M,,0,1,routine,other
TX000312,2025-01-26 10:34:33,CUST0180,181.71,2019.04,1837.33,0,0.0,0,285.48,10,1,283,0.1522839013234708,2,0,0,1,transfer,Services,desktop,1,bank,Quarterly premium payment for comprehensive auto insurance coverage.,State Farm Insurance,,0,1,routine,services
TX000313,2025-01-26 07:29:25,CUST0099,0.91,82.87,81.96,0,0.0,0,389.4,7,1,374,0.2823419375107649,2,1,1,1,online purchase,Entertainment,tablet,1,card,Monthly membership fee for interactive fitness classes and digital content.,Peloton,,0,1,routine,services
TX000314,2025-01-26 11:32:41,CUST0203,104.54,2613.41,2508.87,0,0.0,0,237.44,11,1,375,0.0980903010644899,2,0,0,0,withdrawal,Services,mobile,1,card,Cash withdrawal for weekend farmers market purchases and small tips.,Local ATM,,0,2,routine,crypto/finance
TX000315,2025-01-26 12:38:34,CUST0092,7.29,2428.37,2421.08,0,0.0,0,602.43,12,1,128,0.745065288179806,2,0,0,0,online purchase,Food,mobile,1,card,Quick lunch meal deal during a busy workday afternoon.,McDonalds,,0,1,routine,daily essentials
TX000316,2025-01-26 16:01:20,CUST0053,18.68,287.34,268.66,0,0.0,0,3352.02,16,1,139,0.1082148969955817,2,0,0,0,transfer,Utilities,desktop,1,bank,Payment for monthly family mobile plan and device financing.,Verizon Wireless,,0,1,routine,services
TX000317,2025-01-26 21:48:25,CUST0158,19.03,1902.8,1883.77,0,83.42,0,154.92,21,1,207,0.1281839825224429,2,0,0,1,online purchase,Services,mobile,1,e-wallet,Handmade ceramic mug for a friend's birthday gift.,Etsy,,0,1,routine,other
TX000318,2025-01-26 19:24:12,CUST0129,75.04,1667.61,1592.57,0,0.0,0,3331.4,19,1,138,0.1284150387260398,1,0,0,0,online purchase,Clothing,desktop,1,card,New pair of running shoes for marathon training program.,Nike Online,,0,1,routine,other
TX000319,2025-01-26 04:07:08,CUST0052,1425.37,2298.99,873.62,0,0.0,0,222.41,4,1,377,0.3823419432931173,2,1,0,1,online purchase,Clothing,mobile,0,card,High-value designer handbag purchase from a foreign terminal. Must authorize now.,Lux-Paris Boutique,Transaction initiated from an IP address in a high-risk region.,1,8,urgent,luxury goods
TX000320,2025-01-26 19:51:26,CUST0206,12.5,1388.74,1376.24,0,0.0,0,428.33,19,1,270,0.1026415568983308,2,1,1,1,online purchase,Food,mobile,1,card,Dinner delivery for a family movie night at home.,Domino's Pizza,,0,1,routine,daily essentials
TX000321,2025-01-26 11:33:13,CUST0235,25.64,1281.79,1256.15,0,0.0,0,405.97,11,1,252,0.1846148198564568,1,0,0,0,online purchase,Services,desktop,1,bank,Enrollment fee for a professional data science certification course.,Coursera,,0,1,routine,services
TX000322,2025-01-26 08:12:55,CUST0131,7.34,1224.0,1216.66,0,0.0,0,186.23,8,1,170,0.1629868474246943,2,0,0,1,online purchase,Food,mobile,1,e-wallet,Reload of mobile app balance for future coffee purchases.,Starbucks,,0,1,routine,daily essentials
TX000323,2025-01-26 14:22:40,CUST0078,148.13,1234.43,1086.3,0,664.7,0,143.71,14,1,279,0.2061660365519345,1,0,0,1,online purchase,Travel,desktop,1,card,Hotel reservation for a two-night weekend getaway out of town.,Marriott International,,0,2,routine,services
TX000324,2025-01-26 01:08:56,CUST0077,4.18,4181.39,4177.21,0,0.0,0,397.14,1,1,64,0.0823538727055917,1,0,0,1,online purchase,Electronics,mobile,1,card,Monthly iCloud storage plan upgrade for family photo backups.,Apple Store,Subscription payment.,0,1,routine,other
TX000325,2025-01-27 10:16:02,CUST0017,95.49,4340.55,4245.06,0,0.0,0,378.43,10,0,356,0.2007693899522658,1,0,0,1,online purchase,Food,desktop,1,card,Weekly meal kit delivery service with fresh ingredients and recipes.,Blue Apron,,0,1,routine,services
TX000326,2025-01-27 17:12:19,CUST0189,149.42,3557.73,3408.31,0,0.0,0,2321.21,17,0,96,0.0577873983873713,2,0,0,0,online purchase,Clothing,mobile,1,card,Purchase of professional attire for an upcoming business presentation.,ZARA,,0,1,routine,other
TX000327,2025-01-27 22:15:39,CUST0053,40.3,268.66,228.36,0,18.68,0,30.24,22,0,140,0.1082148969955817,2,0,0,0,online purchase,Travel,desktop,1,card,Car rental booking for a cross-country road trip excursion.,Expedia,,0,2,routine,services
TX000328,2025-01-27 00:56:43,CUST0150,1.02,254.9,253.88,0,0.0,0,5304.95,0,0,221,0.2619685553722352,1,0,0,0,online purchase,Entertainment,mobile,1,card,Family plan subscription for ad-free music and podcast streaming.,Spotify,,0,1,routine,services
TX000329,2025-01-27 16:05:59,CUST0111,1.14,63.58,62.44,0,0.0,0,583.08,16,0,96,0.0653897202417576,1,0,0,1,online purchase,Services,mobile,1,card,Prescription refill and various household essentials from the local pharmacy.,Walgreens,,0,1,routine,daily essentials
TX000330,2025-01-27 01:50:17,CUST0071,1089.51,1134.91,45.4,0,0.0,0,604.47,1,0,82,0.1544922225829945,1,1,0,1,transfer,Services,tablet,0,bank,EMERGENCY: Immediate total balance transfer to help relative in crisis.,Swift Transfer Services,Customer used frantic language when attempting to bypass security holds.,1,10,panic,crypto/finance
TX000331,2025-01-27 10:57:53,CUST0264,74.3,928.75,854.45,0,0.0,0,218.85,10,0,375,0.1614731058958141,1,0,0,1,online purchase,Entertainment,desktop,1,card,Concert tickets for a popular band's upcoming stadium tour.,Ticketmaster,,0,2,routine,other
TX000332,2025-01-27 11:16:07,CUST0033,128.36,4011.1,3882.74,0,0.0,0,359.97,11,0,366,0.1360641285530219,2,0,0,1,online purchase,Services,mobile,1,card,Lawn care supplies and new garden tools for spring maintenance.,The Home Depot,,0,1,routine,other
TX000333,2025-01-28 20:23:21,CUST0031,225.32,3218.79,2993.47,0,0.0,0,460.51,20,0,29,0.1285982026003014,2,0,0,0,online purchase,Clothing,tablet,1,card,Luxury skincare products and a new fragrance for a gift.,Nordstrom,,0,1,routine,other
TX000334,2025-01-28 13:22:46,CUST0168,156.52,3130.46,2973.94,0,0.0,0,412.43,13,0,42,0.2402333239590166,1,0,0,0,online purchase,Services,desktop,1,card,Replacement lighting fixtures for the kitchen and dining area.,Lowe's,,0,2,routine,other
TX000335,2025-01-28 18:27:56,CUST0227,48.63,2026.12,1977.49,0,0.0,0,714.47,18,0,29,0.069422558880521,2,0,0,1,online purchase,Services,mobile,1,card,Bulk purchase of premium dog food and new chew toys.,Petco,,0,2,routine,daily essentials
TX000336,2025-01-28 21:59:00,CUST0252,124.81,1134.67,1009.86,0,0.0,0,2205.98,21,0,91,0.2701377513176486,1,0,0,0,online purchase,Travel,desktop,1,card,Initial deposit for a cabin rental in the mountains next month.,Airbnb,,0,2,routine,services
TX000337,2025-01-28 19:24:03,CUST0112,2.59,517.92,515.33,0,0.0,0,4147.4,19,0,172,0.2332435223828453,2,0,0,1,online purchase,Gambling,mobile,1,e-wallet,Small deposit into fantasy sports account for the weekend games.,DraftKings,User-initiated entertainment spend.,0,3,routine,other
TX000338,2025-01-28 15:44:46,CUST0256,400.68,4217.72,3817.04,0,0.0,0,336.15,15,0,227,0.1951563366940096,1,0,0,1,online purchase,Electronics,desktop,1,card,Purchase of a new 4K monitor for a gaming setup.,Best Buy,,0,2,routine,other
TX000339,2025-01-28 10:04:12,CUST0190,18.08,1205.24,1187.16,0,0.0,0,494.23,10,0,248,0.1790823071928497,2,0,0,1,online purchase,Food,mobile,1,card,Weekly subscription payment for healthy meal ingredient delivery.,HelloFresh,,0,1,routine,services
TX000340,2025-01-28 09:16:22,CUST0012,113.01,4520.37,4407.36,0,213.0,0,137.16,9,0,152,0.2589455972151129,2,0,0,1,online purchase,Crypto,mobile,1,bank,Monthly recurring buy of Bitcoin for a long-term investment portfolio.,Coinbase,,0,2,routine,crypto/finance
TX000341,2025-01-28 14:25:56,CUST0006,162.97,3621.46,3458.49,0,0.0,0,6926.43,14,0,288,0.1718547546368919,2,0,0,0,transfer,Utilities,desktop,1,bank,Standard monthly electric bill for the household address on file.,PGE Energy,,0,1,routine,services
TX000342,2025-01-29 21:18:37,CUST0062,5.63,803.79,798.16,0,0.0,0,3405.31,21,0,141,0.1467355344217469,1,0,0,1,online purchase,Food,mobile,1,e-wallet,Late-night dinner order from a local Thai restaurant.,Grubhub,,0,2,routine,services
TX000343,2025-01-29 16:25:28,CUST0171,92.21,4610.42,4518.21,0,0.0,0,2920.42,16,0,121,0.0532557484630996,2,0,0,0,online purchase,Clothing,tablet,1,card,New clothing items for the kids including pajamas and socks.,Old Navy,,0,1,routine,other
TX000344,2025-01-29 18:15:15,CUST0181,24.78,3097.97,3073.19,0,180.3,0,102.14,18,0,157,0.0288536928527474,1,0,0,0,online purchase,Entertainment,mobile,1,card,Two tickets and popcorn for a Saturday evening movie screening.,AMC Theatres,,0,1,routine,other
TX000345,2025-01-29 11:16:48,CUST0232,181.97,1299.76,1117.79,0,0.0,0,240.56,11,0,346,0.2297099168724586,2,0,0,1,online purchase,Travel,desktop,1,card,Business trip accommodation for a three-day industry conference.,Hilton Hotels,,0,2,routine,services
TX000346,2025-01-29 17:00:27,CUST0261,50.57,1805.93,1755.36,0,0.0,0,7433.01,17,0,309,0.0672360237288377,1,0,0,1,online purchase,Food,mobile,1,card,Routine purchase of cleaning supplies and various pantry snacks.,Target,,0,1,routine,other
TX000347,2025-01-29 06:37:29,CUST0248,2.71,903.44,900.73,0,0.0,0,396.94,6,0,159,0.0392837214130572,2,0,0,1,online purchase,Entertainment,mobile,1,card,Monthly credit for an audiobook download on the mobile app.,Audible,,0,1,routine,services
TX000348,2025-01-29 22:51:04,CUST0265,59.66,3977.2,3917.54,0,0.0,0,982.85,22,0,40,0.0731838801931464,2,0,0,1,online purchase,Entertainment,mobile,1,e-wallet,Download of a classic RPG for the portable gaming console.,Nintendo eShop,,0,2,routine,other
TX000349,2025-01-29 13:41:29,CUST0219,111.63,1860.44,1748.81,0,0.0,0,7693.69,13,0,320,0.2967251112188257,2,0,0,1,online purchase,Clothing,desktop,1,card,New bedding set and pillows for the guest bedroom.,Macy's,,0,2,routine,other
TX000350,2025-01-29 14:45:40,CUST0161,29.69,659.87,630.18,0,0.0,0,215.75,14,0,30,0.2915183290471522,2,0,0,1,online purchase,Food,mobile,1,card,Weekly organic grocery shopping for the family household.,Whole Foods Market,Regular recurring merchant.,0,1,routine,daily essentials
TX000351,2025-01-29 02:32:18,CUST0073,7.06,3529.24,3522.18,0,0.0,0,608.38,2,0,351,0.957965239423994,2,0,0,1,online purchase,Entertainment,desktop,1,card,Monthly subscription renewal for premium streaming service.,Netflix,,0,1,routine,services
TX000352,2025-01-29 19:57:24,CUST0048,104.07,1269.2,1165.13,0,32.54,0,78.68,19,0,186,0.1143421835130449,2,0,0,0,online purchase,Clothing,mobile,1,card,Purchase of a new winter coat and several shirts.,ZARA,,0,1,routine,other
TX000353,2025-01-30 08:35:20,CUST0172,2.53,842.94,840.41,0,0.0,0,1472.59,8,0,61,0.1544331753545235,1,0,0,0,online purchase,Food,mobile,1,e-wallet,Morning coffee and pastry order at a local branch.,Starbucks Coffee,Daily routine transaction.,0,1,routine,daily essentials
TX000354,2025-01-30 11:49:40,CUST0227,889.87,1977.49,1087.62,0,48.63,0,41.36,11,0,31,0.069422558880521,2,0,0,1,online purchase,Travel,desktop,1,card,Round trip flight booking for a planned summer vacation.,Delta Airlines,Travel alert previously set by user.,0,2,routine,services
TX000355,2025-01-30 22:55:20,CUST0249,18.41,1534.07,1515.66,0,0.0,0,1582.92,22,0,65,0.1145227202231968,2,0,0,0,online purchase,Entertainment,desktop,1,e-wallet,Purchase of a new tactical shooter game during sale.,Steam Games,,0,2,routine,other
TX000356,2025-01-30 10:24:09,CUST0110,466.91,3890.9,3423.99,0,0.0,0,334.76,10,0,292,0.1594127196893995,1,0,0,1,transfer,Utilities,desktop,1,bank,Payment for monthly residential electricity and water usage.,City Power & Light,Standard bill payment.,0,1,routine,daily essentials
TX000357,2025-01-30 23:29:59,CUST0033,31.06,3882.74,3851.68,0,128.36,0,84.23,23,0,369,0.1360641285530219,2,0,0,1,online purchase,Travel,mobile,1,card,Late night ride home from a social gathering downtown.,Uber,,0,2,routine,services
TX000358,2025-01-30 15:20:33,CUST0207,76.92,3076.76,2999.84,0,0.0,0,283.39,15,0,109,0.0595196527757423,2,0,0,1,online purchase,Electronics,mobile,1,card,Purchase of a new protective case for a smartphone.,Apple Store,,0,1,routine,other
TX000359,2025-01-30 13:56:06,CUST0032,20.77,670.14,649.37,0,0.0,0,286.18,13,0,353,0.2122951936048218,1,0,0,0,online purchase,Services,mobile,1,card,Buying bulk dog food and a new chew toy.,PetSmart,,0,2,routine,daily essentials
TX000360,2025-01-30 03:44:23,CUST0085,2080.67,2261.6,180.93,0,0.0,0,2427.74,3,0,101,0.4050585656753955,1,1,0,1,online purchase,Electronics,desktop,0,card,URGENT EXPRESS SHIPMENT FOR TOP TIER GAMING RIG NOW!,Exclusive Electronics Hub,Large balance drain at unusual hour.,1,8,urgent,luxury goods
TX000361,2025-01-31 12:45:24,CUST0002,14.37,3592.15,3577.78,0,0.0,0,8940.76,12,0,372,0.0402817341083263,1,0,0,1,online purchase,Food,mobile,1,card,Quick lunch drive-thru order during a work break.,McDonald's,,0,1,routine,daily essentials
TX000362,2025-01-31 17:07:12,CUST0085,10.86,180.93,170.07,0,2080.67,0,37.38,17,0,102,0.4050585656753955,1,1,1,1,online purchase,Clothing,mobile,1,card,Buying professional running shoes for marathon training session.,Nike Online,,0,1,routine,other
TX000363,2025-01-31 09:32:13,CUST0139,20.23,404.55,384.32,0,0.0,0,582.59,9,0,324,0.2151138471037736,2,0,0,0,online purchase,Utilities,desktop,1,bank,Monthly family plan mobile phone bill auto-payment setup.,Verizon Wireless,Recurring billing.,0,1,routine,services
TX000364,2025-01-31 16:20:22,CUST0097,72.4,4826.67,4754.27,0,0.0,0,4288.34,16,0,178,0.0052683928841093,1,0,0,0,online purchase,Electronics,desktop,1,card,Replacement HDMI cables and a new wireless mouse.,Best Buy,,0,1,routine,other
TX000365,2025-01-31 20:04:32,CUST0169,19.71,2815.87,2796.16,0,0.0,0,453.37,20,0,298,0.0652420897338096,1,0,0,1,online purchase,Entertainment,mobile,1,card,Two tickets for a Saturday night movie screening.,AMC Theatres,,0,1,routine,other
TX000366,2025-01-31 14:41:45,CUST0035,3.3,22.02,18.72,0,0.0,0,687.22,14,0,111,0.411993964975517,1,1,1,1,online purchase,Travel,mobile,1,card,Deposit for a weekend stay in a nearby city.,Hilton Hotels,,0,2,routine,services
TX000367,2025-01-31 01:24:11,CUST0191,1.75,1752.03,1750.28,0,0.0,0,377.23,1,0,350,0.2356746215304183,1,0,0,1,online purchase,Entertainment,desktop,1,card,Monthly music streaming subscription for individual account.,Spotify,,0,1,routine,services
TX000368,2025-01-31 11:57:55,CUST0212,70.04,3183.85,3113.81,0,0.0,0,4691.97,11,0,195,0.2995135981009242,2,0,0,0,online purchase,Clothing,mobile,1,card,Set of casual basics and t-shirts for summer.,H&M,,0,1,routine,other
TX000369,2025-01-31 09:23:52,CUST0081,51.05,1458.63,1407.58,0,0.0,0,6945.4,9,0,289,0.2235876840982851,2,0,0,1,online purchase,Food,desktop,1,card,Weekly meal kit delivery subscription payment processed.,Blue Apron,,0,1,routine,services
TX000370,2025-01-31 10:56:01,CUST0032,32.47,649.37,616.9,1,20.77,0,21.0,10,0,354,0.2122951936048218,1,0,0,0,transfer,Crypto,mobile,1,bank,Small scheduled monthly purchase of digital assets.,Coinbase,User-initiated recurring investment.,0,2,routine,crypto/finance
TX000371,2025-01-31 12:36:33,CUST0052,61.15,873.62,812.47,0,1425.37,0,128.49,12,0,382,0.3823419432931173,2,1,1,1,transfer,Services,desktop,1,bank,Monthly premium for auto and home insurance coverage.,State Farm Insurance,,0,1,routine,services
TX000372,2025-01-31 18:29:42,CUST0184,10.78,1077.85,1067.07,0,0.0,0,1242.49,18,0,51,0.1992938771356943,1,0,0,1,online purchase,Gambling,mobile,1,card,Small deposit for fantasy football league entry fee.,DraftKings,,0,2,routine,other
TX000373,2025-01-31 10:23:19,CUST0018,151.64,3790.89,3639.25,0,0.0,0,3538.39,10,0,147,0.1644139530785626,1,0,0,0,withdrawal,Services,mobile,1,card,Cash withdrawal for weekend farmers market visit.,Local ATM,,0,2,routine,crypto/finance
TX000374,2025-01-31 01:20:12,CUST0018,3.64,3639.25,3635.61,1,151.64,1,-9.05,1,0,147,0.2972967436942751,1,1,0,0,online purchase,Crypto,desktop,0,card,Account validation micro-test charge for verification purposes only.,Global Crypto Exchange,Potential bot-driven probe.,1,5,routine,crypto/finance
TX000375,2025-01-31 14:54:37,CUST0161,34.66,630.18,595.52,0,29.69,0,48.15,14,0,32,0.2915183290471522,2,0,0,1,online purchase,Services,mobile,1,card,Purchasing gardening tools and new outdoor light fixtures.,Home Depot,,0,2,routine,daily essentials
TX000376,2025-01-31 13:19:29,CUST0159,13.12,4372.05,4358.93,0,0.0,0,8989.32,13,0,374,0.8065060183481829,2,0,0,0,online purchase,Food,mobile,1,e-wallet,Quick lunch sandwich and drink purchase.,Subway,,0,1,routine,daily essentials
TX000377,2025-01-31 20:40:26,CUST0017,203.76,4245.06,4041.3,0,95.49,0,106.41,20,0,360,0.2007693899522658,1,0,0,1,online purchase,Clothing,mobile,1,card,High-quality yoga leggings and athletic wear set.,Lululemon,,0,1,routine,other
TX000378,2025-01-31 16:56:08,CUST0114,145.29,518.9,373.61,0,0.0,0,338.14,16,0,136,0.0345872785453475,1,0,0,1,online purchase,Travel,desktop,1,card,Booking a mountain cabin for a long weekend.,Airbnb,,0,2,routine,services
TX000379,2025-01-31 07:14:08,CUST0111,0.37,62.44,62.07,0,1.14,0,87.14,7,0,100,0.0653897202417576,1,0,0,1,online purchase,Food,mobile,1,card,Morning donuts for the office team breakfast.,Dunkin Donuts,,0,1,routine,daily essentials
TX000380,2025-01-31 10:30:49,CUST0080,99.25,2481.15,2381.9,0,12.47,0,154.0,10,0,352,0.246864074681517,1,0,0,0,transfer,Utilities,desktop,1,bank,Monthly high-speed internet and cable package payment.,Comcast Xfinity,,0,1,routine,services
TX000381,2025-02-01 10:23:01,CUST0156,10.77,89.73,78.96,0,0.0,0,3058.38,10,1,127,0.2041750373915655,2,0,0,0,online purchase,Entertainment,desktop,1,card,Concert tickets for a touring pop artist next month.,Ticketmaster,Time-sensitive ticket release purchase.,0,2,routine,other
TX000382,2025-02-01 21:50:24,CUST0147,89.06,4947.91,4858.85,0,0.0,0,4053.84,21,1,168,0.2321756962718156,1,0,0,1,online purchase,Electronics,mobile,1,card,Ordering a replacement laptop charger and some batteries.,Amazon,,0,2,routine,other
TX000383,2025-02-01 18:55:41,CUST0112,10.31,515.33,505.02,0,2.59,0,95.53,18,1,176,0.2332435223828453,2,0,0,1,online purchase,Travel,mobile,1,card,Refueling the vehicle during a commute home.,Shell Gas Station,,0,1,routine,daily essentials
TX000384,2025-02-01 23:15:37,CUST0029,3118.84,4798.21,1679.37,0,0.0,0,312.61,23,1,97,0.4433177122465759,2,1,0,0,online purchase,Clothing,mobile,0,card,PLEASE SHIP LUXURY DESIGNER BAGS TO INTERNATIONAL PORT IMMEDIATELY!,Lux-Overseas-Store,Unusually high overseas transaction.,1,10,urgent,luxury goods
TX000385,2025-02-01 19:16:47,CUST0285,45.54,3036.12,2990.58,0,0.0,0,3091.28,19,1,128,0.1147247055552129,1,0,0,0,online purchase,Food,mobile,1,e-wallet,Dinner delivery for the family on a busy weekday.,DoorDash,,0,1,routine,services
TX000386,2025-02-01 14:02:37,CUST0204,96.55,4827.74,4731.19,0,0.0,0,193.73,14,1,147,0.0284093041313212,1,0,0,0,online purchase,Clothing,mobile,1,card,Stocking up on thermal innerwear for the winter season.,Uniqlo,,0,1,routine,other
TX000387,2025-02-01 12:25:36,CUST0212,685.04,3113.81,2428.77,0,70.04,0,24.46,12,1,196,0.2995135981009242,2,0,0,0,online purchase,Travel,tablet,1,card,Flight upgrade to business class for a long-haul trip.,British Airways,,0,3,routine,services
TX000388,2025-02-02 00:45:05,CUST0086,8.64,1728.61,1719.97,0,0.0,0,516.15,0,1,41,0.2315030375641645,1,0,0,0,online purchase,Entertainment,desktop,1,card,Automatic monthly renewal of family music plan subscription.,Spotify Premium,,0,1,routine,services
TX000389,2025-02-02 09:44:11,CUST0085,15.31,170.07,154.76,0,1045.77,0,40.62,9,1,104,0.4050585656753955,1,1,1,1,online purchase,Services,mobile,1,card,Buying lumber and screws for a backyard DIY deck project.,The Home Depot,,0,2,routine,other
TX000390,2025-02-02 05:39:11,CUST0058,37.19,4649.19,4612.0,0,0.0,0,3389.65,5,1,141,0.2590335147311037,1,0,0,1,transfer,Services,desktop,1,bank,Monthly gym membership fee for health and wellness routine.,Planet Fitness,,0,1,routine,services
TX000391,2025-02-02 17:20:44,CUST0130,16.24,1353.65,1337.41,0,0.0,0,238.41,17,1,350,0.9139602211780458,1,0,0,0,online purchase,Services,mobile,1,card,Pickup of prescription medication and some basic toiletries.,CVS Pharmacy,,0,1,routine,daily essentials
TX000392,2025-02-02 06:12:07,CUST0162,17.22,1147.99,1130.77,0,0.0,0,3822.2,6,1,159,0.0421068848849939,1,0,0,1,online purchase,Travel,mobile,1,card,Short ride to the airport for a business meeting.,Lyft,,0,2,routine,services
TX000393,2025-02-02 19:21:03,CUST0176,40.06,4005.94,3965.88,0,0.0,0,753.69,19,1,35,0.224876182348314,1,0,0,0,online purchase,Food,mobile,1,e-wallet,Weekend pizza order for a movie night at home.,Papa John's,,0,1,routine,daily essentials
TX000394,2025-02-02 21:53:19,CUST0034,0.84,167.15,166.31,0,0.0,0,491.1,21,1,152,0.1179749565353476,1,0,0,0,online purchase,Entertainment,tablet,1,card,Buying a digital indie game for a handheld console.,Nintendo eShop,,0,2,routine,other
TX000395,2025-02-02 15:36:01,CUST0223,71.41,2040.26,1968.85,0,0.0,0,9231.6,15,1,384,0.1734967461618344,1,0,0,1,online purchase,Clothing,mobile,1,card,Purchasing children's school clothes and basic jeans.,Old Navy,,0,1,routine,other
TX000396,2025-02-02 22:20:39,CUST0293,5.08,1692.45,1687.37,0,0.0,0,354.26,22,1,324,0.2330246253840381,1,0,0,1,online purchase,Entertainment,desktop,1,e-wallet,Downloadable content for a strategy game.,Steam,,0,2,routine,services
TX000397,2025-02-02 04:12:07,CUST0231,2396.39,2420.6,24.21,0,0.0,0,233.56,4,1,67,0.4222854140211227,1,1,0,1,transfer,Services,tablet,0,bank,EMERGENCY TOTAL BALANCE TRANSFER TO FRIEND IN TROUBLE NOW PLEASE!,Rapid Cash Liquidation,High-velocity account clearing attempt.,1,10,panic,crypto/finance
TX000398,2025-02-02 13:29:02,CUST0216,115.14,2878.6,2763.46,0,0.0,0,683.46,13,1,219,0.9566462966299872,1,1,1,0,online purchase,Electronics,desktop,1,card,Ordering a new SSD to upgrade internal laptop storage.,Newegg,,0,2,routine,other
TX000399,2025-02-02 02:18:32,CUST0018,654.41,3635.61,2981.2,0,77.64,0,48.97,2,1,149,0.2972967436942751,1,1,1,0,transfer,Services,desktop,1,bank,Automatic semi-annual premium payment for motorcycle insurance.,Geico Insurance,Scheduled recurring payment.,0,1,routine,crypto/finance
TX000400,2025-02-02 08:06:34,CUST0095,20.26,4051.96,4031.7,0,0.0,0,651.14,8,1,76,0.2601398764882172,2,0,0,1,online purchase,Food,mobile,1,card,Morning latte and breakfast sandwich purchase at the downtown branch.,Starbucks Coffee,,0,1,routine,daily essentials
TX000401,2025-02-02 00:15:40,CUST0177,54.09,4507.65,4453.56,0,0.0,0,341.36,0,1,357,0.2668435738241782,2,0,0,1,online purchase,Entertainment,desktop,1,card,Monthly subscription renewal for premium streaming service plan.,Netflix,Recurring monthly billing.,0,1,routine,services
TX000402,2025-02-02 14:36:46,CUST0179,76.41,1698.05,1621.64,0,0.0,0,602.29,14,1,223,0.2465295822519579,2,0,0,0,online purchase,Electronics,desktop,1,card,Purchase of a new wireless mouse and mechanical keyboard.,Amazon,,0,1,routine,other
TX000403,2025-02-02 03:50:54,CUST0169,2488.58,2796.16,307.58,0,19.71,0,31.77,3,1,300,0.1782905076805715,1,1,0,1,online purchase,Electronics,desktop,0,card,URGENT: High-end professional workstation laptop with expedited international shipping.,Luxury Tech Emporium,Customer appears confused about previous login locations in chat.,1,8,urgent,luxury goods
TX000404,2025-02-02 17:32:24,CUST0287,347.84,4241.95,3894.11,0,0.0,0,670.71,17,1,314,0.0434267701695467,2,0,0,1,online purchase,Food,mobile,1,card,Weekly grocery shopping including organic produce and household items.,Whole Foods Market,,0,1,routine,daily essentials
TX000405,2025-02-02 19:13:10,CUST0148,480.33,4002.76,3522.43,0,0.0,0,3955.22,19,1,164,0.2627209946583683,1,0,0,1,online purchase,Clothing,mobile,1,card,Buying a new winter coat and two pairs of trousers.,ZARA,,0,1,routine,other
TX000406,2025-02-02 10:20:14,CUST0133,308.14,4740.6,4432.46,0,0.0,0,175.67,10,1,233,0.1108084554640649,1,1,1,0,transfer,Utilities,desktop,1,bank,Standard monthly electricity bill payment for residential property.,City Power & Light,Automated bill pay.,0,1,routine,daily essentials
TX000407,2025-02-02 13:06:39,CUST0082,936.6,2676.01,1739.41,0,0.0,0,8053.11,13,1,335,0.1404865220124373,1,0,0,0,online purchase,Travel,desktop,1,card,Round-trip flight booking for upcoming summer vacation trip.,Delta Airlines,,0,2,routine,services
TX000408,2025-02-02 21:07:36,CUST0266,3.15,209.78,206.63,0,0.0,0,1629.13,21,1,67,0.2349139933106467,1,0,0,0,online purchase,Entertainment,desktop,1,e-wallet,Purchasing a new indie adventure game during the seasonal sale.,Steam Games,,0,2,routine,other
TX000409,2025-02-02 23:23:06,CUST0030,71.66,3257.13,3185.47,0,0.0,0,327.02,23,1,277,0.0755913660052042,2,0,0,1,online purchase,Travel,mobile,1,card,Ride-share trip from the airport to the home address.,Uber,,0,2,routine,services
TX000410,2025-02-02 04:39:17,CUST0237,4.32,2160.54,2156.22,0,0.0,0,224.82,4,1,69,0.45066717070898,2,1,0,1,online purchase,Crypto,tablet,0,e-wallet,Suspiciously small test transaction to verify account access.,Global Crypto Exchange,Login follows several failed attempts from different IP addresses.,1,7,routine,crypto/finance
TX000411,2025-02-03 15:23:22,CUST0201,26.44,1057.57,1031.13,0,0.0,0,5847.39,15,0,243,0.2078227255199341,2,0,0,1,online purchase,Clothing,mobile,1,card,Buying basic t-shirts and socks for daily wear.,H&M,,0,1,routine,other
TX000412,2025-02-03 19:00:47,CUST0296,115.06,3711.74,3596.68,0,0.0,0,729.33,19,0,111,0.3978259922675418,2,1,1,1,online purchase,Food,mobile,1,e-wallet,Friday night dinner delivery from a local Italian restaurant.,DoorDash,,0,1,routine,services
TX000413,2025-02-03 09:49:18,CUST0031,149.67,2993.47,2843.8,0,225.32,0,133.43,9,0,35,0.1285982026003014,2,0,0,0,online purchase,Utilities,desktop,1,bank,Monthly mobile phone plan and data package payment.,Verizon Wireless,,0,1,routine,services
TX000414,2025-02-03 12:04:44,CUST0170,89.98,4998.83,4908.85,0,0.0,0,5436.08,12,0,226,0.2029300472234796,2,0,0,1,online purchase,Electronics,mobile,1,card,In-store purchase of a replacement HDMI cable and batteries.,Best Buy,,0,1,routine,other
TX000415,2025-02-03 02:20:38,CUST0004,1.95,243.94,241.99,0,0.0,0,253.2,2,0,339,0.2415296014007472,2,0,0,1,online purchase,Entertainment,mobile,1,card,Family plan subscription for music streaming services.,Spotify,Recurring billing.,0,1,routine,services
TX000416,2025-02-03 11:43:44,CUST0089,50.94,4631.16,4580.22,0,0.0,0,543.87,11,0,372,0.8549033066437608,1,0,0,0,online purchase,Food,mobile,1,card,Quick purchase of coffee beans for home brewing.,Blue Bottle Coffee,,0,1,routine,daily essentials
TX000417,2025-02-03 20:15:50,CUST0216,607.96,2763.46,2155.5,0,115.14,0,30.78,20,0,220,0.9566462966299872,1,1,1,0,online purchase,Travel,desktop,1,card,Booking a weekend stay at a mountain cabin.,Airbnb,,0,2,routine,services
TX000418,2025-02-04 14:04:50,CUST0235,94.21,1256.15,1161.94,0,0.0,0,218.53,14,0,261,0.1846148198564568,1,0,0,0,online purchase,Services,desktop,1,card,Buying paint and brushes for a home renovation project.,Home Depot,,0,2,routine,daily essentials
TX000419,2025-02-04 07:32:00,CUST0001,61.51,1537.82,1476.31,0,0.0,0,4111.53,7,0,171,0.0027081452551353,2,0,0,0,online purchase,Travel,mobile,1,card,Filling up the car fuel tank for the week.,Local Shell Station,,0,1,routine,daily essentials
TX000420,2025-02-04 02:51:13,CUST0285,1943.88,2990.58,1046.7,0,45.54,0,55.57,2,0,131,0.2376696466662555,1,1,0,0,online purchase,Clothing,desktop,0,card,High-value designer handbag purchase from an overseas luxury merchant.,Parisian Elite Boutique,Transaction originated from a VPN-masked IP address.,1,6,routine,luxury goods
TX000421,2025-02-04 18:18:16,CUST0142,346.99,3855.4,3508.41,0,0.0,0,1626.3,18,0,67,0.2366493718950961,1,0,0,1,online purchase,Clothing,mobile,1,card,Purchasing a pair of running shoes and gym gear.,Nike Online Store,,0,1,routine,other
TX000422,2025-02-04 10:16:21,CUST0222,353.93,3217.59,2863.66,0,0.0,0,6082.27,10,0,253,0.2825293444795598,2,0,0,1,online purchase,Entertainment,desktop,1,card,Buying two tickets for a concert next month.,Ticketmaster,,0,2,routine,other
TX000423,2025-02-04 11:00:35,CUST0145,824.63,2170.07,1345.44,0,0.0,0,286.76,11,0,295,0.2211515598007557,2,0,0,1,transfer,Services,desktop,1,bank,Six-month premium payment for automotive insurance coverage.,Geico Insurance,,0,1,routine,crypto/finance
TX000424,2025-02-04 13:52:18,CUST0208,13.23,1469.56,1456.33,0,0.0,0,244.05,13,0,270,1.0,1,1,1,0,online purchase,Food,mobile,1,card,Lunch order for a burrito bowl and chips.,Chipotle,,0,1,routine,daily essentials
TX000425,2025-02-04 22:26:06,CUST0060,4.06,116.12,112.06,0,0.0,0,1534.43,22,0,63,0.2483551709265748,2,0,0,1,online purchase,Entertainment,desktop,1,card,Buying a new strategy game and DLC pack.,Steam,,0,2,routine,services
TX000426,2025-02-04 16:37:11,CUST0084,125.6,2990.48,2864.88,0,0.0,0,293.5,16,0,156,0.0937357922924795,1,0,0,1,transfer,Utilities,desktop,1,bank,Quarterly water and sewage utility bill payment.,Water District,,0,1,routine,services
TX000427,2025-02-04 15:18:21,CUST0249,83.36,1515.66,1432.3,0,18.41,0,112.38,15,0,70,0.1145227202231968,2,0,0,0,online purchase,Clothing,mobile,1,card,Purchasing children's clothes and some basic kitchenware.,Target,,0,1,routine,other
TX000428,2025-02-05 12:12:44,CUST0251,24.67,4111.3,4086.63,0,0.0,0,284.91,12,0,51,0.2320175064143674,1,0,0,1,online purchase,Food,mobile,1,card,Quick sandwich purchase for a midday lunch break.,Subway,,0,1,routine,daily essentials
TX000429,2025-02-05 11:48:56,CUST0046,80.82,2886.57,2805.75,0,0.0,0,284.9,11,0,38,0.1837730892861691,2,0,0,1,online purchase,Services,mobile,1,card,Prescription refill and purchase of some personal care items.,CVS Pharmacy,,0,1,routine,daily essentials
TX000430,2025-02-05 01:06:40,CUST0164,1310.66,1424.63,113.97,0,0.0,0,2737.11,1,0,114,0.3690693065278028,1,1,0,0,transfer,Services,mobile,0,bank,URGENT: Family emergency transfer to a newly added recipient account.,QuickPay Mule Services,Caller sounds distressed and is being coached through the process.,1,10,urgent,crypto/finance
TX000431,2025-02-05 05:53:49,CUST0273,3.51,502.09,498.58,0,0.0,0,355.56,5,0,40,0.2641912541683239,2,1,1,0,online purchase,Electronics,mobile,1,card,iCloud storage monthly subscription fee for 2TB plan.,Apple,Automatic billing.,0,1,routine,other
TX000432,2025-02-05 14:40:31,CUST0088,417.96,2786.39,2368.43,0,0.0,0,691.88,14,0,48,0.2840633953278509,1,0,0,1,online purchase,Travel,desktop,1,card,Booking a hotel room for a business trip next week.,Expedia,,0,2,routine,services
TX000433,2025-02-05 08:10:48,CUST0075,10.31,687.32,677.01,0,0.0,0,285.89,8,0,294,0.2179713657704712,1,1,1,1,online purchase,Food,mobile,1,card,Coffee and donuts for the office team meeting.,Dunkin',,0,1,routine,daily essentials
TX000434,2025-02-05 19:50:10,CUST0276,111.19,3706.29,3595.1,0,0.0,0,611.4,19,0,47,0.2522418631995818,2,0,0,0,online purchase,Entertainment,mobile,1,card,Movie tickets and snacks for a Saturday night outing.,AMC Theatres,,0,1,routine,other
TX000435,2025-02-05 10:45:52,CUST0087,29.47,310.2,280.73,0,0.0,0,391.31,10,0,222,0.3658759447175774,1,1,1,1,online purchase,Utilities,desktop,1,bank,Monthly payment for home internet and cable TV bundle.,Comcast Xfinity,,0,1,routine,services
TX000436,2025-02-05 16:47:26,CUST0134,152.83,2547.24,2394.41,0,0.0,0,9184.79,16,0,382,0.2984198829466785,1,0,0,0,online purchase,Clothing,mobile,1,card,New jeans and a sweater for the fall season.,Gap,,0,1,routine,other
TX000437,2025-02-05 12:24:41,CUST0033,77.03,3851.68,3774.65,0,31.06,0,132.91,12,0,375,0.1360641285530219,2,0,0,1,online purchase,Food,mobile,1,card,Lunch meeting with a colleague at a local cafe.,Panera Bread,,0,1,routine,daily essentials
TX000438,2025-02-05 11:03:35,CUST0119,47.05,3921.16,3874.11,0,0.0,0,694.84,11,0,63,0.1907642478260222,2,0,0,1,online purchase,Services,desktop,1,card,Shipping a package to a relative across the country.,FedEx,,0,2,routine,services
TX000439,2025-02-05 14:08:03,CUST0038,288.93,4127.5,3838.57,0,0.0,0,281.88,14,0,179,0.1971142300718864,2,0,0,1,online purchase,Electronics,desktop,1,card,Software license renewal for professional productivity tools.,Microsoft Store,,0,2,routine,services
TX000440,2025-02-05 13:31:20,CUST0139,172.94,384.32,211.38,0,20.23,0,123.99,13,0,329,0.2151138471037736,2,0,0,0,online purchase,Travel,desktop,1,card,Payment for a three-night stay during a family wedding.,Marriott,,0,2,routine,services
TX000441,2025-02-05 22:29:55,CUST0221,11.89,2971.83,2959.94,0,0.0,0,450.83,22,0,68,0.2423099277033597,2,0,0,0,online purchase,Food,mobile,1,card,Quick late-night snack purchase after a long shift.,McDonald's,,0,1,routine,daily essentials
TX000442,2025-02-05 20:03:21,CUST0137,91.71,2037.89,1946.18,0,0.0,0,411.66,20,0,225,0.0919652735661293,1,0,0,0,online purchase,Entertainment,desktop,1,card,Renewing annual membership for online gaming services.,PlayStation Network,,0,1,routine,services
TX000443,2025-02-05 09:39:59,CUST0254,57.56,2302.21,2244.65,0,0.0,0,530.29,9,0,276,0.2363816900703764,2,0,0,1,transfer,Utilities,desktop,1,bank,Standard monthly trash collection service bill payment.,Waste Management,,0,1,routine,services
TX000444,2025-02-05 11:24:52,CUST0137,155.69,1946.18,1790.49,1,91.71,0,-8.64,11,0,225,0.0919652735661293,1,0,0,0,online purchase,Clothing,mobile,1,card,Buying two pairs of jeans during a clearance sale.,Levi's Store,,0,1,routine,other
TX000445,2025-02-06 06:52:12,CUST0247,7.33,2442.96,2435.63,0,0.0,0,733.62,6,0,373,0.0502764735272282,1,0,0,1,online purchase,Food,mobile,1,card,Purchasing a beverage and snacks while on the road.,7-Eleven,,0,1,routine,daily essentials
TX000446,2025-02-06 15:13:53,CUST0054,457.71,3814.29,3356.58,0,0.0,0,5151.23,15,0,214,0.2990783699921168,1,0,0,1,online purchase,Services,desktop,1,card,Payment for home computer repair and diagnostic service.,Geek Squad,,0,2,routine,services
TX000447,2025-02-06 16:11:47,CUST0173,19.84,305.25,285.41,0,0.0,0,747.2,16,0,42,0.2515503609277085,2,0,0,1,online purchase,Electronics,desktop,1,card,Purchasing an external hard drive for data backup.,Newegg,,0,2,routine,other
TX000448,2025-02-06 21:24:27,CUST0204,851.61,4731.19,3879.58,0,96.55,0,127.36,21,0,152,0.0284093041313212,1,0,0,0,online purchase,Travel,desktop,1,card,Booking a one-way flight for a holiday visit.,Southwest Airlines,,0,3,routine,services
TX000449,2025-02-06 18:37:22,CUST0199,26.13,2177.7,2151.57,0,0.0,0,5106.62,18,0,212,0.2720500623191298,1,0,0,1,online purchase,Food,mobile,1,card,Drive-thru dinner purchase for a quick family meal.,Taco Bell,,0,1,routine,daily essentials
TX000450,2025-02-06 14:37:28,CUST0045,104.56,2323.61,2219.05,0,0.0,0,1142.62,14,0,47,0.0431854536154177,1,0,0,1,online purchase,Food,mobile,1,card,Weekly grocery run for family essentials and fresh organic produce.,Starlight Grocery Market,Regular weekly transaction.,0,1,routine,daily essentials
TX000451,2025-02-06 09:56:57,CUST0096,200.96,2450.76,2249.8,0,0.0,0,2889.95,9,0,120,0.1612771421059085,1,0,0,1,transfer,Utilities,desktop,1,bank,Automatic monthly payment for residential electricity and water usage.,City Power and Light,,0,1,routine,services
TX000452,2025-02-06 19:39:43,CUST0137,214.86,1790.49,1575.63,1,123.7,0,32.25,19,0,226,0.0919652735661293,1,0,0,0,online purchase,Clothing,mobile,1,e-wallet,Purchase of seasonal winter coat and accessories during sale.,Urban Outfitters Outlet,,0,1,routine,other
TX000453,2025-02-06 00:41:12,CUST0163,4.57,914.84,910.27,0,0.0,0,8520.69,0,0,355,0.2695091823757683,2,0,0,1,online purchase,Entertainment,tablet,1,card,Recurring monthly subscription fee for digital video streaming service.,StreamBox Premium,Recurring billing.,0,1,routine,services
TX000454,2025-02-06 11:38:05,CUST0004,18.15,241.99,223.84,0,1.95,0,81.29,11,0,342,0.2415296014007472,2,0,0,1,transfer,Services,desktop,1,bank,One-time payment for home computer repair and software updates.,TechSolve IT Services,,0,2,routine,services
TX000455,2025-02-06 16:35:43,CUST0003,1240.36,3543.88,2303.52,0,0.0,0,554.26,16,0,230,0.1654104345528008,2,0,0,1,online purchase,Travel,desktop,1,card,Flight booking for upcoming summer vacation to the Mediterranean.,Global Jet Airlines,High value travel booking.,0,2,routine,services
TX000456,2025-02-06 03:15:07,CUST0211,481.33,523.18,41.85,0,0.0,0,6219.25,3,0,259,0.4133509592665563,1,1,0,1,online purchase,Electronics,desktop,0,card,URGENT! Need this high-end workstation immediately for business startup.,Elite Gaming Tech,Customer extremely pushy about shipping speed.,1,8,urgent,luxury goods
TX000457,2025-02-07 08:26:17,CUST0192,4.79,2396.68,2391.89,0,0.0,0,396.98,8,0,40,0.2062216193923824,1,0,0,0,online purchase,Food,mobile,1,card,Daily morning espresso and pastry purchase at local shop.,Central Coffee House,,0,1,routine,daily essentials
TX000458,2025-02-07 17:37:44,CUST0269,67.69,1353.78,1286.09,0,0.0,0,5801.63,17,0,241,0.1542332136949342,1,0,0,0,withdrawal,Services,mobile,1,bank,Routine cash withdrawal for weekend spending and pocket money.,Main Street ATM,,0,2,routine,crypto/finance
TX000459,2025-02-07 18:37:54,CUST0222,85.91,2863.66,2777.75,0,353.93,0,80.36,18,0,256,0.2825293444795598,2,0,0,1,online purchase,Utilities,mobile,1,card,Refilling gas tank and purchasing car wash for sedan.,QuickStop Fuel,,0,1,routine,daily essentials
TX000460,2025-02-07 20:17:51,CUST0014,26.71,267.13,240.42,0,0.0,0,705.53,20,0,302,0.135526490229907,2,0,0,0,transfer,Crypto,mobile,1,bank,Monthly planned investment into a diversified cryptocurrency portfolio.,CoinBase Pro,Regular investment transfer.,0,2,routine,crypto/finance
TX000461,2025-02-07 13:48:29,CUST0224,195.8,3263.4,3067.6,0,0.0,0,671.37,13,0,378,0.0091253418905635,2,0,0,1,online purchase,Clothing,mobile,1,card,Purchased a dress for a friend's wedding next month.,Boutique Threads,,0,1,routine,luxury goods
TX000462,2025-02-07 15:11:29,CUST0114,56.04,373.61,317.57,0,145.29,0,166.26,15,0,143,0.0345872785453475,1,0,0,1,online purchase,Electronics,mobile,1,e-wallet,Replacement wireless headphones after the old pair broke.,Giga-Byte Electronics,,0,2,routine,other
TX000463,2025-02-07 21:42:27,CUST0235,23.24,1161.94,1138.7,0,94.21,0,79.63,21,0,264,0.1846148198564568,1,0,0,0,online purchase,Gambling,desktop,1,card,Small recreational deposit for Friday night online poker games.,Mega-Casino Online,,0,3,routine,other
TX000464,2025-02-07 10:45:48,CUST0229,279.98,3110.85,2830.87,0,0.0,0,4858.76,10,0,202,0.8137109535926391,2,0,0,0,online purchase,Services,mobile,1,card,Payment for annual pet vaccinations and a general checkup.,PetCare Vet Clinic,,0,1,routine,services
TX000465,2025-02-08 12:32:44,CUST0143,147.61,670.95,523.34,0,0.0,0,8436.55,12,1,351,0.2705974217319591,2,0,0,0,online purchase,Travel,desktop,1,card,Hotel reservation for a business trip to the capital.,Grand View Hotels,,0,2,routine,services
TX000466,2025-02-08 13:17:12,CUST0012,66.11,4407.36,4341.25,0,0.0,0,268.01,13,1,163,0.2589455972151129,2,0,0,1,online purchase,Food,mobile,1,card,Lunch meeting with a colleague at a local bistro.,Fresh Harvest Cafe,,0,1,routine,daily essentials
TX000467,2025-02-08 02:33:29,CUST0250,9.4,3134.06,3124.66,0,0.0,0,349.21,2,1,355,0.2954011630419395,1,1,0,0,online purchase,Crypto,desktop,0,e-wallet,Verification test of login credentials with a minute account check.,CryptoExchange X,Suspiciously small amount from unknown device.,1,6,routine,crypto/finance
TX000468,2025-02-08 07:45:32,CUST0215,113.93,2848.15,2734.22,0,0.0,0,2119.76,7,1,88,0.93264492878,1,0,0,0,transfer,Entertainment,desktop,1,bank,Monthly membership fee for the downtown fitness center.,FitLife Gym,Recurring.,0,1,routine,services
TX000469,2025-02-08 19:44:20,CUST0127,94.54,1454.4,1359.86,0,0.0,0,585.36,19,1,133,0.0784739633368959,2,0,0,1,online purchase,Electronics,desktop,1,card,Order for a new ergonomic keyboard and mouse set.,Amazon Marketplace,,0,1,routine,other
TX000470,2025-02-08 18:36:20,CUST0070,82.25,1495.54,1413.29,0,0.0,0,812.92,18,1,170,0.9214855655814652,1,0,0,0,online purchase,Food,mobile,1,card,Purchase of several bottles of wine for a dinner party.,The Wine Cellar,,0,2,routine,luxury goods
TX000471,2025-02-08 22:16:36,CUST0097,118.86,4754.27,4635.41,0,0.0,0,197.94,22,1,186,0.0052683928841093,1,0,0,0,online purchase,Entertainment,desktop,1,card,Buying a new role-playing game during the winter sale.,Steam Games,,0,2,routine,other
TX000472,2025-02-08 11:53:40,CUST0218,22.95,327.83,304.88,0,0.0,0,672.81,11,1,254,0.2391132747165187,2,1,1,1,online purchase,Utilities,mobile,1,card,Payment for mobile phone plan and data overage fees.,Verizon Wireless,,0,1,routine,services
TX000473,2025-02-08 12:38:28,CUST0128,59.66,4971.4,4911.74,0,0.0,0,5268.64,12,1,219,0.7237620957090393,2,0,0,0,online purchase,Entertainment,mobile,1,card,Gift purchase for a friend's birthday at a local shop.,Local Book Store,,0,1,routine,other
TX000474,2025-02-08 14:22:24,CUST0220,688.52,3825.1,3136.58,0,0.0,0,6398.37,14,1,266,0.0035001238276776,2,0,0,1,online purchase,Travel,mobile,1,card,Car rental for a weekend trip to the mountains.,Swift Rent-a-Car,,0,2,routine,services
TX000475,2025-02-08 20:58:06,CUST0089,160.31,4580.22,4419.91,0,50.94,0,129.24,20,1,377,0.8549033066437608,1,0,0,0,online purchase,Clothing,tablet,1,card,Standard purchase of basic shirts and socks for work.,H&M Global,,0,1,routine,daily essentials
TX000476,2025-02-08 18:38:05,CUST0105,43.68,2426.7,2383.02,0,0.0,0,888.85,18,1,162,0.2083543684981106,2,0,0,1,online purchase,Entertainment,mobile,1,card,Two movie tickets and popcorn for a Saturday evening.,Blue Ribbon Cinema,,0,1,routine,other
TX000477,2025-02-08 23:16:05,CUST0130,29.42,1337.41,1307.99,0,16.24,1,149.92,23,1,356,0.9139602211780458,1,0,0,0,online purchase,Food,mobile,1,e-wallet,Late night dinner delivery during a study session.,Uber Eats,,0,1,routine,services
TX000478,2025-02-08 10:23:07,CUST0149,242.35,3029.43,2787.08,0,0.0,0,407.53,10,1,62,0.0942684561955888,2,0,0,1,online purchase,Services,mobile,1,card,Buying gardening supplies and potting soil for the backyard.,Home Depot,,0,1,routine,daily essentials
TX000479,2025-02-08 15:48:35,CUST0147,233.22,4858.85,4625.63,0,89.06,0,161.97,15,1,175,0.2321756962718156,1,0,0,1,online purchase,Electronics,mobile,1,card,Buying a new charger and protective case for iPhone.,Apple Store,,0,1,routine,other
TX000480,2025-02-08 00:39:42,CUST0290,9.26,1322.64,1313.38,0,0.0,0,539.53,0,1,261,0.1676778419924493,1,0,0,1,online purchase,Entertainment,mobile,1,card,Monthly family plan subscription for music streaming services.,Spotify,,0,1,routine,services
TX000481,2025-02-08 11:49:08,CUST0143,5.23,523.34,518.11,1,147.61,0,-0.73,11,1,351,0.2705974217319591,2,0,0,0,online purchase,Gambling,mobile,1,e-wallet,Weekly fantasy football entry fee for Sunday games.,DraftKings,,0,2,routine,other
TX000482,2025-02-09 04:37:31,CUST0057,927.8,1253.78,325.98,0,0.0,0,620.44,4,1,346,0.3599490349227463,1,1,0,1,online purchase,Clothing,desktop,0,card,What is this? I never ordered luxury items from France.,Lux-Paris Boutique,Customer reports unrecognized international transaction.,1,10,panic,luxury goods
TX000483,2025-02-09 09:46:16,CUST0253,344.13,2867.78,2523.65,0,0.0,0,909.38,9,1,277,0.1460481267813674,1,0,0,1,transfer,Services,desktop,1,bank,Monthly auto insurance premium for two family vehicles.,State Farm Insurance,,0,1,routine,services
TX000484,2025-02-09 17:41:01,CUST0024,72.51,1208.5,1135.99,0,0.0,0,9665.68,17,1,402,0.0644042898924655,1,0,0,1,online purchase,Food,mobile,1,card,Purchasing groceries and household cleaning supplies for the week.,Whole Foods,,0,1,routine,daily essentials
TX000485,2025-02-09 21:49:42,CUST0098,308.84,1102.99,794.15,0,0.0,0,572.52,21,1,393,0.1429412325508015,1,0,0,0,online purchase,Travel,mobile,1,card,Deposit for a cabin rental during the autumn foliage.,Airbnb,,0,2,routine,services
TX000486,2025-02-09 16:48:50,CUST0096,157.49,2249.8,2092.31,0,200.96,0,78.86,16,1,123,0.1612771421059085,1,0,0,1,online purchase,Clothing,mobile,1,card,New running shoes for marathon training program next year.,Nike Online,,0,1,routine,other
TX000487,2025-02-09 08:32:19,CUST0229,113.23,2830.87,2717.64,0,279.98,0,45.78,8,1,204,0.8137109535926391,2,0,0,0,transfer,Utilities,desktop,1,bank,Monthly bill for high-speed fiber internet at home.,AT&T Internet,,0,1,routine,services
TX000488,2025-02-09 14:35:57,CUST0139,3.17,211.38,208.21,0,172.94,0,97.08,14,1,333,0.2151138471037736,2,0,0,0,online purchase,Services,desktop,1,card,Enrolling in a professional development course for Python programming.,Udemy Online,,0,2,routine,other
TX000489,2025-02-09 12:59:23,CUST0217,227.13,4542.69,4315.56,0,0.0,0,721.81,12,1,69,0.9838834512611874,1,0,0,1,online purchase,Travel,mobile,1,card,Flight upgrade to comfort plus for a long-haul trip.,Delta Air Lines,,0,2,routine,services
TX000490,2025-02-09 10:13:45,CUST0296,71.93,3596.68,3524.75,0,115.06,0,135.22,10,1,117,0.3978259922675418,2,1,1,1,transfer,Services,mobile,1,bank,Splitting dinner costs with my brother from last night.,Zelle Transfer,,0,2,routine,crypto/finance
TX000491,2025-02-09 13:02:32,CUST0022,124.33,1130.31,1005.98,0,0.0,0,5053.04,13,1,210,0.2126393775894897,1,0,0,1,online purchase,Electronics,mobile,1,card,Buying a new kitchen toaster and a microwave oven.,Best Buy,,0,2,routine,other
TX000492,2025-02-09 17:52:19,CUST0046,98.2,2805.75,2707.55,0,80.82,0,102.06,17,1,42,0.1837730892861691,2,0,0,1,online purchase,Utilities,mobile,1,card,Refilling gas tank on the way home from work.,Shell Gas Station,,0,1,routine,daily essentials
TX000493,2025-02-09 07:23:59,CUST0147,55.51,4625.63,4570.12,1,233.22,0,15.59,7,1,176,0.2321756962718156,1,0,0,1,online purchase,Food,mobile,1,e-wallet,Reloading the mobile app balance for future coffee purchases.,Starbucks,,0,1,routine,daily essentials
TX000494,2025-02-09 23:13:36,CUST0151,518.15,523.38,5.23,0,0.0,0,594.75,23,1,271,0.4084357580053124,2,2,1,1,transfer,Services,mobile,0,bank,"TRANSFER EVERYTHING! Emergency family crisis, funds needed in seconds please.",External Peer-to-Peer,Requesting full balance drain to unknown recipient.,1,10,panic,crypto/finance
TX000495,2025-02-09 10:57:13,CUST0032,55.52,616.9,561.38,0,0.0,0,216.02,10,1,363,0.2122951936048218,1,0,0,0,online purchase,Entertainment,desktop,1,card,Purchasing tickets for a rock concert happening next summer.,Ticketmaster,,0,2,routine,other
TX000496,2025-02-09 22:53:03,CUST0099,4.1,81.96,77.86,0,0.0,0,351.39,22,1,388,0.2823419375107649,2,1,1,1,online purchase,Crypto,mobile,1,card,Small purchase of Bitcoin to hold for long-term savings.,Binance,,0,2,routine,crypto/finance
TX000497,2025-02-09 15:03:17,CUST0259,40.65,1016.32,975.67,0,0.0,0,335.73,15,1,296,0.9654760279285493,1,0,0,1,online purchase,Clothing,mobile,1,card,Buying children's clothes for the start of the school year.,Old Navy,,0,1,routine,other
TX000498,2025-02-09 01:40:42,CUST0073,28.18,3522.18,3494.0,0,0.0,0,263.14,1,1,362,0.957965239423994,2,0,0,1,online purchase,Entertainment,tablet,1,card,Standard monthly subscription fee for streaming movies and shows.,Netflix,Automated charge.,0,1,routine,services
TX000499,2025-02-10 11:15:57,CUST0135,118.47,2154.02,2035.55,0,0.0,0,7091.27,11,0,295,0.2798981105788387,2,0,0,0,online purchase,Food,mobile,1,card,"Household goods, toiletries, and some pantry staples for home.",Walmart,,0,1,routine,daily essentials
TX000500,2025-02-10 10:48:23,CUST0069,103.57,2465.85,2362.28,0,0.0,0,455.73,10,0,293,0.19835586561334,2,0,0,1,online purchase,Food,mobile,1,card,Weekly grocery shopping for organic vegetables and dairy products.,Organic Grocery Market,,0,1,routine,daily essentials
TX000501,2025-02-10 00:54:42,CUST0034,0.83,166.31,165.48,0,0.0,0,171.02,0,0,160,0.1179749565353476,1,0,0,0,online purchase,Entertainment,desktop,1,card,Automatic monthly subscription renewal for premium streaming video content.,StreamLine Services,,0,1,routine,services
TX000502,2025-02-10 14:34:37,CUST0208,123.79,1456.33,1332.54,0,13.23,0,144.71,14,0,276,1.0,1,1,1,0,online purchase,Clothing,mobile,1,card,Purchase of a new winter jacket and thermal gloves.,Urban Style Boutique,,0,1,routine,luxury goods
TX000503,2025-02-10 09:01:30,CUST0122,446.63,3721.91,3275.28,0,0.0,0,919.35,9,0,183,0.236210396538569,2,0,0,1,transfer,Utilities,desktop,1,bank,Payment for the monthly residential electricity and heating bill.,City Power and Light,,0,1,routine,services
TX000504,2025-02-10 08:54:44,CUST0090,1.42,710.34,708.92,0,0.0,0,2888.91,8,0,120,0.0705769536330207,1,0,0,1,online purchase,Food,mobile,1,card,Morning coffee and pastry purchase during the daily commute.,QuickStop Coffee,,0,1,routine,daily essentials
TX000505,2025-02-10 03:17:44,CUST0104,73.17,83.15,9.98,0,0.0,0,408.26,3,0,205,0.59080568402517,1,2,1,1,online purchase,Electronics,desktop,0,e-wallet,URGENT: Immediate purchase of high-end gaming laptop and peripherals.,Elite Tech Emporium,Customer claims they cannot access their primary account email.,1,8,urgent,luxury goods
TX000506,2025-02-10 19:18:56,CUST0038,1343.5,3838.57,2495.07,0,288.93,0,125.18,19,0,184,0.1971142300718864,2,0,0,1,online purchase,Travel,desktop,1,card,Round-trip ticket booking for a scheduled summer vacation trip.,Global Airways,,0,2,routine,services
TX000507,2025-02-10 21:50:39,CUST0241,51.31,3420.82,3369.51,0,0.0,0,535.23,21,0,206,0.192208575275786,2,0,0,1,online purchase,Entertainment,tablet,1,e-wallet,Digital purchase of a newly released adventure video game.,The Gaming Hub,,0,1,routine,other
TX000508,2025-02-11 07:25:22,CUST0288,13.16,657.81,644.65,0,0.0,0,795.2,7,0,291,0.3656939359519358,2,1,1,1,transfer,Travel,mobile,1,bank,Monthly reload of public transportation card for city commuting.,Metro Transit Authority,,0,1,routine,daily essentials
TX000509,2025-02-11 16:18:16,CUST0078,65.18,1086.3,1021.12,0,0.0,0,385.93,16,0,295,0.2061660365519345,1,0,0,1,online purchase,Clothing,tablet,1,card,Buying new bed linens and decorative pillows for bedroom.,Home Comforts Furnishings,,0,1,routine,other
TX000510,2025-02-11 11:28:08,CUST0081,5.63,1407.58,1401.95,0,0.0,0,266.07,11,0,300,0.2235876840982851,2,0,0,1,online purchase,Food,mobile,1,card,Freshly baked bread and assorted muffins for the weekend.,Daily Bread Bakery,,0,1,routine,daily essentials
TX000511,2025-02-11 13:36:43,CUST0057,8.15,325.98,317.83,0,927.8,0,56.99,13,0,348,0.3599490349227463,1,1,1,1,transfer,Utilities,desktop,1,bank,Monthly payment for high-speed fiber internet home connection.,FastNet Broadband,,0,1,routine,services
TX000512,2025-02-11 15:40:17,CUST0134,43.1,2394.41,2351.31,0,152.83,0,142.88,15,0,388,0.2984198829466785,1,0,0,0,online purchase,Services,mobile,1,card,Professional grooming and shampoo service for the family dog.,Pet Paradise,,0,1,routine,daily essentials
TX000513,2025-02-11 17:19:25,CUST0075,8.12,677.01,668.89,0,10.31,0,153.14,17,0,300,0.2179713657704712,1,1,1,1,online purchase,Electronics,mobile,1,card,Replacement USB-C charging cables and a portable power bank.,GigaGadget Shop,,0,1,routine,other
TX000514,2025-02-11 10:46:31,CUST0108,22.67,2267.34,2244.67,0,0.0,0,834.46,10,0,374,0.0604805895154762,2,0,0,0,withdrawal,Services,mobile,1,card,Co-payment for a routine annual physical examination visit.,Central Hospital,,0,1,routine,services
TX000515,2025-02-11 12:20:41,CUST0015,12.02,4005.7,3993.68,0,0.0,0,645.05,12,0,78,0.2859596708448945,1,0,0,1,online purchase,Food,mobile,1,card,Quick lunch purchase consisting of a sandwich and soda.,Corner Deli,,0,1,routine,daily essentials
TX000516,2025-02-11 11:48:10,CUST0272,213.22,1421.49,1208.27,0,0.0,0,6611.8,11,0,275,0.2887084179744588,1,0,0,1,online purchase,Travel,desktop,1,card,One-night hotel reservation for an upcoming business conference.,Luxe Stay Hotels,,0,2,routine,luxury goods
TX000517,2025-02-11 02:35:20,CUST0274,1.57,1044.37,1042.8,0,0.0,0,495.15,2,0,373,0.4116504615586187,2,1,0,0,online purchase,Services,mobile,0,card,Small validation test transaction for account verification purposes.,Micro-Donations International,High frequency of failed login attempts detected before transaction.,1,5,routine,other
TX000518,2025-02-11 20:40:30,CUST0057,2.54,317.83,315.29,1,467.98,0,7.06,20,0,348,0.3599490349227463,1,1,1,1,online purchase,Entertainment,mobile,1,card,Two tickets for a Saturday night movie screening.,Main Street Cinema,,0,1,routine,other
TX000519,2025-02-12 14:52:54,CUST0194,166.91,2384.48,2217.57,0,0.0,0,891.66,14,0,255,0.2374398743911713,1,0,0,1,online purchase,Travel,desktop,1,card,Car rental payment for a weekend trip to the mountains.,Budget Rent-a-Car,,0,2,routine,services
TX000520,2025-02-12 06:37:03,CUST0085,2.32,154.76,152.44,0,0.0,0,236.88,6,0,114,0.4050585656753955,1,1,1,1,transfer,Services,mobile,1,bank,Monthly membership fee for gym and swimming pool access.,Fit & Fast Gym,,0,1,routine,services
TX000521,2025-02-12 18:30:31,CUST0102,45.58,3797.94,3752.36,0,0.0,0,4074.51,18,0,169,0.2310381594162066,1,0,0,1,online purchase,Entertainment,tablet,1,card,Purchase of three hardcover books for personal summer reading.,The Book Nook,,0,1,routine,other
TX000522,2025-02-12 16:14:49,CUST0161,13.1,595.52,582.42,0,0.0,0,289.34,16,0,44,0.2915183290471522,2,0,0,1,online purchase,Utilities,mobile,1,card,Filling up the car fuel tank at the local station.,Neighborhood Gas,,0,1,routine,daily essentials
TX000523,2025-02-12 17:10:00,CUST0169,2.77,307.58,304.81,0,0.0,0,253.32,17,0,310,0.1782905076805715,1,1,1,1,online purchase,Services,mobile,1,card,Professional cleaning service for several business suits and shirts.,Clean & Clear Dry Cleaners,,0,1,routine,services
TX000524,2025-02-12 19:39:26,CUST0286,32.7,2973.13,2940.43,0,0.0,0,1771.66,19,0,73,0.0090316606017358,1,0,0,1,online purchase,Food,mobile,1,e-wallet,Dinner delivery for two from a local healthy restaurant.,Healthy Eats,,0,1,routine,daily essentials
TX000525,2025-02-12 21:57:13,CUST0264,38.45,854.45,816.0,0,0.0,0,394.99,21,0,391,0.1614731058958141,1,0,0,1,online purchase,Clothing,mobile,1,card,Buying new workout apparel and running shoes online.,Modern Wear,,0,1,routine,daily essentials
TX000526,2025-02-12 14:38:52,CUST0271,17.3,576.7,559.4,0,0.0,0,736.75,14,0,156,0.2692947563713633,1,0,0,1,transfer,Services,desktop,1,bank,One-time technical assistance for home computer software setup.,Tech Support Pro,,0,2,routine,services
TX000527,2025-02-12 22:11:04,CUST0111,0.31,62.07,61.76,0,0.0,0,302.95,22,0,112,0.0653897202417576,1,0,0,1,online purchase,Entertainment,desktop,1,card,Subscription renewal for an online multiplayer gaming service.,Gamer's Paradise,,0,1,routine,other
TX000528,2025-02-12 13:15:48,CUST0104,0.03,9.98,9.95,0,73.17,0,57.97,13,0,207,0.59080568402517,1,2,2,1,online purchase,Travel,mobile,1,card,Payment for city center parking while visiting the museum.,City Parking,,0,1,routine,services
TX000529,2025-02-12 10:30:20,CUST0196,40.62,2901.44,2860.82,0,0.0,0,1978.51,10,0,82,0.1333990360376432,1,0,0,1,online purchase,Services,mobile,1,card,Sending a bouquet of flowers for a friend's birthday.,Flower Power,,0,1,routine,other
TX000530,2025-02-12 11:58:27,CUST0186,67.17,3731.85,3664.68,0,0.0,0,7595.97,11,0,316,0.1580716349087068,1,0,0,1,online purchase,Utilities,mobile,1,card,Purchase of light bulbs and gardening supplies for home.,Home Depot Center,,0,1,routine,other
TX000531,2025-02-12 04:26:09,CUST0055,2443.63,4442.97,1999.34,0,0.0,0,448.47,4,0,134,0.3918340858384483,2,1,0,1,online purchase,Clothing,desktop,0,card,CONFUSED: Large purchase of designer handbags from an overseas vendor.,Global Luxury Boutique,Merchant country does not match customer's current billing address.,1,9,panic,luxury goods
TX000532,2025-02-12 09:36:32,CUST0275,52.6,4383.56,4330.96,0,0.0,0,882.05,9,0,353,0.1381486151223167,2,0,0,1,online purchase,Food,mobile,1,card,Bimonthly delivery of fresh farm produce and eggs.,Fresh Harvest,,0,1,routine,daily essentials
TX000533,2025-02-12 16:23:16,CUST0192,83.72,2391.89,2308.17,0,4.79,0,127.95,16,0,45,0.2062216193923824,1,0,0,0,online purchase,Clothing,mobile,1,card,Buying new shoes and a belt for a formal event.,Style Central,,0,1,routine,daily essentials
TX000534,2025-02-12 12:56:31,CUST0122,49.13,3275.28,3226.15,0,446.63,0,51.92,12,0,185,0.236210396538569,2,0,0,1,online purchase,Entertainment,mobile,1,card,Admission tickets for a family day out at the arcade.,Family Fun Center,,0,1,routine,other
TX000535,2025-02-12 14:41:57,CUST0089,88.4,4419.91,4331.51,0,160.31,0,89.73,14,0,381,0.8549033066437608,1,0,0,0,online purchase,Services,desktop,1,card,Restocking printer ink and paper for the home office.,Office Supplies Plus,,0,1,routine,other
TX000536,2025-02-13 20:05:14,CUST0011,136.34,2726.85,2590.51,0,0.0,0,2732.09,20,0,113,0.1359321032078859,1,0,0,1,transfer,Crypto,mobile,1,bank,Small planned transfer into personal cryptocurrency investment wallet.,Crypto Safe Wallet,,0,3,routine,crypto/finance
TX000537,2025-02-13 15:17:45,CUST0281,3.94,1972.24,1968.3,0,0.0,0,533.52,15,0,87,0.2581723600772241,2,0,0,1,online purchase,Food,mobile,1,card,Light snack and tea while studying at the library.,Public Library Cafe,,0,1,routine,daily essentials
TX000538,2025-02-13 10:38:05,CUST0261,157.98,1755.36,1597.38,0,0.0,0,353.63,10,0,324,0.0672360237288377,1,0,0,1,transfer,Services,desktop,1,bank,Quarterly premium payment for comprehensive auto insurance coverage.,Reliable Insurance,,0,1,routine,crypto/finance
TX000539,2025-02-13 11:04:46,CUST0200,5.38,537.86,532.48,0,0.0,0,512.5,11,0,397,0.099238510631555,2,0,0,0,online purchase,Services,mobile,1,card,Purchasing soil and seasonal plants for the backyard garden.,Green Thumb Nursery,,0,1,routine,daily essentials
TX000540,2025-02-13 16:28:35,CUST0029,41.98,1679.37,1637.39,0,0.0,0,281.22,16,0,109,0.4433177122465759,2,1,1,0,online purchase,Electronics,desktop,1,card,Buying a new external hard drive for data backup.,Electronics Direct,,0,1,routine,other
TX000541,2025-02-13 13:32:15,CUST0202,34.16,284.63,250.47,0,0.0,0,1042.12,13,0,202,0.3581711866055946,1,1,1,1,online purchase,Travel,desktop,1,card,Deposit for a family vacation stay booked in advance.,Holiday Inn,,0,2,routine,services
TX000542,2025-02-13 15:00:53,CUST0135,14.25,2035.55,2021.3,0,118.47,0,75.75,15,0,298,0.2798981105788387,2,0,0,0,online purchase,Entertainment,mobile,1,card,Buying a birthday gift for a niece's fifth birthday.,Toy Town,,0,1,routine,other
TX000543,2025-02-14 20:21:15,CUST0281,15.75,1968.3,1952.55,0,3.94,0,29.06,20,0,88,0.2581723600772241,2,0,0,1,online purchase,Food,mobile,1,card,Ordering dinner for a Friday night gathering with friends.,Speedy Pizza,,0,1,routine,daily essentials
TX000544,2025-02-14 09:42:31,CUST0184,4.27,1067.07,1062.8,0,0.0,0,327.21,9,0,65,0.1992938771356943,1,0,0,1,online purchase,Entertainment,tablet,1,card,Annual digital subscription to a local news publication.,The Daily News,,0,1,routine,other
TX000545,2025-02-14 10:09:09,CUST0276,21.57,3595.1,3573.53,0,0.0,0,206.32,10,0,56,0.2522418631995818,2,0,0,0,online purchase,Services,mobile,1,card,Monthly refill for prescription medication and health supplements.,Main Street Pharmacy,,0,1,routine,daily essentials
TX000546,2025-02-14 01:24:53,CUST0295,211.88,225.4,13.52,0,0.0,0,2785.41,1,0,116,0.1512320528770018,1,1,0,1,transfer,Services,mobile,0,bank,PLEASE HURRY: Urgent emergency funds needed for medical bill assistance.,Friend Transfer Service,Recipient account is a newly opened account with no history.,1,8,urgent,crypto/finance
TX000547,2025-02-14 11:51:22,CUST0274,31.28,1042.8,1011.52,0,1.57,0,81.27,11,0,376,0.4116504615586187,2,1,1,0,online purchase,Electronics,mobile,1,card,Buying a new air fryer for healthy cooking at home.,Kitchen Wonders,,0,1,routine,other
TX000548,2025-02-14 17:10:37,CUST0130,26.16,1307.99,1281.83,0,29.42,0,137.91,17,0,362,0.9139602211780458,1,0,0,0,online purchase,Services,mobile,1,card,Payment for a ten-class yoga pass for the month.,Yoga Studio,,0,1,routine,services
TX000549,2025-02-14 20:55:56,CUST0198,32.23,805.65,773.42,0,0.0,0,714.06,20,0,314,0.2298861947029832,1,0,0,1,online purchase,Electronics,desktop,1,card,Purchase of various home organization and storage items.,Amazon Online Retail,,0,1,routine,daily essentials
TX000550,2025-02-14 18:29:35,CUST0026,137.39,3053.01,2915.62,0,0.0,0,1914.49,18,0,79,0.1403183288116792,2,0,0,1,online purchase,Food,mobile,1,card,Weekly grocery shopping for household essentials and produce.,Cornerstone Groceries,,0,1,routine,daily essentials
TX000551,2025-02-14 08:42:02,CUST0245,28.63,2385.82,2357.19,0,0.0,0,503.05,8,0,359,0.2773702540926478,2,0,0,0,online purchase,Travel,mobile,1,card,Monthly commuter pass renewal for subway and bus lines.,Metro Transit Authority,Recurring monthly transaction.,0,1,routine,daily essentials
TX000552,2025-02-14 03:18:55,CUST0227,1024.54,1087.62,63.08,0,0.0,0,351.49,3,0,46,0.1833070706566252,2,1,0,1,online purchase,Electronics,desktop,0,card,URGENT! BUYING TOP SPEC LAPTOP NOW. NEED FAST SHIPPING IMMEDIATELY!!,Global Tech Emporium,User claims password was reset minutes before this high-value attempt.,1,9,panic,other
TX000553,2025-02-14 20:32:14,CUST0106,58.28,3885.36,3827.08,0,0.0,0,565.94,20,0,158,0.1331695119937279,1,0,0,1,online purchase,Entertainment,desktop,1,e-wallet,Purchase of a new strategy game during seasonal sale.,Steam Digital Games,,0,1,routine,services
TX000554,2025-02-14 10:38:34,CUST0019,106.6,3331.34,3224.74,0,0.0,0,2866.64,10,0,119,0.1203850946285781,2,0,0,1,transfer,Utilities,desktop,1,bank,Payment of the monthly residential utility bill.,City Water & Power,,0,1,routine,daily essentials
TX000555,2025-02-14 07:46:08,CUST0283,5.79,1928.91,1923.12,0,0.0,0,855.72,7,0,178,0.0942231848373984,1,0,0,1,online purchase,Food,mobile,1,card,Morning coffee and breakfast pastry order.,The Daily Grind Cafe,,0,1,routine,daily essentials
TX000556,2025-02-14 15:20:50,CUST0090,48.21,708.92,660.71,0,1.42,0,102.44,15,0,124,0.0705769536330207,1,0,0,1,online purchase,Clothing,tablet,1,card,Purchase of a winter coat and wool scarf.,Thread & Needle,,0,1,routine,services
TX000557,2025-02-15 17:40:43,CUST0088,49.74,2368.43,2318.69,0,0.0,0,243.0,17,1,58,0.2840633953278509,1,0,0,1,online purchase,Travel,mobile,1,card,Gas station fuel pump transaction for personal vehicle.,QuickStop Fuel,,0,1,routine,daily essentials
TX000558,2025-02-15 00:11:27,CUST0115,7.8,1560.25,1552.45,0,0.0,0,661.44,0,1,339,0.8508490158121271,2,0,0,0,online purchase,Services,mobile,1,card,Monthly subscription fee for video streaming service.,StreamLine Services,Automated billing.,0,1,routine,services
TX000559,2025-02-15 09:52:30,CUST0039,28.81,1600.65,1571.84,0,0.0,0,998.59,9,1,79,0.21836438169054,1,0,0,0,transfer,Services,desktop,1,bank,Standard monthly membership dues for fitness center.,Peak Fitness Gym,,0,1,routine,services
TX000560,2025-02-15 04:57:16,CUST0191,3.5,1750.28,1746.78,0,0.0,0,363.55,4,1,365,0.382809545836502,1,1,0,1,online purchase,Services,desktop,0,card,Testing? I don't know what this is. Why is it small?,Small Wonders Boutique,System detected 50 failed login attempts prior to this.,1,9,panic,luxury goods
TX000561,2025-02-15 19:42:29,CUST0253,22.71,2523.65,2500.94,0,344.13,0,153.94,19,1,283,0.1460481267813674,1,0,0,1,online purchase,Food,mobile,1,e-wallet,Dinner delivery for a large pepperoni pizza.,Urban Pizza,,0,1,routine,daily essentials
TX000562,2025-02-15 11:18:35,CUST0269,52.73,1286.09,1233.36,0,0.0,0,185.68,11,1,249,0.1542332136949342,1,0,0,0,online purchase,Electronics,desktop,1,card,Annual renewal for cloud data backup service.,Cloud Storage Solutions,,0,1,routine,services
TX000563,2025-02-15 18:28:20,CUST0265,54.85,3917.54,3862.69,0,0.0,0,403.62,18,1,57,0.0731838801931464,2,0,0,1,online purchase,Entertainment,mobile,1,card,Two movie tickets and popcorn for evening show.,Luxe Cinema,,0,1,routine,luxury goods
TX000564,2025-02-15 13:13:32,CUST0074,72.77,1399.33,1326.56,0,0.0,0,639.51,13,1,311,0.2754263913495592,2,0,0,0,online purchase,Clothing,tablet,1,card,Purchase of professional attire for work.,Style Haven,,0,1,routine,other
TX000565,2025-02-15 10:35:11,CUST0196,137.32,2860.82,2723.5,0,40.62,0,72.08,10,1,85,0.1333990360376432,1,0,0,1,transfer,Services,desktop,1,bank,Monthly premium payment for auto insurance coverage.,State Insurance Group,,0,1,routine,crypto/finance
TX000566,2025-02-15 12:11:30,CUST0156,0.47,78.96,78.49,0,0.0,0,337.81,12,1,141,0.2041750373915655,2,0,0,0,online purchase,Food,mobile,1,card,Quick lunch stop during work break.,Burger Barn,,0,1,routine,daily essentials
TX000567,2025-02-15 13:00:17,CUST0263,16.22,2027.43,2011.21,0,0.0,0,5485.0,13,1,228,0.14750409601757,2,0,0,1,online purchase,Food,mobile,1,e-wallet,Healthy lunch delivery to office address.,Green Leaf Salads,,0,1,routine,daily essentials
TX000568,2025-02-15 16:49:12,CUST0266,25.83,206.63,180.8,0,0.0,0,307.69,16,1,80,0.2349139933106467,1,0,0,0,online purchase,Travel,desktop,1,card,Booking deposit for upcoming weekend stay.,Skyline Hotel,,0,2,routine,services
TX000569,2025-02-15 02:16:00,CUST0082,1064.52,1739.41,674.89,0,0.0,0,301.16,2,1,348,0.2685838264149248,1,1,0,0,online purchase,Clothing,desktop,0,card,CONFUSED why this is international. MUST HAVE SILK NOW!,Exotic Luxury Silks,Merchant is located in a high-risk jurisdiction.,1,9,panic,luxury goods
TX000570,2025-02-15 21:27:09,CUST0043,289.68,1316.72,1027.04,0,0.0,0,1058.5,21,1,167,0.8035206888347924,1,0,0,0,online purchase,Travel,desktop,1,card,Round-trip ticket purchase for holiday travel.,Blue Sky Airlines,,0,2,routine,services
TX000571,2025-02-15 19:04:57,CUST0274,35.4,1011.52,976.12,0,16.42,0,31.23,19,1,377,0.4116504615586187,2,1,1,0,online purchase,Electronics,desktop,1,card,Replacement mechanical keyboard for gaming setup.,Gamer's Paradise,,0,1,routine,other
TX000572,2025-02-15 10:40:17,CUST0162,24.88,1130.77,1105.89,0,0.0,0,316.47,10,1,172,0.0421068848849939,1,0,0,1,online purchase,Food,mobile,1,card,Organic vegetables and fruits for the week.,Fresh Harvest Market,,0,1,routine,daily essentials
TX000573,2025-02-15 11:22:49,CUST0208,19.99,1332.54,1312.55,0,123.79,0,116.8,11,1,281,1.0,1,1,1,0,online purchase,Services,mobile,1,card,Prescription refill and over-the-counter medicine.,Main Street Pharmacy,,0,1,routine,daily essentials
TX000574,2025-02-15 14:05:09,CUST0093,13.73,1716.4,1702.67,0,0.0,0,957.32,14,1,195,0.233086853362004,1,0,0,1,online purchase,Entertainment,tablet,1,card,Hardcover novel and a monthly magazine.,The Book Nook,,0,1,routine,other
TX000575,2025-02-16 09:23:09,CUST0233,121.69,4867.54,4745.85,0,0.0,0,3705.39,9,1,154,0.2198923259224884,2,0,0,0,transfer,Utilities,desktop,1,bank,Monthly fiber optic internet service bill.,Speedy Internet Co,,0,1,routine,services
TX000576,2025-02-16 12:02:23,CUST0225,110.55,3948.18,3837.63,0,0.0,0,7188.04,12,1,299,0.1221794082225092,1,0,0,1,online purchase,Services,mobile,1,card,Dog grooming and premium kibble purchase.,Pet Palace,,0,1,routine,other
TX000577,2025-02-16 15:50:51,CUST0204,42.68,3879.58,3836.9,0,0.0,0,234.44,15,1,162,0.0284093041313212,1,0,0,0,online purchase,Entertainment,mobile,1,card,Collectible record found at a local shop.,Vintage Vinyls,,0,1,routine,other
TX000578,2025-02-16 17:37:02,CUST0195,52.27,1340.26,1287.99,0,0.0,0,595.09,17,1,274,0.9010685014463417,2,0,0,0,online purchase,Clothing,mobile,1,card,New running shoes and athletic shorts.,Active Wearhouse,,0,1,routine,daily essentials
TX000579,2025-02-16 08:03:14,CUST0135,14.15,2021.3,2007.15,0,66.36,0,65.04,8,1,301,0.2798981105788387,2,0,0,0,online purchase,Food,mobile,1,card,Dozen bagels for the office breakfast meeting.,Daily Bagel,,0,1,routine,daily essentials
TX000580,2025-02-16 16:27:30,CUST0017,40.41,4041.3,4000.89,0,0.0,0,379.78,16,1,376,0.2007693899522658,1,0,0,1,online purchase,Services,mobile,1,card,Dry cleaning service for formal wear.,Clean Sweep Laundry,,0,1,routine,services
TX000581,2025-02-16 01:13:39,CUST0265,3418.48,3862.69,444.21,1,54.85,0,6.76,1,1,58,0.1878206562317757,2,1,0,1,transfer,Crypto,mobile,0,bank,TRANSFER EVERYTHING NOW!! HELP ME I NEED THIS MONEY MOVED!!,CryptoSafe Exchange,Customer appears to be under duress or following instructions.,1,10,panic,crypto/finance
TX000582,2025-02-16 20:46:15,CUST0249,34.38,1432.3,1397.92,0,0.0,0,293.46,20,1,82,0.1145227202231968,2,0,0,0,online purchase,Food,mobile,1,card,Italian dinner for two with wine.,Pasta Place,,0,1,routine,daily essentials
TX000583,2025-02-16 11:52:23,CUST0055,17.99,1999.34,1981.35,0,2443.63,0,103.44,11,1,138,0.3918340858384483,2,1,1,1,online purchase,Electronics,mobile,1,card,USB-C cables and power adapters for travel.,Tech Gadgets Outlet,,0,1,routine,other
TX000584,2025-02-16 07:24:06,CUST0116,11.04,2760.16,2749.12,0,0.0,0,857.9,7,1,303,0.1657749574930738,2,0,0,1,online purchase,Entertainment,desktop,1,card,Monthly digital newspaper subscription access.,Global News Sub,,0,1,routine,services
TX000585,2025-02-16 17:06:36,CUST0196,13.62,2723.5,2709.88,0,88.97,0,30.52,17,1,86,0.1333990360376432,1,0,0,1,online purchase,Travel,mobile,1,card,Daily parking fee for city center lot.,Downtown Car Park,,0,1,routine,services
TX000586,2025-02-17 10:34:45,CUST0181,36.88,3073.19,3036.31,0,0.0,0,448.32,10,0,176,0.0288536928527474,1,0,0,0,online purchase,Utilities,mobile,1,e-wallet,Monthly prepaid mobile phone plan recharge.,SoftTech Mobile,,0,1,routine,services
TX000587,2025-02-17 18:24:57,CUST0217,25.89,4315.56,4289.67,0,0.0,0,197.43,18,0,77,0.9838834512611874,1,0,0,1,online purchase,Services,mobile,1,card,Single session fee for drop-in yoga class.,Yoga Studio,,0,1,routine,services
TX000588,2025-02-17 21:54:53,CUST0282,7.52,1878.79,1871.27,0,0.0,0,1012.69,21,0,252,0.0135431276824813,1,0,0,1,online purchase,Food,mobile,1,card,Quick takeout dinner on a Tuesday night.,Taco Time,,0,1,routine,daily essentials
TX000589,2025-02-17 14:54:09,CUST0062,11.97,798.16,786.19,0,0.0,0,449.59,14,0,160,0.1467355344217469,1,0,0,1,online purchase,Services,mobile,1,card,Haircut and shave appointment.,Classic Barber Shop,,0,1,routine,services
TX000590,2025-02-17 10:40:12,CUST0208,55.13,1312.55,1257.42,0,71.89,0,47.29,10,0,283,1.0,1,1,1,0,transfer,Utilities,desktop,1,bank,Monthly electricity bill payment for residential property.,Central Power Dist,,0,1,routine,daily essentials
TX000591,2025-02-17 09:12:17,CUST0052,1.62,812.47,810.85,0,0.0,0,404.6,9,0,399,0.3823419432931173,2,1,1,1,online purchase,Food,mobile,1,card,Post-workout protein smoothie purchase.,Smoothie Stop,,0,1,routine,daily essentials
TX000592,2025-02-17 13:17:46,CUST0191,36.68,1746.78,1710.1,0,3.5,0,56.34,13,0,367,0.382809545836502,1,1,1,1,online purchase,Clothing,mobile,1,card,New sandals for an upcoming vacation.,Footwear Palace,,0,1,routine,daily essentials
TX000593,2025-02-17 11:27:00,CUST0033,67.94,3774.65,3706.71,0,0.0,0,287.04,11,0,387,0.1360641285530219,2,0,0,1,online purchase,Services,tablet,1,card,Seasonal plants and potting soil for home garden.,Garden Center,,0,1,routine,daily essentials
TX000594,2025-02-17 09:39:18,CUST0244,28.18,3522.66,3494.48,0,0.0,0,860.42,9,0,202,0.0850750501129931,2,0,0,1,online purchase,Travel,mobile,1,card,One-way ticket to visit a nearby city.,Swift Commuter Rail,,0,1,routine,daily essentials
TX000595,2025-02-17 09:01:30,CUST0236,24.28,4856.26,4831.98,0,0.0,0,8433.02,9,0,351,0.1198936683161768,2,0,0,1,online purchase,Food,mobile,1,card,Fresh bread and pastries for the weekend.,Morning Bakery,,0,1,routine,daily essentials
TX000596,2025-02-17 20:21:23,CUST0204,46.04,3836.9,3790.86,0,42.68,0,28.51,20,0,163,0.0284093041313212,1,0,0,0,online purchase,Clothing,desktop,1,card,Set of basic cotton t-shirts.,Casual Corner,,0,1,routine,daily essentials
TX000597,2025-02-17 14:00:11,CUST0213,20.89,2089.41,2068.52,0,0.0,0,920.64,14,0,400,0.0974914148822994,1,0,0,1,online purchase,Entertainment,mobile,1,card,Entry tickets for a special weekend exhibit.,Local Museum,,0,1,routine,services
TX000598,2025-02-18 12:51:10,CUST0245,9.43,2357.19,2347.76,0,28.63,0,100.15,12,0,363,0.2773702540926478,2,0,0,0,online purchase,Food,mobile,1,card,Sandwich and drink for lunch.,Neighborhood Deli,,0,1,routine,daily essentials
TX000599,2025-02-18 22:12:59,CUST0125,69.3,2665.43,2596.13,0,0.0,0,9214.22,22,0,383,0.120194017650164,2,0,0,1,online purchase,Electronics,desktop,1,card,Smart lightbulb starter kit for living room.,Smart Home Hub,,0,1,routine,daily essentials
TX000600,2025-02-18 14:35:23,CUST0087,23.86,280.73,256.87,0,0.0,0,315.83,14,0,235,0.3658759447175774,1,1,1,1,online purchase,Food,mobile,1,card,Weekly grocery shopping for organic produce and household essentials,Whole Foods Market,Routine grocery spend.,0,1,routine,daily essentials
TX000601,2025-02-18 00:53:00,CUST0106,19.14,3827.08,3807.94,0,58.28,0,76.35,0,0,162,0.1331695119937279,1,0,0,1,online purchase,Entertainment,desktop,1,card,Monthly subscription payment for premium streaming service plan,Netflix,,0,1,routine,services
TX000602,2025-02-18 03:19:03,CUST0083,1810.2,1967.61,157.41,0,0.0,0,832.76,3,0,223,0.2588366035144872,2,1,0,1,online purchase,Electronics,desktop,0,card,URGENT BUYING NEW HIGH SPEC LAPTOP AND ACCESSORIES NOW,Boutique Electronics Store,Unusually high value from new IP.,1,8,urgent,luxury goods
TX000603,2025-02-18 08:35:43,CUST0023,28.78,3597.37,3568.59,0,0.0,0,620.74,8,0,74,0.0814657731970158,2,0,0,0,online purchase,Food,mobile,1,e-wallet,Morning coffee and pastry at the local downtown branch,Starbucks Coffee,,0,1,routine,daily essentials
TX000604,2025-02-18 17:06:09,CUST0104,0.45,9.95,9.5,0,0.03,0,147.84,17,0,213,0.59080568402517,1,2,2,1,online purchase,Clothing,mobile,1,card,Purchase of seasonal wardrobe updates and basic t-shirts,H&M Clothing,,0,1,routine,daily essentials
TX000605,2025-02-18 11:53:41,CUST0232,134.13,1117.79,983.66,0,0.0,0,480.61,11,0,366,0.2297099168724586,2,0,0,1,online purchase,Utilities,desktop,1,bank,Payment for quarterly residential water and sewage utility bill,City Water & Sewer,Automated bill payment.,0,1,routine,daily essentials
TX000606,2025-02-18 20:36:03,CUST0052,364.88,810.85,445.97,0,1.62,0,35.4,20,0,400,0.3823419432931173,2,1,1,1,online purchase,Travel,desktop,1,card,Booking a round-trip flight for upcoming summer family vacation,Delta Airlines,,0,2,routine,services
TX000607,2025-02-18 15:19:46,CUST0041,3.44,98.31,94.87,0,0.0,0,637.65,15,0,284,1.0,1,1,1,0,online purchase,Electronics,desktop,1,card,Purchase of a new wireless mouse and keyboard set,Amazon,,0,1,routine,other
TX000608,2025-02-18 06:44:56,CUST0131,24.33,1216.66,1192.33,0,0.0,0,550.53,6,0,193,0.1629868474246943,2,0,0,1,online purchase,Services,mobile,1,bank,Monthly recurring dues for access to fitness center facilities,Local Gym Membership,,0,1,routine,daily essentials
TX000609,2025-02-18 21:01:12,CUST0235,28.47,1138.7,1110.23,0,0.0,0,263.31,21,0,275,0.1846148198564568,1,0,0,0,online purchase,Entertainment,desktop,1,card,Buying a new adventure game during the winter sale,Steam Games,,0,1,routine,other
TX000610,2025-02-18 18:26:42,CUST0219,87.44,1748.81,1661.37,0,0.0,0,484.75,18,0,340,0.2967251112188257,2,0,0,1,online purchase,Crypto,mobile,1,e-wallet,Recurring monthly purchase of digital assets for investment portfolio,Coinbase,User-initiated crypto buy.,0,2,routine,crypto/finance
TX000611,2025-02-18 19:32:45,CUST0218,22.87,304.88,282.01,0,0.0,0,247.65,19,0,264,0.2391132747165187,2,1,1,1,online purchase,Food,mobile,1,card,Weekend dinner with friends including drinks and multiple courses,The Italian Bistro,,0,1,routine,daily essentials
TX000612,2025-02-19 22:46:38,CUST0116,32.99,2749.12,2716.13,0,11.04,0,87.38,22,0,306,0.1657749574930738,2,0,0,1,online purchase,Travel,mobile,1,e-wallet,Ride share service from the city center to home,Uber,,0,1,routine,services
TX000613,2025-02-19 01:00:39,CUST0286,3.53,2940.43,2936.9,0,32.7,0,149.35,1,0,80,0.110837992722083,1,1,0,1,online purchase,Services,desktop,0,card,Small test transaction for digital identity validation verification process,Unknown Digital Services,Possible card testing detected.,1,5,routine,services
TX000614,2025-02-19 10:00:26,CUST0191,102.61,1710.1,1607.49,0,20.09,0,44.71,10,0,369,0.382809545836502,1,1,1,1,online purchase,Utilities,mobile,1,bank,Monthly mobile phone and data plan bill payment,Verizon Wireless,,0,1,routine,services
TX000615,2025-02-19 13:32:53,CUST0022,140.84,1005.98,865.14,0,0.0,0,240.51,13,0,220,0.2126393775894897,1,0,0,1,online purchase,Services,mobile,1,card,Purchase of hardware tools for a weekend home improvement,Home Depot,,0,1,routine,daily essentials
TX000616,2025-02-20 19:35:36,CUST0135,10.04,2007.15,1997.11,0,14.15,0,107.54,19,0,305,0.2798981105788387,2,0,0,0,online purchase,Gambling,mobile,1,e-wallet,Weekly purchase of lottery tickets through the official app,State Lottery,,0,2,routine,crypto/finance
TX000617,2025-02-20 16:38:15,CUST0085,16.77,152.44,135.67,0,0.0,0,202.02,16,0,122,0.4050585656753955,1,1,1,1,online purchase,Clothing,tablet,1,card,Ordering new office attire and shoes for the winter,Zara,,0,1,routine,other
TX000618,2025-02-20 18:29:23,CUST0075,14.72,668.89,654.17,0,0.0,0,217.17,18,0,309,0.2179713657704712,1,1,1,1,online purchase,Entertainment,mobile,1,card,Online booking for two movie tickets and popcorn snacks,AMC Theatres,,0,1,routine,other
TX000619,2025-02-20 07:36:36,CUST0032,22.46,561.38,538.92,0,0.0,0,260.66,7,0,374,0.2122951936048218,1,0,0,0,online purchase,Travel,mobile,1,card,Fueling up the car for the daily work commute,Shell Gas Station,,0,1,routine,daily essentials
TX000620,2025-02-20 14:46:28,CUST0034,4.96,165.48,160.52,0,0.0,0,253.86,14,0,170,0.1179749565353476,1,0,0,0,online purchase,Services,desktop,1,card,Payment for an online certification course in data science,Coursera,,0,1,routine,services
TX000621,2025-02-21 15:16:59,CUST0089,541.44,4331.51,3790.07,0,0.0,0,216.58,15,0,390,0.8549033066437608,1,0,0,0,online purchase,Clothing,mobile,1,card,Purchase of new running sneakers for marathon training prep,Nike Online,,0,1,routine,other
TX000622,2025-02-21 12:22:26,CUST0081,84.12,1401.95,1317.83,0,0.0,0,240.91,12,0,310,0.2235876840982851,2,0,0,1,online purchase,Services,mobile,1,card,Monthly supply of dog food and some chew toys,PetSmart,,0,1,routine,daily essentials
TX000623,2025-02-21 13:16:31,CUST0114,12.07,317.57,305.5,0,0.0,0,334.08,13,0,157,0.0345872785453475,1,0,0,1,online purchase,Electronics,mobile,1,card,Buying a replacement charging cable and protective phone case,Apple Store,,0,1,routine,other
TX000624,2025-02-22 04:57:04,CUST0265,288.74,444.21,155.47,0,1736.66,0,147.72,4,1,64,0.3253847874781308,2,2,1,1,online purchase,Clothing,mobile,0,card,OVERSEAS HIGH VALUE ORDER FOR DESIGNER CLOTHING IMMEDIATE SHIP,Lux Overseas Fashion,Cross-border transaction at unusual hour.,1,9,urgent,luxury goods
TX000625,2025-02-22 16:18:47,CUST0184,106.28,1062.8,956.52,0,0.0,0,198.6,16,1,73,0.1992938771356943,1,0,0,1,withdrawal,Services,mobile,1,bank,Cash withdrawal for small personal expenses from local ATM,ATM Withdrawal,,0,2,routine,crypto/finance
TX000626,2025-02-22 12:26:53,CUST0035,0.47,18.72,18.25,0,0.0,0,525.75,12,1,133,0.411993964975517,1,1,1,1,online purchase,Food,mobile,1,e-wallet,Ordering lunch delivery for the office during a meeting,Grubhub,,0,1,routine,services
TX000627,2025-02-22 22:34:03,CUST0133,1241.09,4432.46,3191.37,0,0.0,0,492.23,22,1,253,0.1108084554640649,1,1,1,0,online purchase,Travel,desktop,1,card,Deposit for hotel room booking for an upcoming trip,Marriott International,,0,2,routine,services
TX000628,2025-02-22 09:01:35,CUST0163,63.72,910.27,846.55,0,0.0,0,392.34,9,1,371,0.2695091823757683,2,0,0,1,online purchase,Utilities,desktop,1,bank,Payment for the monthly household electricity consumption bill,Electric Utility Co,,0,1,routine,daily essentials
TX000629,2025-02-22 19:18:40,CUST0212,850.07,2428.77,1578.7,0,0.0,0,510.88,19,1,217,0.2995135981009242,2,0,0,0,online purchase,Clothing,desktop,1,card,Buying a jewelry gift for a special family anniversary,Blue Nile,,0,3,routine,luxury goods
TX000630,2025-02-22 00:37:54,CUST0300,8.96,895.74,886.78,0,0.0,0,828.22,0,1,194,0.0603691501968914,2,0,0,1,online purchase,Entertainment,mobile,1,card,Monthly music streaming service subscription fee for family plan,Spotify,,0,1,routine,services
TX000631,2025-02-22 14:55:08,CUST0190,94.97,1187.16,1092.19,0,0.0,0,604.85,14,1,273,0.1790823071928497,2,0,0,1,online purchase,Electronics,tablet,1,card,Purchasing a new smart toaster for the kitchen renovation,Best Buy,,0,1,routine,other
TX000632,2025-02-22 11:43:53,CUST0133,95.74,3191.37,3095.63,1,1241.09,0,-10.84,11,1,253,0.1108084554640649,1,1,1,0,online purchase,Entertainment,mobile,1,card,Buying three new novels for weekend leisure reading time,Local Book Store,,0,1,routine,other
TX000633,2025-02-22 17:29:09,CUST0162,165.88,1105.89,940.01,0,0.0,0,174.81,17,1,179,0.0421068848849939,1,0,0,1,online purchase,Crypto,desktop,1,bank,Investment into digital currency for diversification of assets,Binance,,0,3,routine,crypto/finance
TX000634,2025-02-22 12:37:10,CUST0098,7.94,794.15,786.21,0,0.0,0,302.79,12,1,406,0.1429412325508015,1,0,0,0,online purchase,Food,mobile,1,card,Quick lunch sandwich and drink during a busy workday,Subway,,0,1,routine,daily essentials
TX000635,2025-02-22 10:11:04,CUST0200,26.62,532.48,505.86,0,0.0,0,215.1,10,1,406,0.099238510631555,2,0,0,0,online purchase,Services,mobile,1,card,Buying garden soil and plants for outdoor landscaping project,Lowe's,,0,1,routine,other
TX000636,2025-02-23 15:28:55,CUST0005,80.83,4041.36,3960.53,0,0.0,0,909.54,15,1,245,0.1614676852294236,2,0,0,0,online purchase,Gambling,mobile,1,e-wallet,Placing a bet on the weekend championship football match,DraftKings,,0,2,routine,other
TX000637,2025-02-23 08:29:25,CUST0149,41.81,2787.08,2745.27,0,0.0,0,358.11,8,1,77,0.0942684561955888,2,0,0,1,online purchase,Travel,mobile,1,card,Purchasing a train ticket for a commute to work,Trainline,,0,1,routine,daily essentials
TX000638,2025-02-23 16:09:35,CUST0231,1.57,24.21,22.64,0,0.0,0,515.96,16,1,88,0.4222854140211227,1,1,1,1,transfer,Services,desktop,1,bank,Payment for professional house cleaning services provided today,Cleaning Pros,,0,1,routine,services
TX000639,2025-02-23 18:12:25,CUST0241,303.26,3369.51,3066.25,0,0.0,0,308.36,18,1,219,0.192208575275786,2,0,0,1,online purchase,Clothing,mobile,1,card,Buying a new tracksuit and soccer balls for training,Adidas,,0,1,routine,daily essentials
TX000640,2025-02-23 23:14:41,CUST0093,17.03,1702.67,1685.64,0,0.0,0,201.16,23,1,203,0.233086853362004,1,0,0,1,online purchase,Entertainment,desktop,1,card,Purchase of downloadable content for a multiplayer online game,Steam,,0,1,routine,services
TX000641,2025-02-23 20:50:02,CUST0002,161.0,3577.78,3416.78,0,0.0,0,560.08,20,1,395,0.0402817341083263,1,0,0,1,online purchase,Food,mobile,1,e-wallet,Evening dinner delivery including sushi for two people,Uber Eats,,0,1,routine,services
TX000642,2025-02-23 21:55:36,CUST0069,70.87,2362.28,2291.41,0,0.0,0,323.12,21,1,306,0.19835586561334,2,0,0,1,transfer,Services,mobile,1,bank,Sending money to a friend to split the dinner bill,Personal Transfer,,0,1,routine,crypto/finance
TX000643,2025-02-23 02:39:48,CUST0125,2297.58,2596.13,298.55,0,69.3,0,100.45,2,1,388,0.2442328211801969,2,1,0,1,transfer,Services,desktop,0,bank,URGENT INTERNAL TRANSFER TO NEWLY LINKED RECIPIENT FOR IMMEDIATE FUNDS,Private Recipient Account,Attempt to empty account to new mule.,1,9,urgent,crypto/finance
TX000644,2025-02-23 11:52:51,CUST0130,256.37,1281.83,1025.46,0,0.0,0,210.7,11,1,371,0.9139602211780458,1,0,0,0,online purchase,Food,mobile,1,card,Bulk purchase of pantry staples and household paper products,Costco,,0,1,routine,daily essentials
TX000645,2025-02-23 05:46:36,CUST0210,86.43,2469.37,2382.94,0,0.0,0,1122.55,5,1,70,0.1945772100546086,1,0,0,1,online purchase,Travel,mobile,1,e-wallet,Commuter ride to the airport for a business trip,Lyft,,0,1,routine,services
TX000646,2025-02-23 10:45:51,CUST0155,85.61,1070.14,984.53,0,0.0,0,1141.74,10,1,351,0.9434765956938906,1,0,0,0,online purchase,Electronics,desktop,1,card,Renewing annual software subscription for productivity tools suite,Microsoft Store,,0,1,routine,services
TX000647,2025-02-23 09:36:30,CUST0295,0.27,13.52,13.25,0,0.0,0,224.19,9,1,125,0.1512320528770018,1,1,1,1,online purchase,Food,mobile,1,card,Purchase of two bags of premium coffee beans for home,Local Coffee Roasters,,0,1,routine,daily essentials
TX000648,2025-02-23 13:04:10,CUST0197,212.74,2127.42,1914.68,0,0.0,0,917.39,13,1,60,0.0238708057689544,2,0,0,1,online purchase,Utilities,desktop,1,bank,Monthly cable and high-speed internet service payment for home,Xfinity,,0,1,routine,daily essentials
TX000649,2025-02-23 21:57:15,CUST0245,35.22,2347.76,2312.54,0,9.43,0,129.1,21,1,368,0.2773702540926478,2,0,0,0,online purchase,Services,tablet,1,card,Enrolling in a photography and video editing masterclass course,Udemy,,0,1,routine,services
TX000650,2025-02-23 14:06:30,CUST0124,141.5,3144.55,3003.05,0,0.0,0,5966.11,14,1,248,0.1564187412741616,2,0,0,0,online purchase,Food,mobile,1,card,Weekly grocery shopping for fresh produce and household essentials.,Green Grocer Market,Regular recurring transaction.,0,1,routine,daily essentials
TX000651,2025-02-23 10:35:42,CUST0084,343.79,2864.88,2521.09,0,0.0,0,449.98,10,1,175,0.0937357922924795,1,0,0,1,transfer,Utilities,desktop,1,bank,Monthly electricity bill payment for residential property.,City Power & Light,,0,1,routine,daily essentials
TX000652,2025-02-24 19:46:15,CUST0005,47.53,3960.53,3913.0,0,80.83,0,28.29,19,0,246,0.1614676852294236,2,0,0,0,online purchase,Entertainment,mobile,1,card,Two tickets for a late-night movie showing.,Star Cineplex,,0,1,routine,services
TX000653,2025-02-24 06:50:47,CUST0286,102.79,2936.9,2834.11,0,3.53,0,125.84,6,0,85,0.110837992722083,1,1,1,1,online purchase,Services,mobile,1,card,Automatic monthly membership fee for gym access.,Urban Fitness Hub,Standard subscription charge.,0,1,routine,daily essentials
TX000654,2025-02-24 03:39:54,CUST0028,20.4,23.18,2.78,0,0.0,0,1049.96,3,0,285,0.6178026272878285,2,3,2,1,online purchase,Electronics,desktop,0,card,URGENT: Large purchase of top-tier laptops from an unknown device.,Elite Tech Global,Customer account flag: potential unauthorized login from new IP.,1,10,urgent,luxury goods
TX000655,2025-02-24 16:56:20,CUST0233,308.48,4745.85,4437.37,0,0.0,0,199.55,16,0,162,0.2198923259224884,2,0,0,0,online purchase,Clothing,mobile,1,card,Purchase of two pairs of jeans during seasonal sale.,The Denim Rack,,0,1,routine,daily essentials
TX000656,2025-02-24 11:33:15,CUST0001,620.05,1476.31,856.26,0,0.0,0,484.02,11,0,191,0.0027081452551353,2,0,0,0,online purchase,Travel,desktop,1,card,Round-trip flight booking for summer vacation.,Global Air,Travel insurance also selected.,0,2,routine,services
TX000657,2025-02-24 08:19:17,CUST0271,22.38,559.4,537.02,0,0.0,0,281.67,8,0,168,0.2692947563713633,1,0,0,1,transfer,Travel,mobile,1,e-wallet,Reloading commuter travel card for monthly use.,Metro Transit,,0,1,routine,daily essentials
TX000658,2025-02-24 13:54:37,CUST0064,39.22,4902.24,4863.02,0,0.0,0,8725.91,13,0,363,0.2422163829018166,2,0,0,0,online purchase,Food,mobile,1,card,Payment for lunch and coffee with a colleague.,Main Street Cafe,,0,1,routine,daily essentials
TX000659,2025-02-25 12:09:50,CUST0283,144.23,1923.12,1778.89,0,0.0,0,268.39,12,0,189,0.0942231848373984,1,0,0,1,transfer,Utilities,desktop,1,bank,Quarterly water and sewage utility payment.,Water Works Co.,,0,1,routine,daily essentials
TX000660,2025-02-25 15:59:26,CUST0140,34.71,1157.08,1122.37,0,0.0,0,4935.99,15,0,205,0.1029466775133599,2,0,0,1,online purchase,Electronics,mobile,1,card,Purchase of a new wireless mouse and keyboard.,Tech Gadget Store,,0,1,routine,daily essentials
TX000661,2025-02-25 19:32:08,CUST0224,46.01,3067.6,3021.59,0,0.0,0,437.73,19,0,396,0.0091253418905635,2,0,0,1,online purchase,Food,mobile,1,e-wallet,Ordering dinner for delivery on a Friday night.,Quick Stop Pizza,,0,1,routine,daily essentials
TX000662,2025-02-25 00:56:15,CUST0167,14.33,2865.31,2850.98,0,0.0,0,1044.06,0,0,396,0.1930202718904077,1,0,0,0,online purchase,Services,mobile,1,card,Family plan monthly music streaming subscription.,StreamLine Music,Automated billing.,0,1,routine,services
TX000663,2025-02-25 04:31:59,CUST0154,7.14,3572.34,3565.2,0,0.0,0,4156.53,4,0,173,0.4275975521110725,1,1,0,1,online purchase,Services,desktop,0,card,Automated micro-payment test from suspicious IP range.,Digital Micro-Services,System detected 15 failed logins prior to this transaction.,1,10,urgent,services
TX000664,2025-02-25 14:05:53,CUST0052,80.27,445.97,365.7,0,364.88,1,161.5,14,0,407,0.3823419432931173,2,1,1,1,online purchase,Travel,desktop,1,card,Advance payment for a two-night weekend stay.,Grand View Hotel,,0,2,routine,luxury goods
TX000665,2025-02-25 17:34:08,CUST0300,19.51,886.78,867.27,0,8.96,0,88.94,17,0,197,0.0603691501968914,2,0,0,1,online purchase,Clothing,mobile,1,card,New formal shirt for upcoming office event.,Threads & Co.,,0,1,routine,daily essentials
TX000666,2025-02-25 09:56:18,CUST0191,144.67,1607.49,1462.82,0,102.61,0,143.93,9,0,375,0.382809545836502,1,1,1,1,transfer,Utilities,desktop,1,bank,Monthly heating and gas bill for winter period.,National Gas,,0,1,routine,daily essentials
TX000667,2025-02-25 10:28:36,CUST0092,121.05,2421.08,2300.03,0,0.0,0,717.83,10,0,158,0.745065288179806,2,0,0,0,transfer,Crypto,mobile,1,bank,Recurring monthly purchase of digital assets.,BitSecure Exchange,Verified KYC customer.,0,2,routine,crypto/finance
TX000668,2025-02-26 22:04:29,CUST0139,8.33,208.21,199.88,0,0.0,0,415.48,22,0,350,0.2151138471037736,2,0,0,0,withdrawal,Gambling,tablet,1,card,Small credit for entertainment during weekend visit.,Downtown Casino,,0,1,routine,crypto/finance
TX000669,2025-02-26 12:51:53,CUST0299,7.56,755.7,748.14,0,0.0,0,911.33,12,0,261,0.0920448622502855,2,0,0,1,online purchase,Food,mobile,1,card,Quick lunch takeaway from local sushi bar.,Sushi Express,,0,1,routine,daily essentials
TX000670,2025-02-26 11:51:07,CUST0102,75.05,3752.36,3677.31,0,0.0,0,329.34,11,0,183,0.2310381594162066,1,0,0,1,online purchase,Services,desktop,1,card,Renewal of personal website hosting and domain.,Fast Cloud Hosting,,0,1,routine,services
TX000671,2025-02-26 02:31:11,CUST0126,749.42,1362.59,613.17,0,0.0,0,930.97,2,0,92,0.1291287406127334,1,1,0,0,online purchase,Clothing,mobile,0,card,Large overseas purchase of designer scarves with shipping mismatch.,Luxury Silk Traders,Transaction originated from a country not on the customer travel list.,1,8,routine,luxury goods
TX000672,2025-02-26 10:30:04,CUST0006,86.46,3458.49,3372.03,0,0.0,0,692.07,10,0,317,0.1718547546368919,2,0,0,0,online purchase,Food,tablet,1,card,Purchase of organic seeds and gardening supplies.,Organic Garden,,0,1,routine,daily essentials
TX000673,2025-02-26 15:56:31,CUST0025,55.91,3727.45,3671.54,0,0.0,0,862.65,15,0,306,0.2929044929011327,2,0,0,0,online purchase,Services,mobile,1,card,Premium car wash and detailing service payment.,Speedy Car Wash,,0,1,routine,services
TX000674,2025-02-26 20:52:05,CUST0158,282.57,1883.77,1601.2,0,0.0,0,743.06,20,0,238,0.1281839825224429,2,0,0,1,online purchase,Electronics,desktop,1,card,Purchasing a new smart tablet for home use.,The Tech Emporium,,0,2,routine,daily essentials
TX000675,2025-02-26 13:38:45,CUST0043,51.35,1027.04,975.69,0,0.0,0,256.19,13,0,178,0.8035206888347924,1,0,0,0,online purchase,Clothing,mobile,1,card,Buying hiking boots for an upcoming trail trip.,Mountain Travel Gear,,0,1,routine,daily essentials
TX000676,2025-02-26 10:17:45,CUST0175,573.66,2294.63,1720.97,0,0.0,0,1570.3,10,0,65,0.1779362819930361,1,0,0,1,transfer,Services,desktop,1,bank,Annual car insurance premium payment.,Swift Insurance,Annual recurring.,0,1,routine,crypto/finance
TX000677,2025-02-26 21:39:40,CUST0131,35.77,1192.33,1156.56,0,0.0,0,206.91,21,0,201,0.1629868474246943,2,0,0,1,online purchase,Entertainment,mobile,1,e-wallet,Digital purchase of a newly released adventure game.,PlayBox Gaming,,0,1,routine,services
TX000678,2025-02-26 01:19:33,CUST0192,2262.01,2308.17,46.16,0,0.0,0,320.94,1,0,59,0.347465943270859,1,1,0,0,transfer,Crypto,mobile,0,bank,CONFUSED: Rapid transfer of entire savings balance to unknown wallet.,Crypto Liquidity Pool,Unusual high-value transfer to a first-time beneficiary.,1,10,panic,crypto/finance
TX000679,2025-02-26 07:48:07,CUST0193,13.34,2667.41,2654.07,0,0.0,0,732.89,7,0,290,0.2537001528119603,2,0,0,0,online purchase,Travel,mobile,1,card,Commuter train ticket for travel to work.,Central Railway,,0,1,routine,daily essentials
TX000680,2025-02-26 12:28:28,CUST0136,26.79,3826.5,3799.71,0,0.0,0,1176.79,12,0,204,0.930824773931368,2,0,0,1,online purchase,Food,mobile,1,card,Salad and juice for a healthy lunch option.,Healthy Eats,,0,1,routine,daily essentials
TX000681,2025-02-26 05:33:30,CUST0174,12.21,813.68,801.47,0,0.0,0,1189.7,5,0,125,0.9559582161807316,2,0,0,0,online purchase,Travel,mobile,1,card,Booking for an airport shuttle service.,Blue Sky Travels,,0,1,routine,services
TX000682,2025-02-26 18:35:40,CUST0161,23.3,582.42,559.12,0,0.0,0,338.35,18,0,58,0.2915183290471522,2,0,0,1,online purchase,Clothing,mobile,1,card,New sneakers for exercise and casual wear.,Fashion Hub,,0,1,routine,daily essentials
TX000683,2025-02-26 21:27:31,CUST0016,8.04,267.97,259.93,0,0.0,0,3189.46,21,0,132,0.0937359100739463,2,0,0,1,online purchase,Food,mobile,1,card,Dinner and drinks with a group of friends.,The Local Pub,,0,1,routine,daily essentials
TX000684,2025-02-27 00:48:38,CUST0169,1.83,304.81,302.98,0,0.0,0,343.64,0,0,325,0.1782905076805715,1,1,1,1,online purchase,Entertainment,mobile,1,card,Monthly video streaming platform subscription fee.,NetStream TV,Subscription charge.,0,1,routine,services
TX000685,2025-02-27 14:06:04,CUST0182,485.7,4415.48,3929.78,0,0.0,0,1124.49,14,0,174,0.177215640935893,2,0,0,1,online purchase,Services,mobile,1,card,Payment for an annual eye exam and new glasses.,Modern Optics,,0,1,routine,daily essentials
TX000686,2025-02-27 07:33:09,CUST0142,31.58,3508.41,3476.83,0,0.0,0,541.25,7,0,90,0.2366493718950961,1,0,0,1,online purchase,Food,mobile,1,card,Assorted pastries and bread for breakfast meeting.,Fresh Bakery,,0,1,routine,daily essentials
TX000687,2025-02-27 10:48:19,CUST0005,156.52,3913.0,3756.48,0,64.18,0,63.03,10,0,249,0.1614676852294236,2,0,0,0,transfer,Utilities,desktop,1,bank,Monthly mobile phone and data plan bill.,Global Telecom,,0,1,routine,daily essentials
TX000688,2025-02-27 15:59:56,CUST0259,17.56,975.67,958.11,0,0.0,0,432.94,15,0,314,0.9654760279285493,1,0,0,1,online purchase,Entertainment,tablet,1,card,Buying three new novels for weekend reading.,The Book Nook,,0,1,routine,other
TX000689,2025-02-27 16:13:56,CUST0042,310.29,3102.91,2792.62,0,0.0,0,3112.23,16,0,129,0.1580484902030955,2,0,0,1,online purchase,Electronics,mobile,1,card,New set of noise-canceling headphones for travel.,Sound Wave Audio,,0,2,routine,daily essentials
TX000690,2025-02-27 08:58:11,CUST0106,11.42,3807.94,3796.52,0,0.0,0,224.09,8,0,171,0.1331695119937279,1,0,0,1,online purchase,Food,mobile,1,card,Morning latte and pastry for commute.,Urban Coffee Co.,,0,1,routine,daily essentials
TX000691,2025-02-27 09:48:38,CUST0239,249.76,4162.75,3912.99,0,0.0,0,8217.81,9,0,342,0.7887346266164071,1,0,0,0,transfer,Services,desktop,1,bank,Monthly payment for a secure storage unit rental.,Park Side Rent,,0,1,routine,daily essentials
TX000692,2025-02-28 14:50:01,CUST0103,31.54,1576.8,1545.26,0,0.0,0,914.29,14,0,105,0.8178749185349781,1,0,0,0,withdrawal,Gambling,mobile,1,e-wallet,Occasional small deposit for weekend sports betting.,BetFair Sports,,0,3,routine,crypto/finance
TX000693,2025-02-28 18:59:36,CUST0221,35.52,2959.94,2924.42,0,0.0,0,548.49,18,0,91,0.2423099277033597,2,0,0,0,online purchase,Food,mobile,1,card,Top-up of essential groceries and kitchen items.,Metro Grocery,,0,1,routine,daily essentials
TX000694,2025-02-28 11:25:34,CUST0231,0.91,22.64,21.73,0,1.57,0,115.27,11,0,93,0.4222854140211227,1,1,1,1,online purchase,Services,mobile,1,card,Payment for professional house cleaning service visit.,Clean Home Services,,0,1,routine,services
TX000695,2025-02-28 13:45:44,CUST0088,64.92,2318.69,2253.77,0,0.0,0,308.08,13,0,71,0.2840633953278509,1,0,0,1,online purchase,Clothing,mobile,1,card,Sustainable cotton t-shirts from an eco-friendly brand.,Eco Fiber Clothing,,0,1,routine,daily essentials
TX000696,2025-02-28 11:25:28,CUST0109,0.4,26.88,26.48,0,0.0,0,968.5,11,0,147,0.1606632755025288,1,1,1,1,online purchase,Entertainment,mobile,1,card,Admission tickets for a special art exhibition.,City Museum,,0,1,routine,services
TX000697,2025-02-28 16:15:00,CUST0215,123.04,2734.22,2611.18,0,0.0,0,488.49,16,0,108,0.93264492878,1,0,0,0,online purchase,Services,desktop,1,card,Technical support fee for home network setup.,Prime Tech Support,,0,2,routine,services
TX000698,2025-03-01 20:51:27,CUST0280,886.67,4030.33,3143.66,0,0.0,0,1132.47,20,1,327,0.2513576938913366,2,0,0,1,online purchase,Travel,desktop,1,card,Balance payment for a summer hotel reservation.,Garden Suites,,0,1,routine,luxury goods
TX000699,2025-03-01 10:54:01,CUST0090,13.21,660.71,647.5,0,0.0,0,355.55,10,1,139,0.0705769536330207,1,0,0,1,transfer,Utilities,desktop,1,bank,Monthly waste management and recycling service fee.,Everyday Utilities,,0,1,routine,daily essentials
TX000700,2025-03-01 14:14:17,CUST0128,221.03,4911.74,4690.71,0,0.0,0,505.6,14,1,240,0.7237620957090393,2,0,0,0,online purchase,Food,mobile,1,card,Weekly grocery shopping for household essentials and fresh produce.,Gourmet Garden Groceries,Regular recurring merchant for this user.,0,1,routine,daily essentials
TX000701,2025-03-01 19:18:08,CUST0280,377.24,3143.66,2766.42,1,886.67,0,-1.56,19,1,327,0.2513576938913366,2,0,0,1,online purchase,Clothing,desktop,1,card,Purchase of a new winter coat and matching accessories.,Urban Style Outfitters,,0,1,routine,daily essentials
TX000702,2025-03-01 03:51:21,CUST0191,1301.91,1462.82,160.91,0,144.67,0,89.92,3,1,379,0.5593714550038025,1,2,1,1,online purchase,Electronics,desktop,0,card,"URGENT: Immediate purchase of three flagship smartphones, please process fast.",Elite Tech Liquidation,User account password was changed 10 minutes prior.,1,9,urgent,luxury goods
TX000703,2025-03-01 08:07:47,CUST0246,69.92,3495.94,3426.02,0,0.0,0,906.35,8,1,73,0.2177883688579468,1,0,0,0,online purchase,Travel,mobile,1,bank,Monthly commuter pass for subway and bus lines.,City Transit Authority,,0,1,routine,daily essentials
TX000704,2025-03-01 11:38:36,CUST0078,51.06,1021.12,970.06,0,0.0,0,427.34,11,1,313,0.2061660365519345,1,0,0,1,transfer,Services,mobile,1,e-wallet,Bi-weekly residential cleaning service for a two-bedroom apartment.,Sparkle Clean Services,Known recipient in user contact list.,0,1,routine,services
TX000705,2025-03-01 10:24:42,CUST0270,61.37,1753.46,1692.09,0,0.0,0,1171.53,10,1,201,0.2169787429389685,2,0,0,1,online purchase,Utilities,desktop,1,bank,Standard monthly electricity bill payment for residential usage.,Metropolis Power & Light,,0,1,routine,daily essentials
TX000706,2025-03-01 20:10:47,CUST0101,54.22,3614.52,3560.3,0,0.0,0,8372.18,20,1,348,0.0504746507350056,1,0,0,1,online purchase,Food,mobile,1,card,Friday night dinner for two including drinks and sides.,The Burger Joint,,0,1,routine,daily essentials
TX000707,2025-03-01 00:41:44,CUST0255,16.17,3233.5,3217.33,0,0.0,0,1156.4,0,1,319,0.7027641393039422,2,0,0,0,online purchase,Entertainment,desktop,1,card,Automatic renewal of monthly premium video streaming subscription.,Cloud Stream Plus,Subscription billing.,0,1,routine,services
TX000708,2025-03-01 15:59:02,CUST0106,949.13,3796.52,2847.39,0,11.42,0,55.01,15,1,173,0.1331695119937279,1,0,0,1,online purchase,Travel,desktop,1,card,Round-trip flight booking for upcoming summer holiday travel.,Horizon Airlines,,0,2,routine,services
TX000709,2025-03-01 16:45:36,CUST0149,219.62,2745.27,2525.65,0,41.81,0,152.27,16,1,83,0.0942684561955888,2,0,0,1,online purchase,Services,mobile,1,card,Routine oil change and tire rotation for personal vehicle.,Quick Fix Auto Shop,,0,1,routine,services
TX000710,2025-03-01 04:15:10,CUST0188,0.07,70.5,70.43,0,0.0,0,1112.51,4,1,350,0.457814913812836,2,2,1,0,online purchase,Services,desktop,0,card,"Testing account validity with a very small, random donation.",Micro-Donations Int,High volume of failed login attempts from this IP.,1,9,routine,other
TX000711,2025-03-01 09:07:34,CUST0205,35.22,4402.67,4367.45,0,0.0,0,948.58,9,1,304,0.2185589018097827,2,0,0,1,online purchase,Food,mobile,1,card,Morning coffee and a selection of fresh pastries.,Main Street Bakery,,0,1,routine,daily essentials
TX000712,2025-03-01 22:51:34,CUST0090,38.85,647.5,608.65,1,13.21,0,11.96,22,1,139,0.0705769536330207,1,0,0,1,online purchase,Gambling,tablet,1,card,Weekend entertainment deposit for casual poker tournament participation.,Global Casino Online,,0,3,routine,crypto/finance
TX000713,2025-03-02 13:33:23,CUST0194,66.53,2217.57,2151.04,0,0.0,0,430.67,13,1,273,0.2374398743911713,1,0,0,1,online purchase,Electronics,desktop,1,card,Replacement HDMI cable and wireless mouse for home office.,Tech Warehouse,,0,1,routine,daily essentials
TX000714,2025-03-02 10:31:01,CUST0044,136.22,3405.52,3269.3,0,0.0,0,9946.52,10,1,414,0.0842152602872764,1,0,0,1,online purchase,Utilities,desktop,1,bank,Quarterly water and sewage bill for residential property.,State Water Utility,,0,1,routine,daily essentials
TX000715,2025-03-02 18:49:03,CUST0010,13.39,191.3,177.91,0,0.0,0,946.12,18,1,310,0.1073994960049018,1,0,0,0,online purchase,Clothing,mobile,1,card,Two pairs of denim jeans from the clearance sale.,Modern Threads,,0,1,routine,daily essentials
TX000716,2025-03-02 12:53:03,CUST0099,7.79,77.86,70.07,0,0.0,0,494.0,12,1,409,0.2823419375107649,2,1,1,1,online purchase,Crypto,mobile,1,bank,Monthly recurring purchase of Bitcoin for long-term investment.,Crypto Exchange Direct,Scheduled DCA purchase.,0,3,routine,crypto/finance
TX000717,2025-03-02 20:11:57,CUST0218,3.38,282.01,278.63,0,0.0,0,288.65,20,1,276,0.2391132747165187,2,1,1,1,online purchase,Entertainment,mobile,1,card,Two tickets for an evening movie screening and snacks.,City Cinema,,0,1,routine,services
TX000718,2025-03-02 17:47:44,CUST0046,135.38,2707.55,2572.17,0,0.0,0,503.92,17,1,63,0.1837730892861691,2,0,0,1,withdrawal,Services,mobile,1,bank,Cash withdrawal for weekend spending at a local market.,Neighborhood ATM,,0,2,routine,crypto/finance
TX000719,2025-03-03 19:43:14,CUST0119,77.48,3874.11,3796.63,0,0.0,0,632.66,19,0,89,0.1907642478260222,2,0,0,1,online purchase,Food,mobile,1,e-wallet,Family sized pizza and beverage delivery for dinner.,Pizzeria Roma,,0,1,routine,daily essentials
TX000720,2025-03-03 02:55:57,CUST0241,1901.08,3066.25,1165.17,0,0.0,0,176.73,2,0,227,0.3306502903309432,2,1,0,1,online purchase,Crypto,mobile,0,card,Overseas high-risk transaction for digital tokens from unfamiliar vendor.,Alt-Coin Luxury Bazaar,Transaction originated from an IP in a high-risk region.,1,8,routine,crypto/finance
TX000721,2025-03-03 06:51:26,CUST0125,7.46,298.55,291.09,0,0.0,0,196.19,6,0,396,0.2442328211801969,2,1,1,1,online purchase,Services,desktop,1,card,Monthly membership fee for local fitness center access.,Fit & Fast Gym,,0,1,routine,services
TX000722,2025-03-03 07:19:21,CUST0224,120.86,3021.59,2900.73,0,46.01,0,131.79,7,0,402,0.0091253418905635,2,0,0,1,online purchase,Travel,mobile,1,card,Train ticket for a business trip to the capital.,Fast Track Rail,,0,1,routine,daily essentials
TX000723,2025-03-03 11:14:11,CUST0212,236.81,1578.7,1341.89,0,0.0,0,207.93,11,0,226,0.2995135981009242,2,0,0,0,online purchase,Travel,tablet,1,card,Booking for a one-night stay during a weekend getaway.,Luxe Hotel & Spa,,0,1,routine,luxury goods
TX000724,2025-03-03 13:10:38,CUST0004,4.92,223.84,218.92,0,0.0,0,601.54,13,0,367,0.2415296014007472,2,0,0,1,online purchase,Services,mobile,1,card,Purchase of prescription medication and daily vitamins.,Corner Drugstore,,0,1,routine,daily essentials
TX000725,2025-03-03 14:11:02,CUST0298,3.38,42.23,38.85,0,0.0,0,1185.81,14,0,86,0.1352453316117965,1,1,1,1,online purchase,Clothing,mobile,1,card,New pair of running shoes and athletic socks.,The Fashion Hub,,0,1,routine,daily essentials
TX000726,2025-03-03 01:09:00,CUST0240,86.16,1566.63,1480.47,0,0.0,0,1234.25,1,0,231,0.0927682981484959,2,0,0,1,online purchase,Food,desktop,1,card,Subscription charge for a weekly box of fresh meal ingredients.,Weekly Meal Kits,Automatic recurring billing.,0,1,routine,daily essentials
TX000727,2025-03-03 16:43:08,CUST0201,39.18,1031.13,991.95,0,0.0,0,673.33,16,0,271,0.2078227255199341,2,0,0,1,online purchase,Services,desktop,1,card,Bulk purchase of premium cat food and cat litter.,Pet Supplies Direct,,0,1,routine,daily essentials
TX000728,2025-03-03 09:06:44,CUST0138,113.23,3774.46,3661.23,0,0.0,0,3585.11,9,0,149,0.1233458093380232,1,0,0,1,online purchase,Utilities,desktop,1,bank,Monthly high-speed fiber internet service provider payment.,Internet Connect Co,,0,1,routine,services
TX000729,2025-03-03 21:06:28,CUST0091,66.07,3303.69,3237.62,0,0.0,0,1115.35,21,0,188,0.1564739341070745,1,0,0,0,online purchase,Entertainment,desktop,1,e-wallet,Purchase of a new digital RPG game during seasonal sale.,Steam Games Store,,0,1,routine,services
TX000730,2025-03-03 01:11:14,CUST0130,1004.95,1025.46,20.51,0,0.0,0,181.31,1,0,379,1.0,1,1,0,0,transfer,Services,mobile,0,bank,EMERGENCY: Please transfer total balance to relative's account now!,Fast Cash Liquidity,User claimed they were following instructions from 'bank security' call.,1,10,panic,crypto/finance
TX000731,2025-03-03 14:10:53,CUST0098,110.07,786.21,676.14,0,0.0,0,217.56,14,0,415,0.1429412325508015,1,0,0,0,online purchase,Services,desktop,1,card,Payment for eye exam and a new pair of glasses.,Bright Vision Opticians,,0,1,routine,daily essentials
TX000732,2025-03-04 07:12:14,CUST0224,29.01,2900.73,2871.72,1,83.44,0,23.88,7,0,403,0.0091253418905635,2,0,0,1,online purchase,Food,mobile,1,e-wallet,Reload of mobile app balance for daily coffee purchases.,Daily Brew Coffee,,0,1,routine,daily essentials
TX000733,2025-03-04 19:02:11,CUST0169,27.27,302.98,275.71,0,1.83,0,138.23,19,0,330,0.1782905076805715,1,1,1,1,online purchase,Clothing,tablet,1,card,Purchase of new throw pillows and decorative rug for lounge.,Home Comforts Furnishings,,0,1,routine,other
TX000734,2025-03-04 12:57:25,CUST0092,46.0,2300.03,2254.03,0,0.0,0,170.48,12,0,165,0.745065288179806,2,0,0,0,online purchase,Gambling,mobile,1,card,Small wager placed on a weekend championship football match.,Super Bet Sports,,0,3,routine,other
TX000735,2025-03-04 11:19:35,CUST0210,142.98,2382.94,2239.96,0,0.0,0,221.55,11,0,79,0.1945772100546086,1,0,0,1,online purchase,Electronics,desktop,1,card,Purchase of an annual extended warranty for a laptop computer.,Global Tech Support,,0,1,routine,services
TX000736,2025-03-04 18:16:14,CUST0121,3.57,238.04,234.47,0,0.0,0,1279.58,18,0,279,0.2090288823471683,1,0,0,0,online purchase,Services,mobile,1,card,Payment for all-day parking in the downtown business district.,City Parking Garage,,0,1,routine,services
TX000737,2025-03-05 10:50:31,CUST0124,90.09,3003.05,2912.96,0,0.0,0,236.73,10,0,258,0.1564187412741616,2,0,0,0,online purchase,Services,mobile,1,card,Bouquet of flowers delivered for a friend's birthday celebration.,The Flower Shop,,0,1,routine,other
TX000738,2025-03-05 15:51:05,CUST0196,216.79,2709.88,2493.09,0,0.0,0,406.74,15,0,103,0.1333990360376432,1,0,0,1,online purchase,Crypto,desktop,1,bank,Purchase of stablecoins for use in decentralized finance protocols.,Digital Asset Hub,,0,4,routine,crypto/finance
TX000739,2025-03-05 13:44:21,CUST0202,6.26,250.47,244.21,0,0.0,0,480.2,13,0,222,0.3581711866055946,1,1,1,1,online purchase,Services,mobile,1,card,Monthly haircut and beard trim appointment with tip.,Main Street Barber,,0,1,routine,services
TX000740,2025-03-05 14:24:16,CUST0005,244.17,3756.48,3512.31,0,156.52,0,147.6,14,0,255,0.1614676852294236,2,0,0,0,online purchase,Food,desktop,1,card,Member contribution and purchase of bulk dry goods and grains.,Organic Food Co-op,,0,1,routine,daily essentials
TX000741,2025-03-05 16:38:54,CUST0177,155.87,4453.56,4297.69,0,0.0,0,760.39,16,0,388,0.2668435738241782,2,0,0,1,online purchase,Entertainment,mobile,1,card,Collectible record purchase from an independent music retailer.,Vintage Vinyls,,0,1,routine,other
TX000742,2025-03-05 08:36:40,CUST0264,36.72,816.0,779.28,0,0.0,0,490.66,8,0,412,0.1614731058958141,1,0,0,1,online purchase,Utilities,mobile,1,card,Full tank of fuel for the commute to work.,Metro Gas Station,,0,1,routine,daily essentials
TX000743,2025-03-05 15:49:05,CUST0178,3.38,1687.59,1684.21,0,0.0,0,1350.48,15,0,250,0.2128650903004286,2,0,0,1,online purchase,Services,desktop,1,card,Small payment for late return fees and printing services.,City Library Fees,,0,1,routine,other
TX000744,2025-03-06 11:28:52,CUST0036,122.41,1632.13,1509.72,0,0.0,0,1199.07,11,0,218,0.8567043577706266,2,0,0,0,online purchase,Services,mobile,1,card,"Purchase of seeds, soil, and tools for spring gardening.",Suburban Garden Center,,0,1,routine,other
TX000745,2025-03-06 17:29:30,CUST0048,9.32,1165.13,1155.81,0,0.0,0,861.53,17,0,222,0.1143421835130449,2,0,0,0,online purchase,Food,mobile,1,e-wallet,Healthy fruit smoothie and protein snack after a workout.,Smoothie Stop,,0,1,routine,daily essentials
TX000746,2025-03-06 12:47:43,CUST0241,20.97,1165.17,1144.2,0,1901.08,0,81.86,12,0,230,0.3306502903309432,2,1,1,1,online purchase,Entertainment,mobile,1,card,Hardcover novel and a new monthly magazine purchase.,Downtown Bookshop,,0,1,routine,other
TX000747,2025-03-06 08:49:01,CUST0141,22.23,4445.77,4423.54,0,0.0,0,5504.82,8,0,229,0.0944506144240818,2,0,0,1,online purchase,Services,tablet,1,card,Digital subscription for daily access to international news portal.,Global News Sub,Recurring monthly charge.,0,1,routine,services
TX000748,2025-03-06 16:34:17,CUST0075,27.48,654.17,626.69,0,0.0,0,334.08,16,0,323,0.2179713657704712,1,1,1,1,online purchase,Entertainment,mobile,1,card,Bowling lane rental and snacks for a Saturday outing.,Family Fun Center,,0,1,routine,other
TX000749,2025-03-06 17:58:08,CUST0074,66.33,1326.56,1260.23,0,0.0,0,460.74,17,0,330,0.2754263913495592,2,0,0,0,online purchase,Food,mobile,1,card,Two bottles of fine wine for a dinner party host.,Boutique Wine Cellar,,0,1,routine,luxury goods
TX000750,2025-03-06 17:38:58,CUST0230,8.94,198.67,189.73,0,0.0,0,3233.65,17,0,134,0.2222753270918507,2,0,0,1,online purchase,Food,mobile,1,card,Weekly grocery shopping for organic produce and household essentials.,Whole Foods Market,Routine recurring merchant.,0,1,routine,daily essentials
TX000751,2025-03-06 02:57:11,CUST0300,1.73,867.27,865.54,0,0.0,0,201.38,2,0,206,0.0603691501968914,2,0,0,1,online purchase,Entertainment,desktop,1,card,Monthly subscription renewal for standard streaming plan.,Netflix,,0,1,routine,services
TX000752,2025-03-07 20:38:24,CUST0061,11.74,782.45,770.71,0,0.0,0,1200.99,20,0,195,0.2948977780522043,2,0,0,1,online purchase,Entertainment,desktop,1,e-wallet,Purchase of a new digital video game during the seasonal sale.,Steam Games,,0,1,routine,other
TX000753,2025-03-07 09:12:06,CUST0047,530.19,4418.29,3888.1,0,0.0,0,1269.64,9,0,292,0.2200942202510759,1,0,0,1,transfer,Utilities,desktop,1,bank,Automatic payment for the monthly residential electricity bill.,City Power & Light,Autopay enabled.,0,1,routine,daily essentials
TX000754,2025-03-07 08:57:01,CUST0255,9.65,3217.33,3207.68,0,16.17,0,152.25,8,0,325,0.7027641393039422,2,0,0,0,online purchase,Food,mobile,1,card,Morning coffee and pastry purchase at a local branch.,Starbucks Coffee,,0,1,routine,daily essentials
TX000755,2025-03-07 03:18:45,CUST0240,1302.81,1480.47,177.66,0,86.16,0,98.16,3,0,235,0.2113219577781951,2,1,0,1,online purchase,Electronics,desktop,0,card,URGENT: MUST BUY THREE HIGH-END LAPTOPS NOW FOR IMMEDIATE OVERNIGHT SHIPPING!,Elite Electronics Hub,Caller sounded very stressed and refused to answer security questions properly.,1,9,urgent,luxury goods
TX000756,2025-03-07 14:13:25,CUST0172,23.53,840.41,816.88,0,0.0,0,869.63,14,0,97,0.1544331753545235,1,0,0,0,online purchase,Clothing,mobile,1,card,Ordering a new pair of running shoes and sports apparel.,Amazon.com,,0,1,routine,daily essentials
TX000757,2025-03-07 11:31:23,CUST0006,741.85,3372.03,2630.18,0,0.0,0,217.02,11,0,326,0.1718547546368919,2,0,0,0,online purchase,Travel,desktop,1,card,Booking a round-trip domestic flight for a summer vacation.,Delta Airlines,Travel alert set by user for next month.,0,2,routine,services
TX000758,2025-03-07 00:27:26,CUST0100,2.21,2206.74,2204.53,0,0.0,0,9696.46,0,0,404,0.1863225885337139,2,0,0,1,online purchase,Entertainment,mobile,1,card,Standard recurring monthly fee for music streaming services.,Spotify Premium,,0,1,routine,services
TX000759,2025-03-07 22:06:45,CUST0075,5.64,626.69,621.05,0,27.48,0,29.54,22,0,324,0.2179713657704712,1,1,1,1,online purchase,Services,mobile,1,e-wallet,Ride-sharing service from the airport to the city center.,Uber Technologies,,0,1,routine,services
TX000760,2025-03-07 15:42:16,CUST0279,21.96,627.51,605.55,0,0.0,0,1087.83,15,0,367,0.0220980548284439,1,0,0,0,online purchase,Clothing,mobile,1,card,Buying seasonal outfits and accessories at a physical retail store.,H&M Clothing,,0,1,routine,daily essentials
TX000761,2025-03-07 10:32:38,CUST0285,52.34,1046.7,994.36,0,0.0,0,751.69,10,0,162,0.2376696466662555,1,1,1,0,transfer,Crypto,mobile,1,bank,Monthly recurring purchase of small amount of digital assets.,Coinbase Inc,Verified investment account.,0,3,routine,crypto/finance
TX000762,2025-03-07 19:45:07,CUST0151,0.03,5.23,5.2,0,0.0,0,620.53,19,0,297,0.4084357580053124,2,2,2,1,online purchase,Gambling,mobile,1,card,Small deposit for weekend sports tournament entry fee.,DraftKings,,0,3,routine,other
TX000763,2025-03-07 23:31:43,CUST0282,7.49,1871.27,1863.78,0,0.0,0,433.61,23,0,270,0.0135431276824813,1,0,0,1,online purchase,Food,mobile,1,e-wallet,Late-night meal purchase via the mobile ordering application.,McDonad's Restaurant,,0,1,routine,daily essentials
TX000764,2025-03-08 12:41:44,CUST0058,92.24,4612.0,4519.76,0,0.0,0,823.04,12,1,175,0.2590335147311037,1,0,0,1,online purchase,Electronics,tablet,1,card,Purchase of a new charging cable and protective phone case.,Apple Store,,0,1,routine,other
TX000765,2025-03-08 08:14:10,CUST0265,4.66,155.47,150.81,0,0.0,0,339.29,8,1,78,0.3253847874781308,2,2,2,1,online purchase,Food,desktop,1,card,Weekly meal kit subscription delivery payment for two people.,Blue Apron,,0,1,routine,services
TX000766,2025-03-08 13:40:40,CUST0076,4.29,66.02,61.73,0,0.0,0,1459.29,13,1,246,0.2597871619098845,2,0,0,0,transfer,Utilities,desktop,1,bank,Monthly cell phone service bill payment for a family plan.,Verizon Wireless,,0,1,routine,services
TX000767,2025-03-08 16:33:38,CUST0008,128.85,1171.38,1042.53,0,0.0,0,1225.44,16,1,229,0.0912448548198359,2,0,0,1,online purchase,Services,desktop,1,card,Purchase of a new office desk and lamp for home.,IKEA Furniture,,0,2,routine,daily essentials
TX000768,2025-03-08 11:04:03,CUST0184,76.52,956.52,880.0,0,0.0,0,330.75,11,1,87,0.1992938771356943,1,0,0,1,online purchase,Electronics,mobile,1,card,Buying a mid-range computer monitor for a multi-screen setup.,Best Buy,,0,2,routine,other
TX000769,2025-03-08 06:36:09,CUST0111,0.49,61.76,61.27,0,0.0,0,560.42,6,1,136,0.0653897202417576,1,0,0,1,transfer,Services,desktop,1,bank,Monthly gym membership fee automatically deducted from the account.,Planet Fitness,,0,1,routine,services
TX000770,2025-03-08 01:10:51,CUST0263,4.02,2011.21,2007.19,0,0.0,0,492.18,1,1,249,0.2770049152210841,2,1,0,1,online purchase,Crypto,desktop,0,card,I don't know why these tiny charges are appearing help me!,BitX-Global-Trade,A series of 10 micro-transactions from an unfamiliar IP address.,1,10,panic,crypto/finance
TX000771,2025-03-08 18:51:40,CUST0295,1.99,13.25,11.26,0,0.0,0,321.25,18,1,138,0.1512320528770018,1,1,1,1,online purchase,Travel,mobile,1,e-wallet,Rental payment for a weekend getaway in the mountains.,Airbnb,,0,1,routine,services
TX000772,2025-03-08 12:05:10,CUST0107,131.4,2628.09,2496.69,0,0.0,0,1402.3,12,1,383,0.1873555389840371,2,0,0,1,withdrawal,Services,mobile,1,card,Cash withdrawal for weekend farmers market and small tips.,Local ATM,,0,2,routine,crypto/finance
TX000773,2025-03-08 10:52:45,CUST0099,0.84,70.07,69.23,0,7.79,0,142.0,10,1,415,0.2823419375107649,2,1,1,1,online purchase,Services,desktop,1,card,Standard software subscription for graphic design and photo editing.,Adobe Creative Cloud,,0,1,routine,services
TX000774,2025-03-08 07:53:31,CUST0205,78.61,4367.45,4288.84,0,35.22,0,166.77,7,1,311,0.2185589018097827,2,0,0,1,online purchase,Services,mobile,1,card,Fueling up the car for the daily commute to work.,Shell Gas Station,,0,1,routine,daily essentials
TX000775,2025-03-08 21:29:32,CUST0300,19.04,865.54,846.5,0,1.73,0,66.54,21,1,208,0.0603691501968914,2,0,0,1,online purchase,Clothing,tablet,1,card,Purchasing a pair of gym shorts and some cotton socks.,Nike Online,,0,1,routine,other
TX000776,2025-03-08 10:30:11,CUST0216,97.0,2155.5,2058.5,0,0.0,0,782.24,10,1,253,0.9566462966299872,1,1,1,0,online purchase,Entertainment,mobile,1,card,Tickets for an upcoming live music concert in the city.,Ticketmaster,,0,1,routine,other
TX000777,2025-03-09 16:10:02,CUST0296,52.87,3524.75,3471.88,0,0.0,0,677.94,16,1,145,0.3978259922675418,2,1,1,1,online purchase,Services,mobile,1,card,Prescription medication refill and some basic toiletries for home.,CVS Pharmacy,,0,1,routine,daily essentials
TX000778,2025-03-09 19:04:56,CUST0285,11.93,994.36,982.43,0,52.34,0,56.54,19,1,164,0.2376696466662555,1,1,1,0,online purchase,Food,mobile,1,e-wallet,Ordering dinner from a local Italian restaurant for delivery.,DoorDash,,0,1,routine,services
TX000779,2025-03-09 13:33:55,CUST0246,256.95,3426.02,3169.07,0,0.0,0,197.44,13,1,81,0.2177883688579468,1,0,0,0,online purchase,Travel,desktop,1,card,Booking a rental car for a business trip next week.,Expedia,,0,1,routine,services
TX000780,2025-03-09 14:07:53,CUST0212,42.94,1341.89,1298.95,0,236.81,0,146.9,14,1,232,0.2995135981009242,2,0,0,0,online purchase,Clothing,mobile,1,card,Purchase of makeup and skincare products for daily use.,Sephora,,0,1,routine,other
TX000781,2025-03-09 22:19:04,CUST0196,12.47,2493.09,2480.62,0,216.79,0,102.47,22,1,107,0.1333990360376432,1,0,0,1,online purchase,Entertainment,tablet,1,card,Buying a classic indie game on the digital storefront.,Nintendo eShop,,0,1,routine,other
TX000782,2025-03-09 17:29:08,CUST0058,108.47,4519.76,4411.29,0,92.24,0,28.79,17,1,176,0.2590335147311037,1,0,0,1,online purchase,Clothing,mobile,1,card,Purchasing kitchen towels and a set of bed sheets.,Target,,0,1,routine,other
TX000783,2025-03-09 09:50:43,CUST0229,67.94,2717.64,2649.7,0,0.0,0,673.31,9,1,232,0.8137109535926391,2,0,0,0,online purchase,Food,desktop,1,card,Recurring weekly charge for a meal subscription box service.,HelloFresh,,0,1,routine,services
TX000784,2025-03-09 11:11:55,CUST0294,4.11,1371.36,1367.25,0,0.0,0,1357.79,11,1,298,0.2901525588340911,2,0,0,1,online purchase,Entertainment,mobile,1,card,Supporting independent artists through monthly digital membership fees.,Patreon,,0,1,routine,services
TX000785,2025-03-09 10:01:32,CUST0283,97.84,1778.89,1681.05,0,0.0,0,285.86,10,1,201,0.0942231848373984,1,0,0,1,online purchase,Services,mobile,1,card,Purchase of paint and supplies for a DIY home project.,Home Depot,,0,1,routine,daily essentials
TX000786,2025-03-09 13:32:13,CUST0274,7.81,976.12,968.31,0,0.0,0,522.45,13,1,399,0.4116504615586187,2,1,1,0,online purchase,Food,mobile,1,e-wallet,Lunch delivery for a busy workday at the office.,Uber Eats,,0,1,routine,services
TX000787,2025-03-09 04:10:38,CUST0024,1079.19,1135.99,56.8,0,0.0,0,658.49,4,1,430,0.1772851478709586,1,1,0,1,online purchase,Clothing,mobile,0,card,I didn't buy any watch! Why is there a huge charge overseas?,Luxury Timepieces HK,Transaction originated from an IP in a country the customer never visits.,1,10,panic,luxury goods
TX000788,2025-03-09 19:18:24,CUST0067,26.83,1788.8,1761.97,0,0.0,0,2059.31,19,1,85,0.0728988811626876,1,0,0,1,online purchase,Entertainment,mobile,1,card,Movie tickets and snacks for an evening cinema visit.,AMC Theatres,,0,1,routine,other
TX000789,2025-03-09 09:30:55,CUST0050,9.21,1842.33,1833.12,0,0.0,0,1073.19,9,1,277,0.2651037608807262,1,0,0,0,online purchase,Services,desktop,1,card,Digital news subscription renewal for the upcoming year.,The New York Times,,0,1,routine,services
TX000790,2025-03-09 20:27:35,CUST0094,59.73,3318.48,3258.75,0,0.0,0,1916.46,20,1,79,0.2666248962652859,2,0,0,0,online purchase,Clothing,mobile,1,card,Handmade jewelry gift for a friend's upcoming birthday.,Etsy,,0,1,routine,other
TX000791,2025-03-09 14:33:56,CUST0044,71.92,3269.3,3197.38,0,0.0,0,172.05,14,1,421,0.0842152602872764,1,0,0,1,online purchase,Services,mobile,1,card,Replacement garden tools and several bags of potting soil.,Lowe's,,0,1,routine,other
TX000792,2025-03-09 18:55:30,CUST0059,29.24,4177.34,4148.1,0,0.0,0,1248.78,18,1,302,0.8309541754813817,2,0,0,0,online purchase,Gambling,mobile,1,card,Low-stakes bet on the national football championship game.,MGM Sportsbook,,0,3,routine,other
TX000793,2025-03-09 12:34:10,CUST0011,51.81,2590.51,2538.7,0,0.0,0,568.48,12,1,137,0.1359321032078859,1,0,0,1,online purchase,Services,mobile,1,card,Buying a large bag of premium dog food and treats.,Petco,,0,1,routine,daily essentials
TX000794,2025-03-09 10:14:51,CUST0145,47.09,1345.44,1298.35,0,0.0,0,791.24,10,1,328,0.2211515598007557,2,0,0,1,online purchase,Electronics,desktop,1,card,Annual subscription for cloud storage and productivity software.,Microsoft Store,,0,1,routine,services
TX000795,2025-03-09 20:44:58,CUST0158,96.07,1601.2,1505.13,0,0.0,0,263.88,20,1,249,0.1281839825224429,2,0,0,1,online purchase,Services,desktop,1,card,Purchase of a new area rug for the living room.,Wayfair,,0,1,routine,daily essentials
TX000796,2025-03-10 18:35:24,CUST0210,22.4,2239.96,2217.56,0,142.98,0,151.26,18,0,85,0.1945772100546086,1,0,0,1,online purchase,Food,mobile,1,card,Dinner for two including burritos and drinks.,Chipotle Mexican Grill,,0,1,routine,daily essentials
TX000797,2025-03-10 21:30:14,CUST0245,34.69,2312.54,2277.85,0,0.0,0,359.55,21,0,383,0.2773702540926478,2,0,0,0,online purchase,Food,mobile,1,e-wallet,Late evening food delivery from a local sushi bar.,GrubHub,,0,1,routine,services
TX000798,2025-03-10 02:39:14,CUST0025,3653.18,3671.54,18.36,0,0.0,0,274.71,2,0,318,0.4514853914813592,2,1,0,0,transfer,Services,desktop,0,bank,PLEASE SEND ALL MY MONEY TO THIS NEW ACCOUNT IMMEDIATELY DON'T ASK!,QuickTransfer Services,Customer appears highly agitated and is reading from a script over the phone.,1,10,panic,crypto/finance
TX000799,2025-03-10 07:30:52,CUST0282,9.32,1863.78,1854.46,0,7.49,0,55.99,7,0,273,0.0135431276824813,1,0,0,1,online purchase,Services,mobile,1,e-wallet,Short transportation from home to the local train station.,Lyft,,0,1,routine,services
TX000800,2025-03-10 18:24:38,CUST0239,176.08,3912.99,3736.91,0,0.0,0,272.6,18,0,353,0.7887346266164071,1,0,0,0,online purchase,Food,mobile,1,card,Weekly grocery shopping for organic produce and household essentials.,Whole Foods Market,Regular recurring merchant.,0,1,routine,daily essentials
TX000801,2025-03-11 00:24:03,CUST0214,8.44,2812.81,2804.37,0,0.0,0,8064.4,0,0,336,0.1648737844064257,1,0,0,1,online purchase,Entertainment,desktop,1,card,Monthly subscription fee for standard streaming plan renewal.,Netflix,Automated recurring billing.,0,1,routine,services
TX000802,2025-03-11 08:45:18,CUST0292,2.94,1469.51,1466.57,0,0.0,0,4544.76,8,0,189,0.0632086181734744,2,0,0,1,online purchase,Food,mobile,1,e-wallet,Morning coffee and breakfast sandwich order through mobile app.,Starbucks Coffee,,0,1,routine,daily essentials
TX000803,2025-03-11 10:34:14,CUST0284,57.94,1655.51,1597.57,0,0.0,0,1501.61,10,0,90,0.0049911061287374,1,0,0,1,transfer,Utilities,desktop,1,bank,Payment for monthly family mobile phone plan and data.,Verizon Wireless,Scheduled bill pay.,0,1,routine,services
TX000804,2025-03-11 20:45:35,CUST0024,0.45,56.8,56.35,0,1079.19,0,64.58,20,0,432,0.1772851478709586,1,1,1,1,online purchase,Entertainment,desktop,1,card,Purchase of a new indie game during seasonal sale.,Steam Games,,0,1,routine,other
TX000805,2025-03-11 14:23:45,CUST0277,556.81,4640.11,4083.3,0,0.0,0,1366.18,14,0,257,0.1167978797552758,1,0,0,1,online purchase,Travel,desktop,1,card,Booking a round-trip domestic flight for a summer vacation.,Delta Airlines,Travel booking confirmed.,0,2,routine,services
TX000806,2025-03-11 13:50:15,CUST0003,50.68,2303.52,2252.84,0,0.0,0,789.24,13,0,263,0.1654104345528008,2,0,0,1,online purchase,Clothing,mobile,1,card,In-store purchase of seasonal apparel and accessories.,Zara,,0,1,routine,other
TX000807,2025-03-11 03:05:46,CUST0025,16.89,18.36,1.47,0,3653.18,0,24.44,3,0,319,0.6417824697776311,2,2,1,0,online purchase,Electronics,desktop,0,card,URGENT: Immediate checkout of flagship workstation laptop and monitors.,Pro-Level Electronics,Account email was changed 10 minutes prior.,1,9,urgent,luxury goods
TX000808,2025-03-11 23:55:13,CUST0296,17.36,3471.88,3454.52,0,52.87,0,55.75,23,0,147,0.3978259922675418,2,1,1,1,online purchase,Travel,mobile,1,e-wallet,Late-night ride home from a social event downtown.,Uber,,0,1,routine,services
TX000809,2025-03-11 11:22:56,CUST0197,22.98,1914.68,1891.7,0,0.0,0,382.31,11,0,76,0.0238708057689544,2,0,0,1,online purchase,Electronics,mobile,1,card,Buying replacement charging cables and a wireless mouse.,Amazon.com,,0,1,routine,daily essentials
TX000810,2025-03-11 16:11:06,CUST0032,4.85,538.92,534.07,0,0.0,0,464.57,16,0,393,0.2122951936048218,1,0,0,0,online purchase,Clothing,mobile,1,card,Buying basic t-shirts and socks for the upcoming season.,H&M,,0,1,routine,other
TX000811,2025-03-11 12:21:15,CUST0194,4.3,2151.04,2146.74,0,0.0,0,214.8,12,0,282,0.2374398743911713,1,0,0,1,online purchase,Food,mobile,1,card,Quick lunch stop during a busy workday afternoon.,McDonald's,,0,1,routine,daily essentials
TX000812,2025-03-11 05:15:54,CUST0080,11.91,2381.9,2369.99,0,0.0,0,930.75,5,0,391,0.246864074681517,1,0,0,0,transfer,Services,desktop,1,bank,Monthly gym membership fee for health and fitness.,Planet Fitness,Recurring monthly dues.,0,1,routine,services
TX000813,2025-03-11 19:47:20,CUST0174,68.12,801.47,733.35,0,0.0,0,326.23,19,0,138,0.9559582161807316,2,0,0,0,online purchase,Travel,tablet,1,card,Reservation for a weekend getaway in a nearby coastal town.,Airbnb,,0,1,routine,services
TX000814,2025-03-11 09:22:35,CUST0115,62.1,1552.45,1490.35,0,0.0,0,585.19,9,0,363,0.8508490158121271,2,0,0,0,transfer,Utilities,desktop,1,bank,Payment for residential electricity and heating service bill.,Duke Energy,,0,1,routine,daily essentials
TX000815,2025-03-12 02:38:05,CUST0030,47.78,3185.47,3137.69,0,0.0,0,891.25,2,0,315,0.0755913660052042,2,0,0,1,online purchase,Food,mobile,1,card,Weekly meal kit delivery subscription for home cooking.,Blue Apron,Subscription service.,0,1,routine,services
TX000816,2025-03-12 17:05:37,CUST0235,11.1,1110.23,1099.13,0,0.0,0,524.07,17,0,297,0.1846148198564568,1,0,0,0,withdrawal,Travel,mobile,1,card,Gas station fill-up for daily commute and weekend travel.,Shell Oil,,0,1,routine,daily essentials
TX000817,2025-03-12 15:17:45,CUST0187,81.73,3269.31,3187.58,0,0.0,0,1631.28,15,0,333,0.8126448195730781,1,0,0,1,online purchase,Clothing,tablet,1,card,"Shopping for household decor, cleaning supplies, and some apparel.",Target,,0,1,routine,other
TX000818,2025-03-12 04:50:56,CUST0024,0.68,56.35,55.67,1,539.82,0,8.09,4,0,433,0.1772851478709586,1,1,1,1,online purchase,Services,desktop,1,card,Creative Cloud software monthly subscription for graphic design work.,Adobe Systems,Professional software expense.,0,1,routine,services
TX000819,2025-03-12 01:11:48,CUST0171,13.55,4518.21,4504.66,0,0.0,0,992.77,1,0,163,0.0532557484630996,2,0,0,0,online purchase,Entertainment,mobile,1,card,Family plan music streaming monthly subscription fee.,Spotify,,0,1,routine,services
TX000820,2025-03-12 14:42:13,CUST0289,143.59,2209.03,2065.44,0,0.0,0,1675.45,14,0,73,0.1265325198492471,1,0,0,0,online purchase,Electronics,desktop,1,card,Buying a new kitchen appliance for a home renovation.,Best Buy,,0,2,routine,other
TX000821,2025-03-13 02:30:43,CUST0033,3.71,3706.71,3703.0,0,0.0,0,567.06,2,0,411,0.2632769542636263,2,1,0,1,online purchase,Gambling,mobile,0,card,"Multiple small, rapid deposits. Customer is confused by small charges.",GlobalBet Gambling Hub,Pattern of failed logins detected before success.,1,9,panic,other
TX000822,2025-03-13 19:36:00,CUST0154,10.7,3565.2,3554.5,0,0.0,0,399.07,19,0,189,0.4275975521110725,1,1,1,1,online purchase,Food,mobile,1,e-wallet,Quick dinner pickup after leaving the office late.,Chipotle Mexican Grill,,0,1,routine,daily essentials
TX000823,2025-03-13 21:31:42,CUST0087,8.22,256.87,248.65,0,0.0,0,558.94,21,0,258,0.3658759447175774,1,1,1,1,online purchase,Clothing,mobile,1,card,Buying new running shoes for marathon training program.,Nike Online,,0,1,routine,other
TX000824,2025-03-13 10:56:28,CUST0161,11.18,559.12,547.94,0,0.0,0,352.35,10,0,73,0.2915183290471522,2,0,0,1,transfer,Utilities,desktop,1,bank,Quarterly water and sewage bill for residential property.,Local Water Utility,,0,1,routine,daily essentials
TX000825,2025-03-13 11:47:58,CUST0289,309.82,2065.44,1755.62,1,143.59,0,21.1,11,0,74,0.1265325198492471,1,0,0,0,online purchase,Travel,desktop,1,card,Hotel reservation for a business conference in New York.,Expedia,,0,2,routine,services
TX000826,2025-03-13 03:41:26,CUST0060,1.68,112.06,110.38,0,0.0,0,869.26,3,0,100,0.2483551709265748,2,0,0,1,online purchase,Food,mobile,1,card,Payment for weekly meal kits delivery and subscription service.,HelloFresh,Recurring billing.,0,1,routine,services
TX000827,2025-03-13 12:06:44,CUST0167,79.83,2850.98,2771.15,0,0.0,0,395.17,12,0,412,0.1930202718904077,1,0,0,0,online purchase,Clothing,mobile,1,card,In-store purchase of athletic wear and yoga accessories.,Lululemon,,0,1,routine,other
TX000828,2025-03-13 14:28:16,CUST0121,2.34,234.47,232.13,0,0.0,0,212.2,14,0,288,0.2090288823471683,1,0,0,0,online purchase,Services,desktop,1,card,Online professional certification course fee for career development.,Coursera,,0,1,routine,services
TX000829,2025-03-13 18:16:48,CUST0289,10.53,1755.62,1745.09,1,226.7,0,6.48,18,0,74,0.1265325198492471,1,0,0,0,online purchase,Entertainment,mobile,1,card,Tickets for a weekend movie showing with friends.,AMC Theatres,,0,1,routine,other
TX000830,2025-03-13 17:24:22,CUST0145,10.39,1298.35,1287.96,0,47.09,0,103.16,17,0,332,0.2211515598007557,2,0,0,1,withdrawal,Food,mobile,1,card,"Quick grocery run for milk, eggs, and bread.",Safeway,,0,1,routine,daily essentials
TX000831,2025-03-13 20:22:06,CUST0116,122.23,2716.13,2593.9,0,0.0,0,525.59,20,0,328,0.1657749574930738,2,0,0,1,online purchase,Clothing,desktop,1,card,Gift purchase for a family member's birthday celebration.,Nordstrom,,0,1,routine,other
TX000832,2025-03-13 09:11:56,CUST0284,60.71,1597.57,1536.86,0,57.94,0,46.63,9,0,92,0.0049911061287374,1,0,0,1,transfer,Utilities,desktop,1,bank,Monthly internet and cable television bundle service payment.,Xfinity,,0,1,routine,daily essentials
TX000833,2025-03-13 20:54:42,CUST0178,15.16,1684.21,1669.05,0,0.0,0,197.09,20,0,258,0.2128650903004286,2,0,0,1,online purchase,Food,mobile,1,e-wallet,Weekend food delivery order from local Thai restaurant.,Uber Eats,,0,1,routine,services
TX000834,2025-03-13 10:55:57,CUST0117,3.12,3116.89,3113.77,0,0.0,0,1168.45,10,0,334,0.2306548579158424,2,0,0,1,online purchase,Electronics,mobile,1,e-wallet,App Store purchase for mobile productivity application.,Apple Store,,0,1,routine,other
TX000835,2025-03-13 15:04:15,CUST0012,1085.31,4341.25,3255.94,0,0.0,0,793.78,15,0,196,0.2589455972151129,2,0,0,1,online purchase,Travel,desktop,1,card,International flight booking for family holiday during winter.,British Airways,Foreign transaction fee applied.,0,2,routine,services
TX000836,2025-03-13 21:29:51,CUST0065,23.52,1176.14,1152.62,0,0.0,0,1424.73,21,0,196,0.1122895878012226,2,0,0,0,online purchase,Services,tablet,1,card,Purchasing skincare and beauty products from the online store.,Sephora,,0,1,routine,other
TX000837,2025-03-13 13:11:27,CUST0071,0.68,45.4,44.72,0,0.0,0,1091.35,13,0,127,0.1544922225829945,1,1,1,1,online purchase,Services,mobile,1,card,Hiring a local professional for home furniture assembly.,TaskRabbit,,0,1,routine,services
TX000838,2025-03-13 04:48:14,CUST0097,2688.54,4635.41,1946.87,0,0.0,0,774.53,4,0,219,0.1063220714609312,1,1,0,0,online purchase,Clothing,desktop,0,card,Confusing charge from foreign luxury vendor. High urgency requested.,Lux-Overseas Boutique,Merchant IP is from a high-risk region.,1,8,urgent,luxury goods
TX000839,2025-03-13 11:40:49,CUST0264,23.38,779.28,755.9,0,0.0,0,195.07,11,0,420,0.1614731058958141,1,0,0,1,online purchase,Services,mobile,1,card,Supplies for a DIY weekend home improvement project.,Home Depot,,0,1,routine,daily essentials
TX000840,2025-03-14 18:14:27,CUST0152,26.13,2177.83,2151.7,0,0.0,0,1508.01,18,0,134,0.1419565490527036,1,0,0,1,online purchase,Entertainment,mobile,1,e-wallet,Digital purchase of a newly released console game.,Nintendo eShop,,0,1,routine,other
TX000841,2025-03-14 10:47:34,CUST0278,358.05,1989.15,1631.1,0,0.0,0,9106.79,10,0,379,0.0025764382859495,2,0,0,0,transfer,Services,desktop,1,bank,Semi-annual payment for auto insurance policy renewal coverage.,State Farm,Regular recurring bill.,0,1,routine,services
TX000842,2025-03-14 12:49:49,CUST0283,3.36,1681.05,1677.69,0,97.84,0,122.8,12,0,206,0.0942231848373984,1,0,0,1,online purchase,Food,mobile,1,card,Quick lunch purchase at the local sandwich shop.,Subway,,0,1,routine,daily essentials
TX000843,2025-03-14 16:45:34,CUST0267,3.94,563.18,559.24,0,0.0,0,6280.76,16,0,261,0.0254506605216002,1,0,0,0,online purchase,Services,mobile,1,card,Prescription medication refill and health supplies purchase.,CVS Pharmacy,,0,1,routine,daily essentials
TX000844,2025-03-14 20:37:32,CUST0266,2.17,180.8,178.63,0,0.0,0,651.81,20,0,107,0.2349139933106467,1,0,0,0,online purchase,Clothing,tablet,1,card,Buying comfortable casual clothes for weekend loungewear.,Gap,,0,1,routine,other
TX000845,2025-03-14 19:03:46,CUST0267,4.47,559.24,554.77,1,3.94,0,2.3,19,0,261,0.0254506605216002,1,0,0,0,online purchase,Food,mobile,1,card,Ordering dinner delivery from local Italian pizzeria.,GrubHub,,0,1,routine,services
TX000846,2025-03-14 14:28:13,CUST0088,112.69,2253.77,2141.08,0,0.0,0,336.71,14,0,85,0.2840633953278509,1,0,0,1,online purchase,Travel,desktop,1,card,Depositing for a hotel stay in a nearby city.,Booking.com,,0,1,routine,services
TX000847,2025-03-14 01:40:37,CUST0273,488.61,498.58,9.97,0,0.0,0,883.78,1,0,77,0.4170295050019886,2,2,1,0,transfer,Crypto,mobile,0,bank,URGENT: Total balance liquidation to a new crypto wallet provider.,FastCash Services,Suspicious rapid movement of funds after login.,1,10,urgent,crypto/finance
TX000848,2025-03-14 10:08:57,CUST0295,0.39,11.26,10.87,0,1.99,0,135.29,10,0,144,0.1512320528770018,1,1,1,1,online purchase,Entertainment,desktop,1,card,Buying concert tickets for a local music festival.,Ticketmaster,,0,1,routine,other
TX000849,2025-03-14 15:50:56,CUST0183,64.78,3598.98,3534.2,0,0.0,0,1150.05,15,0,161,0.2377402325775376,2,0,0,1,online purchase,Services,mobile,1,card,Buying gardening tools and soil for spring planting.,Lowe's,,0,1,routine,other
TX000850,2025-03-14 08:48:03,CUST0093,8.43,1685.64,1677.21,0,0.0,0,441.56,8,0,222,0.233086853362004,1,0,0,1,online purchase,Food,mobile,1,e-wallet,Morning coffee and breakfast pastry purchase using the mobile app.,Starbucks Coffee,,0,1,routine,daily essentials
TX000851,2025-03-14 14:40:29,CUST0091,388.51,3237.62,2849.11,0,0.0,0,257.57,14,0,199,0.1564739341070745,1,0,0,0,online purchase,Food,desktop,1,card,Weekly grocery shopping for organic produce and household essentials.,Whole Foods Market,,0,1,routine,daily essentials
TX000852,2025-03-14 01:35:12,CUST0245,4.56,2277.85,2273.29,0,34.69,0,76.08,1,0,387,0.2773702540926478,2,0,0,0,online purchase,Entertainment,desktop,1,card,Recurring monthly subscription payment for the premium streaming plan.,Netflix,Automatic recurring payment.,0,1,routine,services
TX000853,2025-03-14 10:23:31,CUST0028,0.22,2.78,2.56,0,0.0,0,438.73,10,0,303,0.6178026272878285,2,3,3,1,online purchase,Utilities,desktop,1,bank,Payment for monthly family mobile plan and data overage.,Verizon Wireless,,0,1,routine,services
TX000854,2025-03-14 16:51:32,CUST0054,839.14,3356.58,2517.44,0,0.0,0,865.63,16,0,250,0.2990783699921168,1,0,0,1,online purchase,Electronics,mobile,1,card,Purchase of a new set of wireless noise-canceling headphones.,Best Buy,,0,2,routine,other
TX000855,2025-03-14 23:18:05,CUST0296,103.64,3454.52,3350.88,0,35.11,0,71.38,23,0,150,0.3978259922675418,2,1,1,1,online purchase,Services,mobile,1,e-wallet,Late night ride share from the airport back home.,Uber,,0,1,routine,services
TX000856,2025-03-14 04:18:34,CUST0040,0.99,989.74,988.75,0,0.0,0,8380.31,4,0,349,0.368069748760192,2,1,0,0,online purchase,Crypto,desktop,0,card,PLEASE TEST TRANSACTION VERIFY ACCOUNT IMMEDIATELY THANK YOU URGENT,BitGo Exchange,Rapid sequence of small attempts detected.,1,10,panic,crypto/finance
TX000857,2025-03-14 19:47:20,CUST0070,211.99,1413.29,1201.3,0,0.0,0,817.18,19,0,204,0.9214855655814652,1,0,0,0,online purchase,Clothing,tablet,1,card,Buying new seasonal outfits and accessories for upcoming vacation.,Zara,,0,1,routine,other
TX000858,2025-03-15 11:55:41,CUST0088,963.49,2141.08,1177.59,1,112.69,0,21.46,11,1,86,0.2840633953278509,1,0,0,1,online purchase,Travel,desktop,1,card,Flight booking for a round-trip business trip next month.,Delta Airlines,,0,1,routine,services
TX000859,2025-03-15 20:10:23,CUST0052,109.71,365.7,255.99,0,0.0,0,438.07,20,1,425,0.3823419432931173,2,1,1,1,online purchase,Travel,mobile,1,card,Deposit for a weekend cabin rental in the mountains.,Airbnb,,0,1,routine,services
TX000860,2025-03-15 05:05:21,CUST0009,44.44,4443.9,4399.46,0,0.0,0,1360.37,5,1,229,0.230196929336281,1,0,0,1,online purchase,Services,desktop,1,card,Monthly gym membership fee for standard access plan.,Planet Fitness,Automated billing.,0,1,routine,services
TX000861,2025-03-15 21:23:16,CUST0168,118.96,2973.94,2854.98,0,0.0,0,1112.01,21,1,88,0.2402333239590166,1,0,0,0,online purchase,Entertainment,desktop,1,e-wallet,Buying a new digital expansion pack for an online game.,Steam Games,,0,1,routine,other
TX000862,2025-03-15 00:25:55,CUST0054,5.03,2517.44,2512.41,1,839.14,0,7.57,0,1,251,0.2990783699921168,1,0,0,1,online purchase,Entertainment,mobile,1,card,Monthly music streaming family plan subscription payment.,Spotify,,0,1,routine,services
TX000863,2025-03-15 17:41:42,CUST0105,166.81,2383.02,2216.21,0,0.0,0,839.06,17,1,197,0.2083543684981106,2,0,0,1,online purchase,Services,mobile,1,card,Payment for furniture assembly services performed at home.,TaskRabbit,,0,1,routine,services
TX000864,2025-03-15 02:30:16,CUST0016,168.95,259.93,90.98,0,0.0,0,389.05,2,1,149,0.2124830920887356,2,1,0,1,online purchase,Clothing,desktop,0,card,CONFIRMED INTERNATIONAL SHIPPING FOR DESIGNER BAG URGENT ORDER NOW,Paris Luxury Boutique,Transaction originated from high-risk IP address overseas.,1,9,urgent,luxury goods
TX000865,2025-03-15 12:11:02,CUST0233,35.5,4437.37,4401.87,0,0.0,0,451.25,12,1,181,0.2198923259224884,2,0,0,0,online purchase,Food,mobile,1,e-wallet,Quick lunch stop for a burger and fries meal.,McDonald's,,0,1,routine,daily essentials
TX000866,2025-03-15 15:00:58,CUST0184,88.0,880.0,792.0,0,0.0,0,171.95,15,1,94,0.1992938771356943,1,0,0,1,online purchase,Clothing,tablet,1,card,Purchase of winter thermal wear and casual sweaters.,Uniqlo,,0,1,routine,other
TX000867,2025-03-15 09:02:01,CUST0201,89.28,991.95,902.67,0,0.0,0,280.31,9,1,283,0.2078227255199341,2,0,0,1,online purchase,Utilities,desktop,1,bank,Payment for home internet and cable TV bundle service.,Comcast Xfinity,,0,1,routine,services
TX000868,2025-03-15 10:24:59,CUST0168,999.24,2854.98,1855.74,1,118.96,0,-10.97,10,1,88,0.2402333239590166,1,0,0,0,online purchase,Travel,desktop,1,card,Hotel stay payment for a three-night vacation trip.,Marriott,,0,1,routine,services
TX000869,2025-03-15 02:08:19,CUST0123,8.01,2668.36,2660.35,0,0.0,0,1642.17,2,1,430,0.8617765740030365,2,0,0,0,online purchase,Entertainment,mobile,1,card,Monthly subscription for ad-free video streaming service.,Hulu,,0,1,routine,services
TX000870,2025-03-15 13:34:42,CUST0293,337.47,1687.37,1349.9,0,0.0,0,975.23,13,1,365,0.2330246253840381,1,0,0,1,online purchase,Crypto,desktop,1,bank,Planned monthly investment in digital currency assets.,Coinbase,,0,3,routine,crypto/finance
TX000871,2025-03-16 15:51:34,CUST0013,28.88,1443.9,1415.02,0,0.0,0,1383.41,15,1,371,0.2551335760302412,2,0,0,1,online purchase,Gambling,mobile,1,card,Small weekend sports bet on a championship match.,Bet365,,0,2,routine,other
TX000872,2025-03-16 23:04:54,CUST0124,2767.31,2912.96,145.65,0,0.0,0,276.24,23,1,269,0.287702489528994,2,1,0,0,transfer,Services,mobile,0,bank,FAST TRANSFER TO FRIEND URGENT HELP NEEDED RIGHT NOW PLEASE,Private Recipient X,Social engineering suspected; customer pressured to transfer.,1,9,panic,other
TX000873,2025-03-16 19:41:22,CUST0247,36.53,2435.63,2399.1,0,0.0,0,924.82,19,1,411,0.0502764735272282,1,0,0,1,online purchase,Food,mobile,1,e-wallet,Dinner for two ordered through the mobile app.,Chipotle Mexican Grill,,0,1,routine,daily essentials
TX000874,2025-03-16 22:56:48,CUST0112,35.35,505.02,469.67,0,0.0,0,1036.02,22,1,219,0.2332435223828453,2,0,0,1,online purchase,Clothing,desktop,1,card,Buying new shoes and a jacket for the winter season.,ASOS,,0,1,routine,daily essentials
TX000875,2025-03-16 09:47:06,CUST0266,8.93,178.63,169.7,0,2.17,0,37.16,9,1,109,0.2349139933106467,1,0,0,0,online purchase,Utilities,desktop,1,bank,Paying the monthly bill for home fiber optic internet.,AT&T,,0,1,routine,services
TX000876,2025-03-16 14:06:50,CUST0277,490.0,4083.3,3593.3,0,556.81,0,119.72,14,1,262,0.1167978797552758,1,0,0,1,online purchase,Travel,tablet,1,card,Car rental booking for an upcoming cross-country road trip.,Expedia,,0,1,routine,services
TX000877,2025-03-16 11:17:01,CUST0287,155.76,3894.11,3738.35,0,0.0,0,1001.74,11,1,356,0.0434267701695467,2,0,0,1,online purchase,Entertainment,desktop,1,card,Annual subscription renewal for family movie streaming channel.,Disney+,,0,1,routine,services
TX000878,2025-03-16 10:50:14,CUST0124,5.83,145.65,139.82,1,2767.31,0,-12.24,10,1,269,0.287702489528994,2,1,1,0,online purchase,Food,desktop,1,card,Subscription payment for weekly meal kit delivery service.,Blue Apron,,0,1,routine,services
TX000879,2025-03-16 10:12:18,CUST0054,100.5,2512.41,2411.91,0,422.08,0,33.77,10,1,252,0.2990783699921168,1,0,0,1,online purchase,Food,mobile,1,card,Weekly charge for fresh ingredients and recipe cards.,HelloFresh,,0,1,routine,services
TX000880,2025-03-16 03:02:08,CUST0182,3340.31,3929.78,589.47,0,0.0,0,396.93,3,1,191,0.3126587691230716,2,1,0,1,online purchase,Electronics,desktop,0,card,BUY NOW BUY NOW SHIP TO NEW ADDRESS IMMEDIATELY NO DELAY,HighEnd Gadgets,User changed password and shipping address minutes before purchase.,1,10,panic,luxury goods
TX000881,2025-03-16 13:37:57,CUST0053,13.7,228.36,214.66,0,0.0,0,1143.37,13,1,188,0.1082148969955817,2,0,0,0,online purchase,Clothing,mobile,1,card,Purchase of skincare products and makeup for a gift.,Sephora,,0,1,routine,other
TX000882,2025-03-16 16:30:59,CUST0227,6.31,63.08,56.77,0,0.0,0,733.2,16,1,76,0.1833070706566252,2,1,1,1,online purchase,Clothing,mobile,1,card,New yoga pants and athletic top for workout classes.,Lululemon,,0,1,routine,other
TX000883,2025-03-16 11:50:16,CUST0090,30.43,608.65,578.22,0,0.0,0,348.98,11,1,154,0.0705769536330207,1,0,0,1,online purchase,Utilities,desktop,1,bank,Quarterly payment for residential water and sewage services.,City Water Utility,,0,1,routine,daily essentials
TX000884,2025-03-16 09:13:04,CUST0290,65.67,1313.38,1247.71,0,0.0,0,872.56,9,1,297,0.1676778419924493,1,0,0,1,online purchase,Travel,mobile,1,card,Seat upgrade and extra baggage fee for international flight.,United Airlines,,0,1,routine,services
TX000885,2025-03-16 20:18:41,CUST0100,11.02,2204.53,2193.51,0,0.0,0,235.85,20,1,413,0.1863225885337139,2,0,0,1,online purchase,Entertainment,tablet,1,card,Monthly subscription for premium movie and series streaming.,HBO Max,,0,1,routine,services
TX000886,2025-03-16 18:01:11,CUST0109,0.79,26.48,25.69,0,0.0,0,390.6,18,1,163,0.1606632755025288,1,1,1,1,online purchase,Services,mobile,1,e-wallet,Payment for pet sitting and dog walking services.,Rover.com,,0,1,routine,services
TX000887,2025-03-16 12:44:21,CUST0040,148.31,988.75,840.44,0,0.99,0,56.43,12,1,351,0.368069748760192,2,1,1,0,online purchase,Crypto,desktop,1,bank,Standard deposit into trading account for future crypto purchases.,Kraken,,0,2,routine,crypto/finance
TX000888,2025-03-16 10:00:38,CUST0188,0.7,70.43,69.73,0,0.0,0,365.76,10,1,365,0.457814913812836,2,2,2,0,online purchase,Gambling,mobile,1,card,Entry fee for a fantasy football tournament league.,DraftKings,,0,1,routine,other
TX000889,2025-03-16 07:46:37,CUST0139,2.0,199.88,197.88,0,0.0,0,417.7,7,1,368,0.2151138471037736,2,0,0,0,online purchase,Food,mobile,1,card,Coffee and box of donuts for the office team.,Dunkin Donuts,,0,1,routine,daily essentials
TX000890,2025-03-16 16:12:37,CUST0076,12.35,61.73,49.38,0,0.0,0,194.53,16,1,254,0.2597871619098845,2,0,0,0,online purchase,Clothing,desktop,1,card,Purchase of a high-quality wool coat for the winter.,Nordstrom,,0,1,routine,other
TX000891,2025-03-16 10:34:47,CUST0268,308.47,4406.68,4098.21,0,0.0,0,1284.7,10,1,183,0.0372904419857371,2,0,0,1,online purchase,Utilities,desktop,1,bank,Paying the monthly utility bill for gas and electricity.,PG&E,,0,1,routine,daily essentials
TX000892,2025-03-16 15:24:15,CUST0078,271.62,970.06,698.44,0,0.0,0,363.76,15,1,328,0.2061660365519345,1,0,0,1,online purchase,Travel,desktop,1,card,Booking a room for a family wedding weekend stay.,Hilton Hotels,,0,1,routine,services
TX000893,2025-03-16 19:15:35,CUST0118,43.74,2187.24,2143.5,0,0.0,0,1225.45,19,1,102,0.2797682409679856,2,0,0,1,online purchase,Entertainment,mobile,1,card,Tickets and snacks for an evening movie screening.,AMC Theatres,,0,1,routine,other
TX000894,2025-03-17 12:44:28,CUST0299,44.89,748.14,703.25,0,0.0,0,455.88,12,0,280,0.0920448622502855,2,0,0,1,online purchase,Services,mobile,1,card,Booking a professional cleaning service for the apartment.,Handy.com,,0,1,routine,services
TX000895,2025-03-17 20:21:46,CUST0015,59.91,3993.68,3933.77,0,0.0,0,824.02,20,0,112,0.2859596708448945,1,0,0,1,online purchase,Food,mobile,1,card,Drive-thru dinner purchase for a quick family meal.,Burger King,,0,1,routine,daily essentials
TX000896,2025-03-17 14:10:04,CUST0202,19.54,244.21,224.67,0,0.0,0,288.43,14,0,234,0.3581711866055946,1,1,1,1,online purchase,Clothing,tablet,1,card,Buying two pairs of denim jeans during the sale.,Levi's Store,,0,1,routine,other
TX000897,2025-03-17 13:37:21,CUST0026,87.47,2915.62,2828.15,0,0.0,0,739.13,13,0,110,0.1403183288116792,2,0,0,1,online purchase,Food,mobile,1,card,Lunch meeting with a colleague at a nearby restaurant.,Local Bistro,,0,1,routine,daily essentials
TX000898,2025-03-17 21:55:20,CUST0163,84.66,846.55,761.89,0,0.0,0,564.9,21,0,394,0.2695091823757683,2,0,0,1,online purchase,Electronics,desktop,1,card,Ordering a new smart speaker and home lighting system.,Amazon.com,,0,2,routine,daily essentials
TX000899,2025-03-17 11:40:54,CUST0159,87.18,4358.93,4271.75,0,0.0,0,1078.36,11,0,419,0.8065060183481829,2,0,0,0,online purchase,Services,mobile,1,card,Purchasing essential vitamins and daily medication refills.,CVS Pharmacy,,0,1,routine,daily essentials
TX000900,2025-03-17 08:27:15,CUST0045,11.1,2219.05,2207.95,0,0.0,0,929.83,8,0,86,0.0431854536154177,1,0,0,1,online purchase,Food,mobile,1,e-wallet,Morning latte and breakfast pastry purchase at local cafe.,Starbucks Coffee,,0,1,routine,daily essentials
TX000901,2025-03-17 14:20:15,CUST0016,4.09,90.98,86.89,0,168.95,0,59.83,14,0,151,0.2124830920887356,2,1,1,1,online purchase,Electronics,desktop,1,card,Purchase of replacement HDMI cables and a USB-C hub.,Amazon.com,Standard shipping selected.,0,1,routine,daily essentials
TX000902,2025-03-17 03:50:11,CUST0113,3240.26,3522.02,281.76,0,0.0,0,1642.59,3,0,402,0.1456494429460083,2,1,0,0,transfer,Crypto,mobile,0,bank,URGENT: Immediate transfer of nearly all funds to new wallet.,Global Crypto Exchange,User account password recently reset.,1,10,urgent,crypto/finance
TX000903,2025-03-17 17:42:41,CUST0139,23.75,197.88,174.13,0,2.0,0,33.93,17,0,369,0.2151138471037736,2,0,0,0,online purchase,Food,mobile,1,card,Bi-weekly grocery shopping for organic produce and household essentials.,Whole Foods Market,,0,1,routine,daily essentials
TX000904,2025-03-17 00:10:45,CUST0125,4.37,291.09,286.72,0,0.0,0,329.32,0,0,410,0.2442328211801969,2,1,1,1,online purchase,Entertainment,desktop,1,card,Monthly recurring subscription payment for premium streaming service.,Netflix,Automated billing cycle.,0,1,routine,services
TX000905,2025-03-17 10:06:37,CUST0275,346.48,4330.96,3984.48,0,0.0,0,792.5,10,0,386,0.1381486151223167,2,0,0,1,online purchase,Utilities,desktop,1,bank,Payment for monthly family mobile plan and data usage.,Verizon Wireless,,0,1,routine,services
TX000906,2025-03-17 20:24:24,CUST0154,71.09,3554.5,3483.41,0,10.7,0,96.81,20,0,193,0.4275975521110725,1,1,1,1,online purchase,Entertainment,desktop,1,e-wallet,Purchase of a new digital indie game during seasonal sale.,Steam Games,,0,1,routine,other
TX000907,2025-03-17 13:52:41,CUST0172,53.1,816.88,763.78,0,0.0,0,239.65,13,0,107,0.1544331753545235,1,0,0,0,online purchase,Clothing,mobile,1,card,Buying a new winter coat and matching wool scarf.,Zara,In-store pickup selected.,0,1,routine,other
TX000908,2025-03-18 18:36:58,CUST0081,46.12,1317.83,1271.71,0,0.0,0,606.24,18,0,335,0.2235876840982851,2,0,0,1,online purchase,Services,mobile,1,card,Refueling personal vehicle at gas station near home office.,Shell Oil,,0,1,routine,daily essentials
TX000909,2025-03-18 21:33:24,CUST0109,0.64,25.69,25.05,0,0.79,0,51.54,21,0,165,0.1606632755025288,1,1,1,1,online purchase,Food,mobile,1,e-wallet,Late night dinner delivery for Thai food order.,Uber Eats,,0,1,routine,services
TX000910,2025-03-18 02:48:10,CUST0036,1283.26,1509.72,226.46,0,0.0,0,279.32,2,0,230,1.0,2,1,0,0,online purchase,Electronics,mobile,0,card,High-value purchase of MacBook Pro from unrecognized mobile device.,Apple Store Online,Customer claims they are traveling but IP is suspicious.,1,8,urgent,luxury goods
TX000911,2025-03-18 11:33:31,CUST0239,1307.92,3736.91,2428.99,0,0.0,0,185.15,11,0,361,0.7887346266164071,1,0,0,0,online purchase,Travel,desktop,1,card,Booking a round-trip ticket for an upcoming family wedding.,Delta Air Lines,Frequent flyer miles applied partially.,0,1,routine,services
TX000912,2025-03-18 09:17:56,CUST0215,26.11,2611.18,2585.07,0,0.0,0,425.05,9,0,126,0.93264492878,1,0,0,0,withdrawal,Services,desktop,1,bank,Monthly gym membership fee processed via automatic bank withdrawal.,Planet Fitness,,0,1,routine,services
TX000913,2025-03-19 15:19:56,CUST0279,18.17,605.55,587.38,0,0.0,0,287.63,15,0,379,0.0220980548284439,1,0,0,0,online purchase,Clothing,mobile,1,card,Buying basic t-shirts and socks for the upcoming season.,H&M,,0,1,routine,other
TX000914,2025-03-19 20:14:16,CUST0181,607.26,3036.31,2429.05,0,0.0,0,729.66,20,0,206,0.0288536928527474,1,0,0,0,online purchase,Travel,tablet,1,card,Down payment for a vacation rental in the countryside.,Airbnb,,0,1,routine,services
TX000915,2025-03-19 07:20:28,CUST0228,26.63,3328.19,3301.56,0,0.0,0,3127.34,7,0,130,0.2678365777772575,2,0,0,1,online purchase,Entertainment,mobile,1,card,Monthly music streaming subscription for individual account.,Spotify,,0,1,routine,services
TX000916,2025-03-19 12:58:28,CUST0044,319.74,3197.38,2877.64,0,0.0,0,238.41,12,0,431,0.0842152602872764,1,0,0,1,online purchase,Utilities,desktop,1,bank,Monthly residential electricity and gas utility bill payment.,Pacific Gas & Electric,,0,1,routine,daily essentials
TX000917,2025-03-19 19:58:29,CUST0034,2.41,160.52,158.11,0,0.0,0,653.2,19,0,197,0.1179749565353476,1,0,0,0,online purchase,Food,mobile,1,card,Friday night pizza delivery for small group gathering.,Domino's Pizza,,0,1,routine,daily essentials
TX000918,2025-03-19 14:08:17,CUST0155,147.68,984.53,836.85,0,0.0,0,579.37,14,0,375,0.9434765956938906,1,0,0,0,online purchase,Services,desktop,1,card,Purchase of a new bookshelf and office chair.,IKEA,,0,1,routine,daily essentials
TX000919,2025-03-19 11:44:01,CUST0236,289.92,4831.98,4542.06,0,0.0,0,722.71,11,0,381,0.1198936683161768,2,0,0,1,online purchase,Clothing,mobile,1,e-wallet,Ordering a pair of running shoes for marathon training.,Nike,,0,1,routine,other
TX000920,2025-03-19 10:45:55,CUST0188,3.49,69.73,66.24,0,0.7,0,72.75,10,0,368,0.457814913812836,2,2,2,0,online purchase,Crypto,desktop,1,bank,Scheduled monthly purchase of Ethereum for long-term investment.,Coinbase,,0,2,routine,crypto/finance
TX000921,2025-03-19 16:17:46,CUST0197,22.7,1891.7,1869.0,0,0.0,0,196.91,16,0,84,0.0238708057689544,2,0,0,1,online purchase,Entertainment,mobile,1,card,Two tickets for a weekend matinee movie screening.,AMC Theatres,,0,1,routine,other
TX000922,2025-03-19 13:03:11,CUST0191,6.44,160.91,154.47,0,0.0,0,441.2,13,0,397,0.5593714550038025,1,2,2,1,online purchase,Services,tablet,1,card,Buying gardening supplies and potting soil for spring.,Lowe's,,0,1,routine,other
TX000923,2025-03-19 04:22:34,CUST0236,9.08,4542.06,4532.98,1,289.92,0,-7.36,4,0,381,0.2438724019794121,2,1,0,1,online purchase,Services,desktop,0,card,Confusing series of tiny transactions to verify account validity.,MicroDigital Services,Failed login attempts detected prior to purchase.,1,9,urgent,services
TX000924,2025-03-19 18:06:40,CUST0235,27.48,1099.13,1071.65,0,0.0,0,169.02,18,0,304,0.1846148198564568,1,0,0,0,online purchase,Services,mobile,1,card,Refilling a prescription and buying some vitamins.,CVS Pharmacy,,0,1,routine,daily essentials
TX000925,2025-03-20 10:59:47,CUST0260,272.63,1090.53,817.9,0,0.0,0,1728.41,10,0,219,0.0798304644063525,1,0,0,1,online purchase,Travel,desktop,1,card,Booking a room for an upcoming business conference.,Hilton Hotels,,0,1,routine,services
TX000926,2025-03-20 22:10:28,CUST0086,30.96,1719.97,1689.01,0,0.0,0,1125.42,22,0,87,0.2315030375641645,1,0,0,0,online purchase,Entertainment,mobile,1,e-wallet,Buying a digital DLC expansion for a console game.,Nintendo eShop,,0,1,routine,other
TX000927,2025-03-20 12:39:42,CUST0277,71.87,3593.3,3521.43,0,490.0,0,94.55,12,0,266,0.1167978797552758,1,0,0,1,online purchase,Gambling,mobile,1,card,Small deposit for weekend sports betting on football.,BetMGM,,0,2,routine,other
TX000928,2025-03-20 14:03:41,CUST0059,373.33,4148.1,3774.77,0,0.0,0,259.14,14,0,313,0.8309541754813817,2,0,0,0,online purchase,Electronics,desktop,1,card,Purchasing a new microwave to replace a broken one.,Best Buy,,0,1,routine,other
TX000929,2025-03-20 09:16:20,CUST0010,7.12,177.91,170.79,0,0.0,0,422.45,9,0,328,0.1073994960049018,1,0,0,0,online purchase,Food,desktop,1,card,Weekly meal kit subscription box delivery payment.,HelloFresh,,0,1,routine,services
TX000930,2025-03-20 15:07:56,CUST0274,77.46,968.31,890.85,0,0.0,0,265.6,15,0,410,0.4116504615586187,2,1,1,0,online purchase,Travel,tablet,1,card,Car rental reservation for a weekend trip to the coast.,Expedia,,0,1,routine,services
TX000931,2025-03-20 17:23:21,CUST0149,126.28,2525.65,2399.37,0,0.0,0,456.63,17,0,102,0.0942684561955888,2,0,0,1,online purchase,Clothing,mobile,1,card,Buying new school clothes for the children.,Old Navy,,0,1,routine,other
TX000932,2025-03-20 10:14:04,CUST0187,31.88,3187.58,3155.7,0,0.0,0,186.94,10,0,341,0.8126448195730781,1,0,0,1,online purchase,Food,mobile,1,card,Purchase of two bags of whole bean roasted coffee.,Blue Bottle Coffee,,0,1,routine,daily essentials
TX000933,2025-03-20 11:05:37,CUST0248,31.53,900.73,869.2,0,0.0,0,1204.47,11,0,209,0.0392837214130572,2,0,0,1,online purchase,Utilities,desktop,1,bank,Payment for home fiber optic internet service.,AT&T,,0,1,routine,services
TX000934,2025-03-21 19:37:25,CUST0158,7.53,1505.13,1497.6,0,0.0,0,286.87,19,0,261,0.1281839825224429,2,0,0,1,online purchase,Gambling,mobile,1,card,Fantasy sports entry fee for weekly tournament.,DraftKings,,0,1,routine,other
TX000935,2025-03-21 14:52:30,CUST0227,3.41,56.77,53.36,0,6.31,0,118.36,14,0,81,0.1833070706566252,2,1,1,1,online purchase,Electronics,desktop,1,card,Purchase of a wireless ergonomic mouse and keyboard.,Logitech,,0,1,routine,daily essentials
TX000936,2025-03-21 09:57:55,CUST0103,108.17,1545.26,1437.09,0,0.0,0,499.13,9,0,126,0.8178749185349781,1,0,0,0,online purchase,Services,tablet,1,card,Buying lumber and screws for a backyard DIY project.,The Home Depot,,0,1,routine,other
TX000937,2025-03-21 12:09:42,CUST0137,15.76,1575.63,1559.87,0,0.0,0,1024.5,12,0,269,0.0919652735661293,1,0,0,0,online purchase,Food,mobile,1,e-wallet,Lunch order for two people via mobile app.,Chipotle,,0,1,routine,daily essentials
TX000938,2025-03-21 16:29:30,CUST0002,136.67,3416.78,3280.11,0,0.0,0,619.66,16,0,421,0.0402817341083263,1,0,0,1,online purchase,Clothing,mobile,1,card,Buying heat-tech innerwear for the winter season.,Uniqlo,,0,1,routine,other
TX000939,2025-03-21 11:17:40,CUST0106,56.95,2847.39,2790.44,0,0.0,0,475.31,11,0,193,0.1331695119937279,1,0,0,1,online purchase,Services,desktop,1,card,Enrolling in a professional certificate course online.,Coursera,,0,1,routine,services
TX000940,2025-03-21 08:52:18,CUST0075,3.11,621.05,617.94,0,0.0,0,322.76,8,0,338,0.2179713657704712,1,1,1,1,online purchase,Entertainment,mobile,1,card,Monthly support for a favorite independent podcast creator.,Patreon,,0,1,routine,services
TX000941,2025-03-21 20:06:31,CUST0046,38.58,2572.17,2533.59,0,0.0,0,458.31,20,0,82,0.1837730892861691,2,0,0,1,online purchase,Services,mobile,1,card,Buying toiletries and some cleaning supplies.,Walgreens,,0,1,routine,daily essentials
TX000942,2025-03-21 23:05:55,CUST0109,0.5,25.05,24.55,0,0.72,0,73.54,23,0,168,0.1606632755025288,1,1,1,1,online purchase,Services,mobile,1,e-wallet,Late night ride home from the airport.,Lyft,,0,1,routine,services
TX000943,2025-03-21 01:40:24,CUST0176,3093.39,3965.88,872.49,0,0.0,0,1110.32,1,0,82,0.3698514188179769,1,1,0,0,online purchase,Travel,desktop,0,card,"Large, unusual purchase for luxury travel services in foreign currency.",Lux-Travel-Asia,Transaction originated from a known high-risk IP range.,1,8,urgent,luxury goods
TX000944,2025-03-21 08:20:52,CUST0205,42.89,4288.84,4245.95,0,0.0,0,312.46,8,0,324,0.2185589018097827,2,0,0,1,online purchase,Services,mobile,1,e-wallet,Commute to the downtown office for a meeting.,Uber,,0,1,routine,services
TX000945,2025-03-21 10:12:17,CUST0157,320.25,4574.98,4254.73,0,0.0,0,1639.97,10,0,298,0.4374444587790046,2,1,1,1,online purchase,Entertainment,desktop,1,card,Buying two tickets for a concert next month.,Ticketmaster,,0,1,routine,other
TX000946,2025-03-21 12:08:09,CUST0172,6.11,763.78,757.67,0,53.1,0,94.26,12,0,111,0.1544331753545235,1,0,0,0,online purchase,Food,mobile,1,card,Quick lunch pick-up including soup and salad.,Panera Bread,,0,1,routine,daily essentials
TX000947,2025-03-22 14:29:19,CUST0157,148.92,4254.73,4105.81,0,320.25,0,28.28,14,1,299,0.4374444587790046,2,1,1,1,online purchase,Clothing,tablet,1,card,Buying new jeans and hoodies during a store-wide sale.,Gap,,0,1,routine,other
TX000948,2025-03-22 16:14:52,CUST0272,120.83,1208.27,1087.44,0,0.0,0,940.45,16,1,314,0.2887084179744588,1,0,0,1,transfer,Crypto,desktop,1,bank,Adding funds to crypto account for decentralized finance exploration.,Binance,,0,3,routine,crypto/finance
TX000949,2025-03-22 18:04:57,CUST0234,144.72,4824.07,4679.35,0,0.0,0,4770.08,18,1,198,0.0214589791386497,2,0,0,1,online purchase,Services,mobile,1,card,Buying a large bag of dog food and some treats.,PetSmart,,0,1,routine,daily essentials
TX000950,2025-03-22 08:03:52,CUST0257,9.64,1928.14,1918.5,0,0.0,0,1361.97,8,1,215,0.0361110947126189,1,0,0,0,online purchase,Food,mobile,1,card,Morning breakfast and latte purchase for daily commute to work office,Starbucks Coffee,Regular recurring merchant for this customer.,0,1,routine,daily essentials
TX000951,2025-03-22 00:39:54,CUST0220,37.64,3136.58,3098.94,0,0.0,0,994.29,0,1,308,0.0035001238276776,2,0,0,1,online purchase,Entertainment,desktop,1,card,Standard monthly subscription fee for premium family entertainment streaming plan,Netflix Streaming,,0,1,routine,services
TX000952,2025-03-22 10:29:35,CUST0259,81.44,958.11,876.67,0,0.0,0,546.49,10,1,337,0.9654760279285493,1,0,0,1,transfer,Utilities,desktop,1,bank,Automatic payment for monthly residential electricity and grid maintenance service bill,City Electric Utilities,Verified utility provider.,0,1,routine,daily essentials
TX000953,2025-03-22 03:28:45,CUST0288,605.97,644.65,38.68,0,0.0,0,932.06,3,1,330,0.5388327231423229,2,1,1,1,online purchase,Electronics,mobile,0,card,URGENT PLEASE AUTHORIZE THIS LARGE ELECTRONICS PURCHASE IMMEDIATELY FOR SYSTEM UPGRADE,Elite Electronics Hub,Unusual high value transaction from new device at night.,1,9,panic,luxury goods
TX000954,2025-03-22 14:10:01,CUST0194,96.6,2146.74,2050.14,0,0.0,0,265.81,14,1,293,0.2374398743911713,1,0,0,1,online purchase,Clothing,mobile,1,card,Purchase of seasonal winter clothing including jackets and boots for family,Amazon Marketplace,,0,1,routine,other
TX000955,2025-03-22 17:49:33,CUST0245,163.68,2273.29,2109.61,0,0.0,0,208.24,17,1,395,0.2773702540926478,2,0,0,0,online purchase,Food,mobile,1,card,Weekly grocery shopping for fresh produce and organic household essentials,Whole Foods Market,Transaction matches user's historical spending patterns.,0,1,routine,daily essentials
TX000956,2025-03-23 22:34:33,CUST0248,13.04,869.2,856.16,0,31.53,0,83.48,22,1,212,0.0392837214130572,2,0,0,1,online purchase,Travel,mobile,1,e-wallet,Ride share service from local airport to residential home address,Uber Technologies,,0,1,routine,services
TX000957,2025-03-23 11:29:38,CUST0089,682.21,3790.07,3107.86,0,0.0,0,716.21,11,1,420,0.8549033066437608,1,0,0,0,online purchase,Electronics,desktop,1,card,Purchase of a new high definition computer monitor for home office,Best Buy Store,,0,1,routine,daily essentials
TX000958,2025-03-23 06:07:59,CUST0129,15.93,1592.57,1576.64,0,0.0,0,1330.73,6,1,194,0.1284150387260398,1,0,0,0,online purchase,Services,mobile,1,card,Monthly gym membership dues for access to local fitness center facilities,Planet Fitness,Automatic monthly charge.,0,1,routine,services
TX000959,2025-03-23 20:30:00,CUST0157,143.7,4105.81,3962.11,0,234.58,0,30.01,20,1,300,0.4374444587790046,2,1,1,1,online purchase,Entertainment,desktop,1,card,Digital purchase of a newly released adventure video game for PC,Steam Games,,0,1,routine,other
TX000960,2025-03-23 09:28:57,CUST0178,83.45,1669.05,1585.6,0,0.0,0,228.57,9,1,268,0.2128650903004286,2,0,0,1,online purchase,Crypto,mobile,1,bank,Small recurring investment purchase of digital currency for personal savings portfolio,Coinbase Exchange,Verified KYC account.,0,2,routine,crypto/finance
TX000961,2025-03-24 18:48:04,CUST0271,10.74,537.02,526.28,0,0.0,0,682.48,18,0,196,0.2692947563713633,1,0,0,1,online purchase,Gambling,mobile,1,card,Deposit for weekend sports wagering activity on major league football games,DraftKings,,0,2,routine,other
TX000962,2025-03-24 12:54:59,CUST0034,9.49,158.11,148.62,0,2.41,0,112.94,12,0,202,0.1179749565353476,1,0,0,0,online purchase,Clothing,mobile,1,card,Purchase of several professional clothing items for upcoming corporate job interviews,Zara Fashion,,0,1,routine,daily essentials
TX000963,2025-03-24 13:48:56,CUST0252,8.08,1009.86,1001.78,0,0.0,0,1311.83,13,0,146,0.2701377513176486,1,0,0,0,online purchase,Food,mobile,1,card,Quick lunch order for pickup from local fast casual restaurant branch,Chipotle Mexican Grill,,0,1,routine,daily essentials
TX000964,2025-03-25 10:09:27,CUST0235,96.45,1071.65,975.2,0,27.48,0,136.05,10,0,310,0.1846148198564568,1,0,0,0,transfer,Utilities,desktop,1,bank,Monthly cellular mobile data plan and device installment payment charge,Verizon Wireless,,0,1,routine,services
TX000965,2025-03-25 15:30:31,CUST0279,246.7,587.38,340.68,0,18.17,0,144.18,15,0,385,0.0220980548284439,1,0,0,0,online purchase,Travel,desktop,1,card,Booking a round trip economy ticket for a planned domestic summer vacation,Delta Air Lines,Advance travel booking.,0,1,routine,services
TX000966,2025-03-25 19:35:40,CUST0184,11.88,792.0,780.12,0,0.0,0,244.58,19,0,104,0.1992938771356943,1,0,0,1,online purchase,Entertainment,mobile,1,card,Purchase of two tickets for a weekend evening movie screening event,AMC Theatres,,0,1,routine,other
TX000967,2025-03-25 10:38:32,CUST0034,0.59,148.62,148.03,1,5.95,0,21.73,10,0,203,0.1179749565353476,1,0,0,0,online purchase,Services,mobile,1,e-wallet,Standard self-service laundry wash and dry payment via mobile app,Local Laundromat,,0,1,routine,daily essentials
TX000968,2025-03-25 02:46:54,CUST0187,6.31,3155.7,3149.39,0,31.88,0,112.55,2,0,346,1.0,1,1,0,1,online purchase,Services,desktop,0,card,Small verification test charge to confirm account credentials and card processing status,QuickVerify Services,Rapid succession of failed login attempts preceded this charge.,1,7,routine,services
TX000969,2025-03-25 16:05:47,CUST0154,104.5,3483.41,3378.91,0,0.0,0,187.69,16,0,201,0.4275975521110725,1,1,1,1,online purchase,Clothing,mobile,1,card,Online order of basic apparel items for the upcoming autumn season,H&M Clothing,,0,1,routine,daily essentials
TX000970,2025-03-25 23:34:49,CUST0293,8.1,1349.9,1341.8,0,0.0,0,250.0,23,0,375,0.2330246253840381,1,0,0,1,online purchase,Food,mobile,1,card,Late night meal purchase from a drive-thru restaurant location during transit,McDonalds Store,,0,1,routine,daily essentials
TX000971,2025-03-25 14:10:58,CUST0081,69.94,1271.71,1201.77,0,46.12,0,163.57,14,0,342,0.2235876840982851,2,0,0,1,online purchase,Electronics,mobile,1,card,Purchase of a new smartphone case and charging cable from online store,Apple Services,,0,1,routine,services
TX000972,2025-03-26 11:14:56,CUST0211,6.28,41.85,35.57,0,0.0,0,1160.0,11,0,307,0.4133509592665563,1,1,1,1,online purchase,Travel,desktop,1,card,Hotel accommodation booking for a three-day business trip in the city,Expedia Travel,,0,1,routine,services
TX000973,2025-03-26 01:43:55,CUST0160,26.15,3269.03,3242.88,0,0.0,0,2009.07,1,0,202,0.0147230147858645,2,0,0,0,online purchase,Entertainment,tablet,1,card,Monthly subscription renewal for family-oriented animated and live action film library,Disney Plus,,0,1,routine,services
TX000974,2025-03-26 11:43:27,CUST0006,65.75,2630.18,2564.43,0,0.0,0,456.2,11,0,345,0.1718547546368919,2,0,0,0,online purchase,Services,mobile,1,e-wallet,Payment for professional hair styling and grooming services at local barber,Barber Shop Elite,,0,1,routine,services
TX000975,2025-03-26 15:19:25,CUST0110,205.44,3423.99,3218.55,0,0.0,0,1324.92,15,0,347,0.1594127196893995,1,0,0,1,transfer,Crypto,mobile,1,bank,Transfer of funds into digital wallet for regular cryptocurrency trading activity,Binance US,,0,3,routine,crypto/finance
TX000976,2025-03-26 19:32:52,CUST0191,4.63,154.47,149.84,0,0.0,0,174.49,19,0,404,0.5593714550038025,1,2,2,1,online purchase,Gambling,mobile,1,e-wallet,Electronic wallet deposit for entertainment and recreational gambling on weekend events,Bet365 Sports,,0,3,routine,other
TX000977,2025-03-26 10:39:57,CUST0140,44.89,1122.37,1077.48,0,0.0,0,690.68,10,0,234,0.1029466775133599,2,0,0,1,online purchase,Electronics,mobile,1,card,Purchase of smart home light bulbs and outdoor security lighting fixtures,Home Depot,,0,1,routine,daily essentials
TX000978,2025-03-27 21:16:24,CUST0179,11.35,1621.64,1610.29,0,0.0,0,1278.66,21,0,276,0.2465295822519579,2,0,0,0,online purchase,Food,mobile,1,card,Evening snack purchase via mobile ordering app for local store pickup,Taco Bell,,0,1,routine,daily essentials
TX000979,2025-03-27 15:21:05,CUST0233,286.12,4401.87,4115.75,0,0.0,0,291.17,15,0,193,0.2198923259224884,2,0,0,0,online purchase,Clothing,desktop,1,card,Purchase of two pairs of denim jeans from official brand online store,Levi Strauss,,0,1,routine,daily essentials
TX000980,2025-03-27 10:59:53,CUST0114,12.22,305.5,293.28,0,0.0,0,813.72,10,0,191,0.0345872785453475,1,0,0,1,transfer,Utilities,desktop,1,bank,Bi-monthly water and sewage utility service payment for primary residence,Consolidated Water,,0,1,routine,daily essentials
TX000981,2025-03-27 13:31:38,CUST0128,562.89,4690.71,4127.82,0,0.0,0,623.29,13,0,266,0.7237620957090393,2,0,0,0,online purchase,Travel,mobile,1,card,Down payment for a one-night stay during a weekend city visit,Marriott Hotels,,0,1,routine,services
TX000982,2025-03-27 04:37:24,CUST0236,3717.04,4532.98,815.94,0,0.0,0,192.25,4,0,389,0.3926468823752945,2,2,1,1,online purchase,Electronics,tablet,0,card,Overseas purchase of luxury goods for immediate shipment to international logistics hub,Luxury Timepieces Zurich,High value international purchase mismatching customer profile.,1,9,urgent,luxury goods
TX000983,2025-03-28 02:01:59,CUST0049,22.29,3715.67,3693.38,0,0.0,0,5066.03,2,0,211,0.2842688440269662,1,0,0,0,online purchase,Entertainment,mobile,1,card,Monthly premium music streaming service fee for ad-free listening experience,Spotify Music,,0,1,routine,services
TX000984,2025-03-28 11:45:01,CUST0165,8.15,101.87,93.72,0,0.0,0,1548.08,11,0,358,0.3087666221992866,2,1,1,0,online purchase,Services,mobile,1,card,Payment for scheduled therapeutic massage appointment at local health and wellness center,Massage Envy,,0,1,routine,services
TX000985,2025-03-28 14:26:05,CUST0153,26.48,2647.86,2621.38,0,0.0,0,1634.43,14,0,169,0.0102971274485699,2,0,0,1,transfer,Crypto,desktop,1,bank,Verification of new bank account link with minor initial balance transfer,Bitstamp,,0,4,routine,crypto/finance
TX000986,2025-03-29 22:47:03,CUST0048,46.23,1155.81,1109.58,0,0.0,0,557.29,22,1,245,0.1143421835130449,2,0,0,0,online purchase,Gambling,tablet,1,card,Recreational deposit for online entertainment gaming session during leisure time,888 Casino,,0,2,routine,other
TX000987,2025-03-29 09:34:55,CUST0280,207.48,2766.42,2558.94,0,0.0,0,662.28,9,1,355,0.2513576938913366,2,0,0,1,online purchase,Electronics,desktop,1,card,Annual subscription payment for personal cloud storage and office software suite,Microsoft Store,,0,1,routine,services
TX000988,2025-03-29 12:58:54,CUST0252,12.02,1001.78,989.76,0,8.08,0,119.17,12,1,151,0.2701377513176486,1,0,0,0,online purchase,Food,mobile,1,card,Fast food lunch purchase for multiple items from local store branch,Wendy's Burgers,,0,1,routine,daily essentials
TX000989,2025-03-29 16:56:39,CUST0190,120.14,1092.19,972.05,0,0.0,0,842.03,16,1,308,0.1790823071928497,2,0,0,1,online purchase,Clothing,mobile,1,card,Purchase of running shoes and athletic gear for upcoming marathon training,Adidas Store,,0,1,routine,other
TX000990,2025-03-29 10:17:58,CUST0290,124.77,1247.71,1122.94,0,0.0,0,313.08,10,1,310,0.1676778419924493,1,0,0,1,transfer,Utilities,desktop,1,bank,Automated monthly payment for family mobile data plan and device insurance,T-Mobile USA,,0,1,routine,services
TX000991,2025-03-30 14:12:24,CUST0268,2254.02,4098.21,1844.19,0,0.0,0,339.63,14,1,197,0.0372904419857371,2,0,0,1,online purchase,Travel,desktop,1,card,Booking of international flight tickets for business trip planned next month,British Airways,High value travel but verified identity.,0,1,routine,services
TX000992,2025-03-30 18:19:46,CUST0134,47.03,2351.31,2304.28,0,0.0,0,1130.66,18,1,435,0.2984198829466785,1,0,0,0,online purchase,Entertainment,mobile,1,card,Digital download of new indie game title for portable gaming console,Nintendo eShop,,0,1,routine,other
TX000993,2025-03-30 07:09:10,CUST0161,8.22,547.94,539.72,0,0.0,0,404.21,7,1,90,0.2915183290471522,2,0,0,1,online purchase,Services,mobile,1,e-wallet,Drop-in fee for morning wellness and meditation class at local studio,Yoga Studio,,0,1,routine,services
TX000994,2025-03-30 09:47:55,CUST0219,66.45,1661.37,1594.92,0,0.0,0,951.35,9,1,380,0.2967251112188257,2,0,0,1,online purchase,Crypto,mobile,1,bank,Monthly scheduled purchase of Ethereum for long term digital asset holdings,Gemini Exchange,,0,2,routine,crypto/finance
TX000995,2025-03-30 15:34:00,CUST0083,18.89,157.41,138.52,0,0.0,0,972.25,15,1,263,0.2588366035144872,2,1,1,1,withdrawal,Services,mobile,1,card,Routine cash withdrawal from bank ATM for weekend personal spending money,Local ATM Withdrawal,,0,1,routine,crypto/finance
TX000996,2025-03-31 01:38:04,CUST0266,132.37,169.7,37.33,0,0.0,0,351.85,1,0,124,0.3818967919727761,1,1,0,0,transfer,Services,mobile,0,bank,EMERGENCY TRANSFER TO RELATIVE IN NEED PLEASE PROCESS THIS TRANSACTION IMMEDIATELY,Private Pay Transfer,Suspicious large transfer to a newly created and unverified recipient account.,1,9,panic,crypto/finance
TX000997,2025-03-31 17:49:54,CUST0050,403.29,1833.12,1429.83,0,0.0,0,536.32,17,0,299,0.2651037608807262,1,0,0,0,online purchase,Electronics,mobile,1,card,Buying replacement kitchen appliances and a new tablet device for school,Target Store,,0,2,routine,daily essentials
TX000998,2025-03-31 12:12:43,CUST0001,7.71,856.26,848.55,0,0.0,0,840.66,12,0,226,0.0027081452551353,2,0,0,0,online purchase,Food,mobile,1,card,Quick lunch sub and drink purchase during working hour break,Subway Sandwiches,,0,1,routine,daily essentials
TX000999,2025-03-31 13:12:42,CUST0088,21.2,1177.59,1156.39,0,0.0,0,385.28,13,0,102,0.2840633953278509,1,0,0,1,online purchase,Food,mobile,1,card,Bakery and soup order for lunch with colleagues at the office,Panera Bread,,0,1,routine,daily essentials
