transaction_id,date,customer_id,amount,category,payment_method,description,fraud_risk
TX00001,2025-01-25,CUST0263,26.07,Electronics,Wallet,Paid for online advertising credits.,0
TX00002,2025-01-09,CUST0155,158.41,Electronics,Card,Ordered pet food online.,1
TX00003,2025-02-25,CUST0128,180.13,Food,Wallet,Automated marketing platform.,0
TX00004,2025-03-25,CUST0079,49.31,Utilities,Wallet,Purchased a yoga class drop-in.,0
TX00005,2025-02-04,CUST0224,376.63,Entertainment,Debit,Bought bird seed.,1
TX00006,2025-02-08,CUST0025,48.22,Travel,Card,Paid a parking fine.,0
TX00007,2025-03-04,CUST0059,146.15,Utilities,Wallet,Paid for cloud hosting services.,0
TX00008,2025-03-31,CUST0055,26.0,Education,Bank Transfer,Purchased a bath mat.,0
TX00009,2025-01-21,CUST0088,84.8,Utilities,Bank Transfer,Paid for a virtual assistant service.,0
TX00010,2025-03-20,CUST0138,71.75,Travel,Bank Transfer,Paid for a chiropractor appointment.,0
TX00011,2025-02-20,CUST0267,16.52,Education,Wallet,Received a grant funding for scientific research.,0
TX00012,2025-01-17,CUST0232,23.29,Utilities,Bank Transfer,Office supplies ordered online.,0
TX00013,2025-03-15,CUST0163,67.46,Clothing,Bank Transfer,Transferred funds to charity.,0
TX00014,2025-03-18,CUST0003,51.93,Travel,Debit,Online learning platform subscription.,0
TX00015,2025-02-28,CUST0222,120.26,Utilities,Bank Transfer,Deposited a money order.,0
TX00016,2025-03-09,CUST0007,138.64,Food,Card,Website hosting bill paid.,0
TX00017,2025-02-06,CUST0038,14.7,Education,Wallet,Travel expenses for client meeting.,0
TX00018,2025-02-06,CUST0074,235.34,Food,Bank Transfer,Sold old furniture on Facebook Marketplace.,1
TX00019,2025-03-26,CUST0077,45.45,Entertainment,Debit,Online learning platform subscription.,0
TX00020,2025-01-18,CUST0246,49.81,Electronics,Debit,Property taxes paid for the year.,0
TX00021,2025-03-29,CUST0104,165.55,Entertainment,Wallet,Fleet vehicle maintenance bill.,0
TX00022,2025-01-27,CUST0192,11.33,Entertainment,Debit,Paid a certificate of deposit penalty.,0
TX00023,2025-02-24,CUST0198,10.33,Food,Debit,Office rent payment processed.,0
TX00024,2025-03-31,CUST0032,217.49,Food,Card,Credit card cash advance.,0
TX00025,2025-01-23,CUST0279,67.2,Electronics,Card,Roadside assistance membership.,0
TX00026,2025-02-28,CUST0065,99.68,Food,Bank Transfer,Sold a piece of furniture.,0
TX00027,2025-02-20,CUST0075,23.09,Travel,Bank Transfer,Website hosting bill paid.,0
TX00028,2025-03-01,CUST0089,35.87,Travel,Wallet,Transferred funds to investment account.,0
TX00029,2025-01-02,CUST0249,50.68,Clothing,Bank Transfer,Paid for a bulk email service.,0
TX00030,2025-03-06,CUST0280,56.16,Utilities,Card,Ordered replacement ink cartridges.,0
TX00031,2025-03-15,CUST0040,5.44,Entertainment,Card,Paid for taxi ride to airport.,0
TX00032,2025-02-10,CUST0027,50.72,Clothing,Bank Transfer,Paid for a virtual assistant service.,0
TX00033,2025-02-05,CUST0298,110.05,Education,Card,Paid for a design assets library.,0
TX00034,2025-02-19,CUST0139,111.86,Electronics,Bank Transfer,Received a grant funding for scientific research.,1
TX00035,2025-03-03,CUST0113,109.27,Electronics,Bank Transfer,Business dinner with potential client.,0
TX00036,2025-03-19,CUST0200,56.92,Electronics,Bank Transfer,Paid for a company wide software license.,0
TX00037,2025-01-06,CUST0271,27.15,Clothing,Debit,Purchased a slow cooker.,0
TX00038,2025-02-03,CUST0148,61.4,Electronics,Bank Transfer,Received dividend payment from stocks.,0
TX00039,2025-02-07,CUST0047,220.29,Food,Card,Received interest from savings account.,0
TX00040,2025-03-16,CUST0189,52.34,Travel,Wallet,Paid for a cooking class.,0
TX00041,2025-02-16,CUST0010,90.2,Electronics,Wallet,Acquired a set of towels.,0
TX00042,2025-03-18,CUST0114,16.8,Clothing,Bank Transfer,Acquired a set of towels.,0
TX00043,2025-03-21,CUST0201,43.84,Clothing,Bank Transfer,Paid for accounting software.,0
TX00044,2025-02-23,CUST0198,94.88,Education,Debit,Ordered custom prints online.,0
TX00045,2025-02-12,CUST0033,379.94,Education,Bank Transfer,Network maintenance fee.,1
TX00046,2025-02-17,CUST0110,79.79,Electronics,Bank Transfer,Pest control service payment.,0
TX00047,2025-02-24,CUST0189,36.37,Utilities,Wallet,Received revenue from mobile app sales.,0
TX00048,2025-01-13,CUST0102,267.33,Clothing,Debit,Paid for a courier service.,0
TX00049,2025-02-02,CUST0114,35.79,Electronics,Wallet,Booked a pottery class.,0
TX00050,2025-02-23,CUST0093,82.66,Entertainment,Wallet,Purchased concert tickets online.,0
TX00051,2025-03-21,CUST0271,86.3,Utilities,Card,Childcare services for the month.,0
TX00052,2025-01-22,CUST0285,15.88,Entertainment,Debit,Bought kitchen utensils.,0
TX00053,2025-01-11,CUST0069,104.68,Education,Debit,Paid a safe deposit box fee.,0
TX00054,2025-03-10,CUST0246,187.18,Food,Bank Transfer,Pest control service payment.,0
TX00055,2025-02-05,CUST0222,89.67,Utilities,Card,Received an expense reimbursement from employer.,0
TX00056,2025-03-25,CUST0005,356.16,Clothing,Card,Paid for a sound engineering course.,1
TX00057,2025-02-11,CUST0005,100.57,Utilities,Debit,Acquired a set of towels.,0
TX00058,2025-01-11,CUST0133,9.12,Travel,Card,Received a rebate payment for recent purchase.,0
TX00059,2025-01-01,CUST0259,33.12,Travel,Wallet,Customer support software subscription.,1
TX00060,2025-01-08,CUST0238,144.42,Electronics,Bank Transfer,Window cleaning service invoice.,0
TX00061,2025-02-02,CUST0271,288.93,Electronics,Wallet,Cloud storage service renewed.,0
TX00062,2025-01-14,CUST0172,115.46,Utilities,Card,New headphones bought from electronics store.,0
TX00063,2025-01-20,CUST0007,70.18,Entertainment,Bank Transfer,Received income from a service call.,0
TX00064,2025-01-01,CUST0202,31.05,Travel,Wallet,Paid an annual credit card fee.,0
TX00065,2025-01-10,CUST0085,139.78,Food,Card,Bought a portable speaker.,0
TX00066,2025-03-05,CUST0213,47.14,Travel,Wallet,Paid for a design assets library.,0
TX00067,2025-01-31,CUST0168,8.43,Entertainment,Debit,Credit card cash advance.,0
TX00068,2025-02-20,CUST0033,23.21,Electronics,Bank Transfer,Paid for a marketing analytics tool.,0
TX00069,2025-02-04,CUST0205,58.93,Clothing,Card,Accounting software subscription bill.,0
TX00070,2025-03-16,CUST0078,130.71,Food,Card,Water bill paid for the month.,0
TX00071,2025-02-11,CUST0282,63.13,Food,Wallet,Electrical inspection fee.,0
TX00072,2025-03-13,CUST0147,108.83,Clothing,Wallet,Paid a safe deposit box fee.,0
TX00073,2025-02-01,CUST0184,35.26,Food,Debit,Sold handmade soap at local market.,0
TX00074,2025-03-28,CUST0153,26.42,Education,Wallet,Purchased a wireless mouse.,0
TX00075,2025-02-26,CUST0241,48.95,Electronics,Wallet,Settled gas bill for the quarter.,0
TX00076,2025-01-15,CUST0190,308.96,Food,Wallet,Magazine digital subscription paid.,1
TX00077,2025-01-26,CUST0088,1.68,Food,Debit,MasterClass online course subscription.,0
TX00078,2025-02-08,CUST0169,38.13,Entertainment,Card,Ordered a new cookbook.,0
TX00079,2025-02-25,CUST0228,34.37,Food,Bank Transfer,Credit card payment processed.,0
TX00080,2025-03-23,CUST0012,220.73,Travel,Bank Transfer,Investment research platform subscription.,0
TX00081,2025-03-06,CUST0150,0.16,Food,Wallet,Payment for graphic design services rendered.,0
TX00082,2025-02-11,CUST0274,86.34,Education,Bank Transfer,Paid a brokerage commission.,0
TX00083,2025-03-18,CUST0177,53.53,Food,Wallet,Purchased raw materials for production.,0
TX00084,2025-03-07,CUST0116,282.31,Food,Debit,Paid for graphic design software.,0
TX00085,2025-01-19,CUST0026,34.13,Travel,Bank Transfer,House cleaning service rendered.,0
TX00086,2025-02-24,CUST0203,38.49,Food,Card,Bought tickets for a sporting event.,0
TX00087,2025-01-31,CUST0177,14.2,Utilities,Wallet,Amazon Prime annual membership paid.,0
TX00088,2025-01-02,CUST0213,47.02,Electronics,Bank Transfer,Paid for a market research report.,0
TX00089,2025-01-20,CUST0081,51.07,Education,Card,Payment for a photography shoot.,0
TX00090,2025-01-23,CUST0202,77.6,Food,Bank Transfer,Paid monthly electricity bill online.,0
TX00091,2025-03-05,CUST0058,6.29,Travel,Wallet,Snow removal service bill.,0
TX00092,2025-01-06,CUST0257,223.74,Entertainment,Wallet,Income from an online shop.,1
TX00093,2025-01-30,CUST0131,27.77,Clothing,Wallet,Received money from a friend.,0
TX00094,2025-03-24,CUST0003,104.05,Education,Card,Paid for a notary public service.,0
TX00095,2025-03-11,CUST0184,180.51,Clothing,Card,Purchased office kitchen supplies.,1
TX00096,2025-02-07,CUST0017,62.75,Clothing,Debit,Internet service provider bill paid via app.,0
TX00097,2025-02-05,CUST0117,73.62,Travel,Bank Transfer,Purchased a yoga class drop-in.,0
TX00098,2025-03-22,CUST0088,5.12,Food,Bank Transfer,Foreign currency exchange transaction.,0
TX00099,2025-03-12,CUST0182,83.9,Clothing,Card,Bond investment made for retirement.,0
TX00100,2025-03-12,CUST0222,7.9,Travel,Bank Transfer,Paid for a cooking demonstration.,0
TX00101,2025-03-27,CUST0037,201.64,Utilities,Bank Transfer,Purchased a drone for recreational use.,0
TX00102,2025-01-19,CUST0155,35.32,Utilities,Debit,Ski lift ticket bought for day.,0
TX00103,2025-01-24,CUST0295,159.88,Food,Card,Business loan installment paid.,0
TX00104,2025-03-15,CUST0100,193.44,Utilities,Debit,Purchased office kitchen supplies.,0
TX00105,2025-03-02,CUST0207,158.68,Utilities,Card,Deposited cash from side job.,0
TX00106,2025-03-16,CUST0288,21.78,Clothing,Debit,Ordered a new mattress online.,0
TX00107,2025-02-17,CUST0226,78.59,Education,Card,Purchased a camera lens.,0
TX00108,2025-01-08,CUST0150,44.33,Travel,Bank Transfer,Business intelligence software subscription.,0
TX00109,2025-03-24,CUST0031,36.06,Entertainment,Debit,Tutoring session fee paid.,0
TX00110,2025-02-04,CUST0064,57.5,Electronics,Bank Transfer,Paid for condominium fees.,0
TX00111,2025-01-06,CUST0171,91.85,Education,Bank Transfer,Financial news service membership.,0
TX00112,2025-01-10,CUST0233,74.78,Education,Card,Income from selling digital products.,0
TX00113,2025-03-09,CUST0029,88.55,Food,Debit,Design software monthly license.,0
TX00114,2025-01-02,CUST0219,26.06,Utilities,Debit,Bought ergonomic chairs for employees.,0
TX00115,2025-02-25,CUST0275,45.04,Travel,Wallet,Paid for a driving lesson.,0
TX00116,2025-03-02,CUST0088,140.93,Clothing,Debit,Received a bonus payment.,0
TX00117,2025-01-18,CUST0091,9.43,Clothing,Bank Transfer,Booked a hotel room for weekend getaway.,0
TX00118,2025-03-24,CUST0266,118.32,Entertainment,Debit,Paid for a project management tool.,0
TX00119,2025-02-05,CUST0041,18.73,Education,Card,Payment for a commissioned artwork.,0
TX00120,2025-01-02,CUST0280,63.0,Entertainment,Bank Transfer,Bought ergonomic chairs for employees.,0
TX00121,2025-03-11,CUST0169,28.82,Travel,Debit,Paid for condominium fees.,0
TX00122,2025-02-26,CUST0041,52.48,Electronics,Debit,Bought new curtains for living room.,0
TX00123,2025-01-31,CUST0007,3.2,Utilities,Debit,Made an extra principal payment.,0
TX00124,2025-02-27,CUST0171,85.86,Food,Debit,Received rental income for property.,0
TX00125,2025-03-02,CUST0247,37.9,Utilities,Card,Received an expense reimbursement from employer.,0
TX00126,2025-02-27,CUST0022,128.13,Clothing,Bank Transfer,Withdrew cash from ATM machine.,0
TX00127,2025-01-13,CUST0020,221.53,Electronics,Wallet,Online reputation management service.,0
TX00128,2025-02-23,CUST0061,197.48,Entertainment,Wallet,Paid for a chiropractor appointment.,0
TX00129,2025-03-07,CUST0017,97.65,Utilities,Card,Purchased cryptocurrency through exchange.,0
TX00130,2025-02-01,CUST0197,120.52,Utilities,Wallet,Ordered laundry detergent.,1
TX00131,2025-01-19,CUST0127,174.15,Clothing,Card,Landscaping maintenance invoice.,0
TX00132,2025-01-03,CUST0259,66.19,Utilities,Debit,Purchased a yoga mat.,0
TX00133,2025-01-15,CUST0226,133.22,Food,Bank Transfer,Deposited paycheck into checking account.,0
TX00134,2025-02-28,CUST0035,61.5,Education,Card,Received a bonus payment.,0
TX00135,2025-02-16,CUST0298,181.38,Food,Wallet,Website builder subscription.,0
TX00136,2025-01-04,CUST0095,6.96,Clothing,Card,Paid a transaction fee for fund transfer.,0
TX00137,2025-01-15,CUST0003,3.25,Clothing,Card,Invoice paid for marketing campaign.,0
TX00138,2025-03-19,CUST0022,42.92,Utilities,Card,Subscribed to industry publication.,0
TX00139,2025-03-23,CUST0009,105.54,Electronics,Debit,Music production software license.,0
TX00140,2025-02-14,CUST0164,108.83,Education,Wallet,Bought a desk lamp.,0
TX00141,2025-02-19,CUST0083,119.45,Travel,Wallet,Internet service provider bill paid via app.,0
TX00142,2025-01-22,CUST0207,31.53,Electronics,Bank Transfer,Paid for a notary public service.,0
TX00143,2025-02-20,CUST0236,200.11,Electronics,Bank Transfer,Money sent via peer-to-peer app.,0
TX00144,2025-03-13,CUST0090,94.06,Food,Wallet,Bond investment made for retirement.,0
TX00145,2025-03-28,CUST0234,15.11,Clothing,Wallet,Home mortgage payment submitted.,0
TX00146,2025-02-17,CUST0257,44.55,Clothing,Debit,Paid for a new bicycle.,0
TX00147,2025-03-01,CUST0211,132.13,Clothing,Card,Purchased toner cartridges for office.,0
TX00148,2025-01-27,CUST0175,0.05,Travel,Wallet,Received a bonus payment.,0
TX00149,2025-03-18,CUST0076,178.55,Travel,Wallet,Received a rebate payment for recent purchase.,0
TX00150,2025-02-02,CUST0212,89.34,Food,Wallet,Tutoring session fee paid.,0
TX00151,2025-03-09,CUST0042,11.02,Entertainment,Bank Transfer,Income from an online shop.,0
TX00152,2025-03-10,CUST0025,9.27,Utilities,Debit,Paid for a coding bootcamp.,0
TX00153,2025-01-28,CUST0125,63.46,Food,Card,Purchased a virtual reality experience.,0
TX00154,2025-01-15,CUST0030,50.97,Food,Debit,Income from selling stock photos.,0
TX00155,2025-01-07,CUST0088,72.59,Utilities,Bank Transfer,Income from an affiliate marketing program.,0
TX00156,2025-01-22,CUST0039,29.65,Utilities,Debit,Advertising campaign expense for digital ads.,0
TX00157,2025-01-15,CUST0257,47.71,Travel,Wallet,Paid for a personal training session.,0
TX00158,2025-02-01,CUST0150,92.58,Entertainment,Card,Content creation tool subscription.,0
TX00159,2025-02-11,CUST0020,44.7,Food,Card,Paid closing costs for house.,0
TX00160,2025-02-24,CUST0138,19.02,Entertainment,Wallet,Received income from online course sales.,0
TX00161,2025-02-22,CUST0194,20.43,Entertainment,Debit,Fleet vehicle maintenance bill.,0
TX00162,2025-01-26,CUST0024,307.73,Education,Card,SEO audit software subscription.,1
TX00163,2025-02-26,CUST0052,8.65,Food,Debit,Paid for a design assets library.,0
TX00164,2025-01-17,CUST0300,147.92,Travel,Debit,Booked an escape room experience.,1
TX00165,2025-01-25,CUST0059,18.52,Clothing,Card,Withdrew cash from ATM machine.,0
TX00166,2025-02-01,CUST0256,47.06,Food,Wallet,Booked an interior design consultation.,0
TX00167,2025-02-21,CUST0296,76.81,Clothing,Card,Ordered custom prints online.,0
TX00168,2025-03-10,CUST0191,293.71,Entertainment,Debit,Paid for professional development course.,0
TX00169,2025-01-19,CUST0032,13.76,Entertainment,Wallet,Purchased software for project management.,0
TX00170,2025-01-05,CUST0129,422.68,Education,Card,Purchased a yoga mat.,1
TX00171,2025-01-20,CUST0211,175.16,Utilities,Card,Paid an escrow fee.,0
TX00172,2025-03-29,CUST0014,9.01,Clothing,Bank Transfer,Microsoft 365 family subscription.,0
TX00173,2025-04-01,CUST0120,10.88,Electronics,Card,Received payment for a voiceover job.,0
TX00174,2025-02-15,CUST0178,15.77,Food,Debit,Income from a local market stall.,0
TX00175,2025-03-27,CUST0205,90.26,Travel,Wallet,Customer purchased handmade crafts online.,0
TX00176,2025-02-10,CUST0263,59.73,Entertainment,Card,Received a tax credit.,0
TX00177,2025-03-09,CUST0075,13.96,Travel,Card,Income from a speaking engagement.,0
TX00178,2025-02-06,CUST0211,157.66,Clothing,Card,Bought branded stationery.,0
TX00179,2025-01-25,CUST0205,37.5,Entertainment,Card,Bought ergonomic chairs for employees.,0
TX00180,2025-02-08,CUST0056,9.43,Travel,Bank Transfer,Ordered laundry detergent.,1
TX00181,2025-02-19,CUST0066,89.29,Travel,Wallet,Received a refund from online store.,0
TX00182,2025-02-02,CUST0212,49.45,Clothing,Debit,Purchased a slow cooker.,0
TX00183,2025-03-08,CUST0085,86.23,Education,Debit,Homeowners insurance premium due.,0
TX00184,2025-03-26,CUST0254,304.34,Clothing,Wallet,Business insurance premium paid.,1
TX00185,2025-03-09,CUST0031,169.67,Travel,Debit,Paid for a meditation app premium.,0
TX00186,2025-03-26,CUST0078,37.09,Education,Debit,Paid for a gaming service.,0
TX00187,2025-01-08,CUST0154,267.19,Electronics,Bank Transfer,Payment for a photography shoot.,0
TX00188,2025-03-11,CUST0011,31.45,Education,Card,Subscribed to industry publication.,0
TX00189,2025-03-25,CUST0141,124.74,Travel,Wallet,Paid for business software license renewal.,0
TX00190,2025-02-22,CUST0049,120.55,Clothing,Card,Income from selling stock photos.,0
TX00191,2025-03-19,CUST0175,177.69,Electronics,Card,Purchased domain name for new website.,0
TX00192,2025-02-05,CUST0042,311.89,Food,Bank Transfer,Made a student loan payment.,1
TX00193,2025-03-19,CUST0283,534.06,Utilities,Bank Transfer,Customer relationship management software payment.,1
TX00194,2025-02-24,CUST0208,34.14,Utilities,Debit,MasterClass online course subscription.,0
TX00195,2025-01-21,CUST0236,139.75,Entertainment,Bank Transfer,Sold old furniture on Facebook Marketplace.,0
TX00196,2025-03-03,CUST0029,188.44,Education,Wallet,Purchased an audiobook.,0
TX00197,2025-03-20,CUST0239,82.22,Entertainment,Wallet,HVAC system service bill.,0
TX00198,2025-01-02,CUST0007,19.87,Food,Card,Paid for online game credits.,0
TX00199,2025-02-27,CUST0011,49.65,Clothing,Debit,Payment for a photography shoot.,0
TX00200,2025-01-15,CUST0154,96.11,Clothing,Wallet,Received a grant funding for scientific research.,0
TX00201,2025-01-05,CUST0207,0.59,Electronics,Debit,Cloud computing platform usage.,0
TX00202,2025-04-01,CUST0059,53.0,Education,Wallet,Sewer bill paid monthly.,0
TX00203,2025-01-25,CUST0088,100.18,Electronics,Bank Transfer,Received a refund from online store.,0
TX00204,2025-01-18,CUST0023,95.97,Electronics,Wallet,Deposited cash from side job.,0
TX00205,2025-02-03,CUST0006,244.31,Entertainment,Card,Ordered kitchen appliances for home renovation.,0
TX00206,2025-02-08,CUST0066,131.05,Utilities,Debit,Received direct deposit of salary.,0
TX00207,2025-02-11,CUST0287,12.68,Utilities,Wallet,Paid for a dog grooming session.,0
TX00208,2025-01-04,CUST0212,8.42,Utilities,Card,Cash deposit made at bank branch.,0
TX00209,2025-03-28,CUST0143,414.78,Travel,Wallet,Project management tool subscription.,1
TX00210,2025-02-15,CUST0067,109.46,Utilities,Wallet,Paid for a bookkeeping service.,0
TX00211,2025-02-15,CUST0267,182.07,Electronics,Bank Transfer,Company vehicle fuel expenses.,0
TX00212,2025-02-17,CUST0208,15.49,Education,Card,Alimony payment made.,0
TX00213,2025-02-26,CUST0204,25.37,Education,Debit,Purchased new winter coat from online retailer.,0
TX00214,2025-02-01,CUST0017,66.59,Utilities,Bank Transfer,Bought a gift for a friend's birthday.,0
TX00215,2025-01-30,CUST0239,174.64,Utilities,Bank Transfer,HVAC system service bill.,0
TX00216,2025-01-11,CUST0073,37.67,Utilities,Wallet,Purchased a slow cooker.,0
TX00217,2025-02-17,CUST0156,39.0,Electronics,Wallet,Paid off medical debt.,0
TX00218,2025-01-01,CUST0005,77.14,Utilities,Card,Income from a speaking engagement.,0
TX00219,2025-01-15,CUST0284,70.29,Electronics,Debit,Tutoring session fee paid.,0
TX00220,2025-01-09,CUST0012,33.56,Electronics,Debit,Tutoring session fee paid.,0
TX00221,2025-01-07,CUST0038,86.14,Clothing,Card,Design software monthly license.,0
TX00222,2025-01-31,CUST0006,211.28,Education,Debit,Income from renting out equipment.,0
TX00223,2025-03-09,CUST0208,31.47,Utilities,Debit,Credit card payment processed.,0
TX00224,2025-01-03,CUST0221,10.88,Clothing,Bank Transfer,Paid for professional photography for products.,0
TX00225,2025-03-13,CUST0044,163.22,Electronics,Debit,Paid for a haircut and styling.,0
TX00226,2025-03-13,CUST0164,491.69,Utilities,Bank Transfer,Apple Music subscription renewal.,1
TX00227,2025-02-16,CUST0021,69.53,Utilities,Debit,Received an investment return on portfolio.,0
TX00228,2025-03-09,CUST0158,2.72,Travel,Bank Transfer,Paid for a locksmith service.,1
TX00229,2025-02-20,CUST0059,95.46,Electronics,Bank Transfer,Acquired a new smartphone from electronics store.,0
TX00230,2025-01-23,CUST0100,36.26,Food,Bank Transfer,Purchased a small appliance for kitchen.,0
TX00231,2025-03-19,CUST0240,32.64,Electronics,Debit,Phone bill auto-paid.,0
TX00232,2025-01-30,CUST0079,65.2,Clothing,Debit,Paid for a cooking demonstration.,0
TX00233,2025-02-04,CUST0281,20.88,Food,Bank Transfer,Paid for a driving lesson.,0
TX00234,2025-01-15,CUST0177,3.96,Education,Debit,Revenue from product sales.,0
TX00235,2025-01-16,CUST0100,1.38,Entertainment,Bank Transfer,Money sent via peer-to-peer app.,0
TX00236,2025-03-01,CUST0047,207.77,Entertainment,Wallet,Made an equity investment.,0
TX00237,2025-03-02,CUST0048,79.72,Utilities,Bank Transfer,Internet service provider bill paid via app.,0
TX00238,2025-01-25,CUST0182,10.54,Entertainment,Debit,Bought a gift for a friend's birthday.,0
TX00239,2025-01-04,CUST0159,28.22,Entertainment,Debit,New smart watch bought from a tech store.,0
TX00240,2025-01-07,CUST0174,236.98,Clothing,Card,Purchased software for project management.,0
TX00241,2025-01-14,CUST0207,120.66,Travel,Card,Paid for New York Times digital access.,0
TX00242,2025-02-24,CUST0240,3.16,Education,Card,Paid a parking fine.,0
TX00243,2025-03-30,CUST0065,12.04,Electronics,Debit,Ordered take-out pizza for dinner.,0
TX00244,2025-01-10,CUST0186,106.27,Food,Debit,Alimony payment made.,0
TX00245,2025-03-09,CUST0167,119.92,Education,Card,Exchanged foreign currency.,0
TX00246,2025-03-02,CUST0072,64.03,Utilities,Wallet,Paid for a fleet vehicle lease.,0
TX00247,2025-02-04,CUST0282,254.7,Entertainment,Card,Xbox Game Pass monthly charge.,0
TX00248,2025-03-31,CUST0176,143.71,Education,Card,Alimony payment made.,0
TX00249,2025-01-29,CUST0127,196.76,Food,Card,Paid for vehicle maintenance and repairs.,0
TX00250,2025-02-25,CUST0099,23.45,Food,Wallet,Deposited tax refund check.,0
TX00251,2025-02-17,CUST0096,46.9,Entertainment,Debit,Bought a collar for the dog.,0
TX00252,2025-01-22,CUST0215,0.04,Education,Bank Transfer,Marketing agency invoice paid.,0
TX00253,2025-02-12,CUST0096,115.2,Electronics,Debit,Bought weekly groceries at local supermarket.,0
TX00254,2025-01-21,CUST0103,67.54,Travel,Bank Transfer,Productivity app monthly fee.,0
TX00255,2025-01-23,CUST0139,55.03,Entertainment,Debit,Paid for a cooking class.,0
TX00256,2025-01-25,CUST0070,48.3,Food,Debit,Dental check-up payment made.,0
TX00257,2025-01-21,CUST0035,425.2,Clothing,Debit,Paid for accounting software.,1
TX00258,2025-01-31,CUST0213,21.44,Education,Bank Transfer,Paid for a security system installation.,0
TX00259,2025-02-07,CUST0106,93.0,Education,Wallet,Paid for a data analytics platform.,0
TX00260,2025-03-29,CUST0127,7.85,Food,Wallet,Sold a vintage item.,0
TX00261,2025-02-15,CUST0129,55.99,Travel,Wallet,Purchased a personal styling session.,0
TX00262,2025-03-06,CUST0107,109.64,Clothing,Bank Transfer,Bought a standing desk.,0
TX00263,2025-03-08,CUST0137,118.81,Entertainment,Bank Transfer,Paid for data backup service.,0
TX00264,2025-03-21,CUST0227,27.01,Food,Wallet,Paid a loan interest payment.,0
TX00265,2025-02-02,CUST0201,296.22,Education,Card,Made a charitable donation.,0
TX00266,2025-03-14,CUST0087,78.33,Travel,Wallet,Online reputation management service.,0
TX00267,2025-02-11,CUST0279,30.82,Clothing,Card,Annual car insurance premium due.,0
TX00268,2025-01-21,CUST0242,15.37,Electronics,Bank Transfer,Made a student loan payment.,0
TX00269,2025-03-15,CUST0265,65.99,Travel,Bank Transfer,Paid a processing fee for online transaction.,0
TX00270,2025-02-04,CUST0269,143.45,Food,Wallet,Business dinner with potential client.,0
TX00271,2025-03-30,CUST0277,8.28,Education,Bank Transfer,Purchased anti-virus software for company.,0
TX00272,2025-03-03,CUST0101,131.67,Entertainment,Debit,Sold a digital product bundle.,0
TX00273,2025-02-27,CUST0287,62.99,Food,Wallet,Hulu streaming service subscription.,0
TX00274,2025-01-22,CUST0039,6.85,Travel,Card,Paid for a meditation guide.,0
TX00275,2025-03-09,CUST0034,154.64,Education,Card,Medical bill from hospital visit.,0
TX00276,2025-01-01,CUST0091,46.6,Education,Bank Transfer,Withdrew cash from bank counter.,0
TX00277,2025-01-06,CUST0141,79.08,Food,Wallet,Business trip accommodation booked.,0
TX00278,2025-02-04,CUST0149,59.98,Travel,Card,Purchased new computers for employees.,0
TX00279,2025-02-20,CUST0256,225.69,Education,Card,Paid a balance transfer fee.,0
TX00280,2025-02-01,CUST0167,220.77,Utilities,Debit,Adobe Creative Cloud billed for annual plan.,0
TX00281,2025-01-02,CUST0186,6.51,Utilities,Bank Transfer,Consultation fee for legal advice.,0
TX00282,2025-03-18,CUST0034,138.15,Food,Card,Received a grant payment.,0
TX00283,2025-03-14,CUST0274,110.22,Travel,Card,Vehicle lease payment due.,0
TX00284,2025-01-09,CUST0255,24.64,Food,Card,Paid for a chiropractor appointment.,0
TX00285,2025-02-20,CUST0140,48.0,Food,Wallet,Payment for a research project.,0
TX00286,2025-02-23,CUST0062,275.31,Utilities,Bank Transfer,Sold custom jewelry through online shop.,0
TX00287,2025-01-31,CUST0032,42.0,Electronics,Card,Purchased a camera lens.,0
TX00288,2025-02-06,CUST0282,17.59,Utilities,Card,Social media management platform.,0
TX00289,2025-03-20,CUST0043,64.32,Travel,Bank Transfer,Ordered take-out pizza for dinner.,0
TX00290,2025-02-20,CUST0001,179.03,Utilities,Bank Transfer,Purchased a gym day pass.,0
TX00291,2025-03-02,CUST0100,87.22,Travel,Card,Paid for a swimming lesson.,0
TX00292,2025-01-18,CUST0220,404.17,Utilities,Debit,Sold old furniture on Facebook Marketplace.,1
TX00293,2025-03-28,CUST0281,28.72,Entertainment,Bank Transfer,Cloud computing platform usage.,0
TX00294,2025-03-02,CUST0043,99.27,Clothing,Debit,Paid for a cloud backup solution.,0
TX00295,2025-02-26,CUST0070,99.37,Electronics,Bank Transfer,Income from selling custom art.,0
TX00296,2025-02-12,CUST0220,350.13,Entertainment,Card,Paid a balance transfer fee.,1
TX00297,2025-01-07,CUST0198,190.42,Electronics,Wallet,Paid for online game credits.,0
TX00298,2025-02-24,CUST0298,21.31,Clothing,Bank Transfer,Paid for a keyword research tool.,0
TX00299,2025-03-17,CUST0152,10.17,Food,Bank Transfer,Booked a pottery class.,0
TX00300,2025-01-30,CUST0286,127.81,Food,Bank Transfer,Home mortgage payment submitted.,0
TX00301,2025-01-02,CUST0114,7.78,Education,Card,Paid for a business credit report.,0
TX00302,2025-02-14,CUST0057,195.17,Food,Bank Transfer,Picked up pet supplies at the local store.,0
TX00303,2025-01-17,CUST0250,52.66,Education,Bank Transfer,Paid for a cooking demonstration.,0
TX00304,2025-01-01,CUST0266,216.04,Electronics,Debit,Deposited tax refund check.,0
TX00305,2025-01-11,CUST0119,379.35,Utilities,Wallet,Ordered laundry detergent.,1
TX00306,2025-01-15,CUST0178,15.58,Food,Bank Transfer,Booked a spa day package.,0
TX00307,2025-03-25,CUST0074,10.82,Travel,Bank Transfer,Paid for a photography session.,0
TX00308,2025-02-12,CUST0294,30.51,Education,Debit,Purchased promotional merchandise.,0
TX00309,2025-03-05,CUST0165,63.76,Entertainment,Bank Transfer,Payment for a commissioned artwork.,0
TX00310,2025-01-12,CUST0221,101.41,Entertainment,Wallet,Ordered a new mattress online.,0
TX00311,2025-02-14,CUST0057,131.54,Clothing,Card,Paid for a fitness app membership.,0
TX00312,2025-01-22,CUST0102,15.17,Clothing,Bank Transfer,Enterprise resource planning system bill.,0
TX00313,2025-01-10,CUST0155,50.47,Utilities,Card,Paid for website maintenance service.,0
TX00314,2025-02-24,CUST0110,94.5,Utilities,Card,Deposited cash from side job.,0
TX00315,2025-03-22,CUST0152,45.61,Clothing,Debit,Paid a bank service charge.,0
TX00316,2025-03-28,CUST0070,83.52,Education,Wallet,Received a grant funding for scientific research.,0
TX00317,2025-01-14,CUST0098,82.13,Food,Card,Received income from writing articles.,0
TX00318,2025-02-01,CUST0292,51.89,Food,Debit,Hulu streaming service subscription.,0
TX00319,2025-01-06,CUST0165,155.56,Education,Wallet,Sold used electronics online.,0
TX00320,2025-02-22,CUST0120,29.82,Education,Card,Paid for graphic design software.,0
TX00321,2025-02-16,CUST0220,52.4,Entertainment,Debit,Roadside assistance membership.,0
TX00322,2025-02-02,CUST0184,131.93,Education,Wallet,Bought new office furniture.,0
TX00323,2025-02-11,CUST0071,117.58,Electronics,Card,Electrician repaired faulty wiring.,0
TX00324,2025-01-28,CUST0171,137.87,Travel,Debit,Payment for social media management.,0
TX00325,2025-02-09,CUST0239,180.69,Education,Wallet,Plumber fixed leaky faucet.,0
TX00326,2025-03-08,CUST0173,84.22,Utilities,Bank Transfer,Paid for a security system installation.,0
TX00327,2025-01-22,CUST0045,49.6,Education,Card,Income from selling unused books.,0
TX00328,2025-01-21,CUST0171,68.75,Utilities,Debit,Subscribed to a lead generation tool.,0
TX00329,2025-03-11,CUST0252,57.51,Food,Card,Team communication app subscription.,0
TX00330,2025-03-20,CUST0041,33.8,Food,Bank Transfer,Paid for a wire transfer.,0
TX00331,2025-01-29,CUST0128,3.64,Clothing,Debit,Received a royalty payment.,0
TX00332,2025-02-11,CUST0040,77.1,Travel,Wallet,Purchased new server hardware.,0
TX00333,2025-02-04,CUST0294,149.83,Education,Card,Paid a returned check fee.,0
TX00334,2025-02-25,CUST0188,15.05,Entertainment,Debit,Ordered a new cookbook.,0
TX00335,2025-02-05,CUST0074,189.75,Electronics,Debit,Purchased a webinar access pass.,0
TX00336,2025-02-20,CUST0277,187.38,Education,Bank Transfer,Advertising campaign expense for digital ads.,0
TX00337,2025-01-30,CUST0267,61.88,Entertainment,Bank Transfer,Water bill paid for the month.,0
TX00338,2025-02-23,CUST0229,21.31,Electronics,Card,Received income from a service call.,0
TX00339,2025-02-09,CUST0227,2.25,Travel,Card,Paid for a locksmith service.,0
TX00340,2025-03-05,CUST0293,35.16,Travel,Debit,Water bill paid for the month.,0
TX00341,2025-03-13,CUST0146,42.27,Travel,Card,Conference registration fee paid.,0
TX00342,2025-01-08,CUST0010,86.57,Entertainment,Card,Purchased equipment for manufacturing.,0
TX00343,2025-01-10,CUST0131,45.35,Travel,Wallet,Auto repair bill settled.,0
TX00344,2025-03-15,CUST0260,217.33,Utilities,Bank Transfer,Payment for a research project.,0
TX00345,2025-02-01,CUST0194,72.32,Clothing,Card,Paid for a meditation app premium.,0
TX00346,2025-03-26,CUST0141,51.81,Travel,Wallet,Credit card cash advance.,0
TX00347,2025-03-03,CUST0278,69.9,Food,Bank Transfer,Paid a certificate of deposit penalty.,0
TX00348,2025-02-15,CUST0080,84.05,Education,Debit,Deposited a business check.,0
TX00349,2025-02-27,CUST0264,55.1,Food,Card,Company phone bills paid.,0
TX00350,2025-02-25,CUST0291,137.06,Food,Debit,Bought weekly groceries at local supermarket.,0
TX00351,2025-03-07,CUST0244,124.35,Electronics,Card,Withdrew cash from bank counter.,0
TX00352,2025-01-18,CUST0074,51.92,Electronics,Debit,Electrician repaired faulty wiring.,0
TX00353,2025-01-31,CUST0093,105.68,Clothing,Bank Transfer,Received a royalty payment.,1
TX00354,2025-02-03,CUST0109,226.46,Electronics,Bank Transfer,Received insurance payout for claim.,0
TX00355,2025-02-14,CUST0146,33.56,Utilities,Wallet,Content creation tool subscription.,0
TX00356,2025-01-15,CUST0086,51.18,Travel,Debit,Payment for an installation service.,0
TX00357,2025-02-20,CUST0049,2.62,Food,Debit,Bought a standing desk.,0
TX00358,2025-02-28,CUST0007,165.74,Food,Card,Purchased office kitchen supplies.,0
TX00359,2025-03-11,CUST0093,208.18,Electronics,Wallet,Paid for a cloud backup solution.,0
TX00360,2025-02-13,CUST0283,56.36,Entertainment,Card,Income from an online shop.,0
TX00361,2025-02-23,CUST0287,2.71,Education,Wallet,Gym membership auto-drafted for the month.,0
TX00362,2025-03-01,CUST0269,255.99,Food,Debit,Acquired new camping equipment.,0
TX00363,2025-01-02,CUST0033,165.07,Clothing,Debit,Revenue from product sales.,0
TX00364,2025-01-12,CUST0200,183.05,Clothing,Debit,VPN service monthly subscription.,0
TX00365,2025-01-12,CUST0136,25.46,Clothing,Card,Conference registration fee paid.,0
TX00366,2025-03-14,CUST0023,148.97,Education,Card,Paid an appraisal fee for home.,0
TX00367,2025-02-17,CUST0106,226.18,Electronics,Debit,Student loan payment made.,0
TX00368,2025-02-08,CUST0236,219.23,Utilities,Debit,Paid for server upgrades.,0
TX00369,2025-01-25,CUST0286,123.6,Education,Bank Transfer,Paid for website maintenance service.,0
TX00370,2025-03-14,CUST0193,15.99,Education,Bank Transfer,Design software monthly license.,0
TX00371,2025-01-15,CUST0040,2.38,Education,Wallet,Amazon Prime annual membership paid.,0
TX00372,2025-04-01,CUST0253,47.92,Food,Wallet,Paid for business legal fees.,0
TX00373,2025-01-25,CUST0161,20.34,Utilities,Debit,Conference registration fee paid.,0
TX00374,2025-03-05,CUST0239,37.22,Education,Debit,Received an investment return on portfolio.,0
TX00375,2025-03-07,CUST0249,140.77,Utilities,Bank Transfer,Apple Music subscription renewal.,1
TX00376,2025-03-18,CUST0261,81.22,Electronics,Wallet,Bought ergonomic chairs for employees.,0
TX00377,2025-02-20,CUST0099,358.76,Utilities,Card,Bond investment made for retirement.,1
TX00378,2025-02-09,CUST0054,76.14,Utilities,Card,Home security monitoring subscription.,0
TX00379,2025-01-17,CUST0171,18.11,Utilities,Card,Paid for business legal fees.,0
TX00380,2025-03-09,CUST0246,236.29,Education,Bank Transfer,Transferred funds to charity.,0
TX00381,2025-03-29,CUST0056,137.85,Entertainment,Debit,New headphones bought from electronics store.,0
TX00382,2025-03-10,CUST0096,207.79,Entertainment,Debit,Content delivery network bill.,0
TX00383,2025-03-18,CUST0010,55.15,Food,Bank Transfer,Rolled over funds to retirement account.,0
TX00384,2025-01-04,CUST0069,21.25,Clothing,Bank Transfer,Xbox Game Pass monthly charge.,0
TX00385,2025-01-31,CUST0282,279.77,Utilities,Bank Transfer,Picked up pet supplies at the local store.,0
TX00386,2025-03-19,CUST0243,6.26,Food,Bank Transfer,Music production software license.,0
TX00387,2025-01-24,CUST0107,134.06,Food,Wallet,Paid for a credit report.,0
TX00388,2025-01-10,CUST0256,77.05,Clothing,Bank Transfer,Snow removal service bill.,0
TX00389,2025-01-22,CUST0222,39.21,Food,Card,Electrical inspection fee.,0
TX00390,2025-02-26,CUST0071,7.2,Clothing,Debit,Stock photo service subscription.,0
TX00391,2025-02-02,CUST0161,16.1,Clothing,Wallet,Ordered custom cake for birthday.,0
TX00392,2025-01-08,CUST0136,220.41,Clothing,Wallet,Paid for a fitness app membership.,0
TX00393,2025-03-28,CUST0090,10.31,Utilities,Debit,Purchased a camera lens.,0
TX00394,2025-02-06,CUST0088,32.11,Electronics,Wallet,Bought a coffee maker.,0
TX00395,2025-02-01,CUST0247,2.55,Education,Card,Ordered take-out pizza for dinner.,0
TX00396,2025-03-24,CUST0065,63.97,Clothing,Card,Purchased a wireless mouse.,0
TX00397,2025-01-20,CUST0025,44.61,Electronics,Bank Transfer,Software-as-a-service (SaaS) subscription.,0
TX00398,2025-03-03,CUST0258,110.76,Entertainment,Wallet,Travel expenses for client meeting.,0
TX00399,2025-01-20,CUST0117,103.26,Travel,Bank Transfer,Paid for premium Spotify subscription.,0
TX00400,2025-03-13,CUST0170,0.97,Utilities,Bank Transfer,Paid for passport photo service.,0
TX00401,2025-03-23,CUST0126,185.47,Entertainment,Wallet,Accounting software subscription bill.,0
TX00402,2025-02-03,CUST0018,6.22,Utilities,Debit,Paid off a personal loan.,0
TX00403,2025-03-05,CUST0291,199.73,Utilities,Debit,Monthly Netflix subscription renewed automatically.,0
TX00404,2025-02-23,CUST0276,291.59,Education,Debit,Dinner with friends at the new bistro.,0
TX00405,2025-02-02,CUST0208,127.62,Entertainment,Debit,Paid for a corporate event.,0
TX00406,2025-03-05,CUST0268,151.69,Education,Wallet,Paid a safe deposit box fee.,0
TX00407,2025-03-07,CUST0088,195.19,Utilities,Wallet,Paid for a security system installation.,0
TX00408,2025-01-20,CUST0056,173.11,Travel,Bank Transfer,Life insurance policy payment.,0
TX00409,2025-02-17,CUST0274,25.11,Clothing,Wallet,Purchased tickets for a concert.,1
TX00410,2025-03-22,CUST0016,74.26,Clothing,Bank Transfer,Dinner with friends at the new bistro.,0
TX00411,2025-03-17,CUST0187,151.2,Travel,Bank Transfer,Paid for a data analytics tool.,0
TX00412,2025-03-02,CUST0006,39.33,Food,Wallet,Received income from writing articles.,1
TX00413,2025-02-09,CUST0068,281.33,Utilities,Bank Transfer,Paid a late fee on bill.,0
TX00414,2025-01-13,CUST0188,4.74,Clothing,Wallet,Homeowners insurance premium due.,0
TX00415,2025-02-06,CUST0138,159.09,Travel,Debit,Bought a blender for smoothies.,0
TX00416,2025-01-31,CUST0162,32.6,Utilities,Debit,Sold a craft item.,0
TX00417,2025-02-21,CUST0100,407.46,Food,Card,Paid for public utilities.,1
TX00418,2025-03-26,CUST0108,12.7,Electronics,Wallet,Paid closing costs for house.,0
TX00419,2025-03-29,CUST0191,156.54,Food,Bank Transfer,Payment for a catering event.,0
TX00420,2025-03-21,CUST0259,472.73,Clothing,Wallet,Paid for a trust setup.,1
TX00421,2025-02-26,CUST0023,35.59,Travel,Card,Subscribed to industry publication.,0
TX00422,2025-01-15,CUST0287,26.62,Education,Card,Network maintenance fee.,0
TX00423,2025-02-21,CUST0281,2.78,Electronics,Bank Transfer,Payment for a book editing service.,0
TX00424,2025-03-28,CUST0274,82.85,Entertainment,Bank Transfer,Foreign currency exchange transaction.,0
TX00425,2025-01-21,CUST0229,100.61,Utilities,Bank Transfer,Rolled over funds to retirement account.,0
TX00426,2025-03-22,CUST0084,0.76,Education,Card,Customer relationship management software payment.,0
TX00427,2025-02-03,CUST0245,275.91,Clothing,Bank Transfer,Paid for a cybersecurity service.,0
TX00428,2025-02-23,CUST0233,165.07,Food,Card,Acquired a new smartphone from electronics store.,0
TX00429,2025-01-12,CUST0245,73.98,Travel,Debit,Subscribed to a lead generation tool.,0
TX00430,2025-01-11,CUST0061,80.35,Clothing,Bank Transfer,Purchased new computers for employees.,0
TX00431,2025-01-06,CUST0098,159.47,Entertainment,Bank Transfer,Received payment for a voiceover job.,0
TX00432,2025-02-17,CUST0225,42.35,Electronics,Wallet,Language learning app subscription.,0
TX00433,2025-02-19,CUST0164,17.77,Travel,Card,Replaced worn-out tires for car.,0
TX00434,2025-03-25,CUST0013,4.74,Entertainment,Debit,Apple Music subscription renewal.,0
TX00435,2025-01-28,CUST0227,21.19,Clothing,Card,Acquired fish tank supplies.,0
TX00436,2025-01-07,CUST0007,231.2,Food,Debit,Alimony payment made.,0
TX00437,2025-03-20,CUST0253,50.69,Entertainment,Debit,Sewer bill paid monthly.,0
TX00438,2025-03-08,CUST0004,5.51,Education,Card,Paid for a marketing analytics tool.,0
TX00439,2025-01-04,CUST0284,68.9,Clothing,Wallet,Purchased raw materials for production.,0
TX00440,2025-03-14,CUST0022,40.54,Food,Bank Transfer,Cloud computing platform usage.,0
TX00441,2025-03-03,CUST0103,11.29,Travel,Debit,Purchased a small appliance for kitchen.,0
TX00442,2025-03-17,CUST0096,14.37,Utilities,Debit,Paid for a professional resume review.,0
TX00443,2025-03-13,CUST0083,21.82,Entertainment,Card,Picked up prescription medication.,0
TX00444,2025-02-16,CUST0246,66.77,Education,Bank Transfer,Acquired fish tank supplies.,0
TX00445,2025-03-14,CUST0281,36.21,Food,Card,Contributed to a retirement plan.,0
TX00446,2025-01-14,CUST0198,79.67,Education,Debit,Received payment for a voiceover job.,0
TX00447,2025-01-20,CUST0296,117.88,Food,Debit,Ordered groceries for home delivery.,0
TX00448,2025-03-20,CUST0240,104.17,Electronics,Card,Content delivery network bill.,0
TX00449,2025-03-24,CUST0113,913.93,Utilities,Debit,Received a tax credit.,1
TX00450,2025-02-26,CUST0285,45.89,Clothing,Wallet,Ordered custom cake for birthday.,0
TX00451,2025-01-15,CUST0008,37.95,Food,Card,Purchased a yoga class drop-in.,0
TX00452,2025-03-12,CUST0255,20.27,Food,Card,Payment for a landscaping job.,0
TX00453,2025-03-17,CUST0289,137.84,Food,Card,Purchased a small appliance for kitchen.,0
TX00454,2025-01-09,CUST0076,5.4,Education,Debit,Social media management platform.,0
TX00455,2025-03-06,CUST0118,36.61,Travel,Card,Sold custom jewelry through online shop.,0
TX00456,2025-03-20,CUST0057,20.61,Electronics,Debit,Ordered kitchen appliances for home renovation.,0
TX00457,2025-03-16,CUST0153,112.84,Electronics,Debit,Paid for server upgrades.,0
TX00458,2025-01-14,CUST0110,179.01,Utilities,Wallet,Booked a spa day package.,0
TX00459,2025-03-12,CUST0183,24.93,Travel,Bank Transfer,Paid for professional photography for products.,0
TX00460,2025-01-30,CUST0066,63.23,Electronics,Wallet,Ordered replacement ink cartridges.,0
TX00461,2025-02-19,CUST0100,161.46,Electronics,Debit,LinkedIn Premium membership.,0
TX00462,2025-03-25,CUST0226,150.71,Clothing,Wallet,Ski lift ticket bought for day.,0
TX00463,2025-02-11,CUST0193,149.08,Electronics,Debit,Paid for cloud server usage.,0
TX00464,2025-01-02,CUST0078,53.47,Food,Card,Bought a gift for a friend's birthday.,0
TX00465,2025-01-23,CUST0287,25.41,Education,Card,Paid for a cloud backup solution.,0
TX00466,2025-01-08,CUST0211,37.02,Electronics,Bank Transfer,Client paid for software customization.,0
TX00467,2025-01-02,CUST0010,107.44,Entertainment,Debit,Bought a collar for the dog.,0
TX00468,2025-01-17,CUST0096,3.93,Travel,Bank Transfer,Purchased toner cartridges for office.,0
TX00469,2025-02-21,CUST0251,12.91,Electronics,Bank Transfer,Paid for a courier service.,0
TX00470,2025-02-02,CUST0231,60.88,Electronics,Debit,Bought kitchen utensils.,0
TX00471,2025-03-27,CUST0061,93.38,Food,Bank Transfer,Payment for a research project.,0
TX00472,2025-02-19,CUST0174,11.19,Entertainment,Wallet,Paid for cloud hosting services.,0
TX00473,2025-01-14,CUST0236,58.74,Clothing,Wallet,Income from selling digital products.,0
TX00474,2025-01-22,CUST0163,1.07,Utilities,Card,Loan disbursement received today.,0
TX00475,2025-03-04,CUST0268,184.22,Utilities,Card,Processed online sales for e-commerce store.,0
TX00476,2025-01-26,CUST0140,7.25,Clothing,Bank Transfer,Purchased a gym day pass.,0
TX00477,2025-03-12,CUST0030,184.13,Entertainment,Card,Purchased promotional merchandise.,0
TX00478,2025-03-26,CUST0016,35.29,Utilities,Wallet,Purchased equipment for manufacturing.,0
TX00479,2025-01-30,CUST0213,55.55,Clothing,Wallet,Paid for public transport fare.,0
TX00480,2025-03-28,CUST0204,231.89,Electronics,Bank Transfer,Amazon Prime annual membership paid.,0
TX00481,2025-01-20,CUST0052,121.36,Electronics,Card,Acquired a power bank.,0
TX00482,2025-03-09,CUST0054,264.78,Electronics,Debit,Automated savings transfer scheduled monthly.,0
TX00483,2025-02-19,CUST0277,145.7,Travel,Debit,Received a rebate payment for recent purchase.,0
TX00484,2025-02-17,CUST0286,9.45,Travel,Debit,Marketing agency invoice paid.,0
TX00485,2025-02-12,CUST0007,3.87,Electronics,Debit,Purchased a bath mat.,0
TX00486,2025-03-24,CUST0189,18.32,Utilities,Card,Company vehicle fuel expenses.,0
TX00487,2025-01-03,CUST0251,103.66,Electronics,Bank Transfer,Paid for professional development course.,0
TX00488,2025-02-10,CUST0183,60.71,Electronics,Debit,Sold a domain name.,0
TX00489,2025-03-13,CUST0289,37.33,Travel,Wallet,Network maintenance fee.,0
TX00490,2025-02-10,CUST0188,192.68,Clothing,Bank Transfer,Bought branded stationery.,0
TX00491,2025-01-29,CUST0007,27.27,Travel,Wallet,Deposited paycheck into checking account.,0
TX00492,2025-02-02,CUST0192,2.23,Electronics,Wallet,Paid for server upgrades.,0
TX00493,2025-01-29,CUST0128,87.74,Utilities,Card,Sold used electronics online.,0
TX00494,2025-03-09,CUST0062,14.28,Entertainment,Debit,Bond investment made for retirement.,1
TX00495,2025-02-05,CUST0200,123.21,Travel,Bank Transfer,Income from renting out equipment.,0
TX00496,2025-01-26,CUST0150,133.11,Food,Wallet,Paid for a commercial cleaner.,0
TX00497,2025-03-08,CUST0146,2.56,Travel,Debit,Paid for a haircut and styling.,0
TX00498,2025-03-15,CUST0214,22.22,Utilities,Bank Transfer,Monthly Netflix subscription renewed automatically.,0
TX00499,2025-03-22,CUST0126,46.33,Utilities,Bank Transfer,LinkedIn Premium membership.,0
TX00500,2025-01-02,CUST0155,212.48,Food,Debit,Purchased protective equipment for staff.,0
TX00501,2025-03-18,CUST0244,136.75,Education,Wallet,Purchased new computers for employees.,0
TX00502,2025-02-06,CUST0230,171.82,Clothing,Bank Transfer,VPN service monthly subscription.,0
TX00503,2025-03-23,CUST0277,40.47,Electronics,Debit,Payment for a design project.,0
TX00504,2025-01-12,CUST0070,114.47,Education,Wallet,Fleet vehicle maintenance bill.,0
TX00505,2025-02-04,CUST0100,44.1,Food,Bank Transfer,Sold a software license.,0
TX00506,2025-01-07,CUST0277,13.19,Education,Debit,Employee health insurance contributions.,0
TX00507,2025-02-08,CUST0133,68.51,Clothing,Debit,Income from delivering food.,0
TX00508,2025-02-11,CUST0087,8.44,Utilities,Card,Purchased a new coffee machine for office.,0
TX00509,2025-03-19,CUST0076,148.42,Travel,Card,Stock purchase executed on market.,0
TX00510,2025-01-01,CUST0164,77.22,Food,Card,Purchased concert tickets online.,0
TX00511,2025-03-07,CUST0147,18.68,Food,Bank Transfer,Security system monitoring bill.,0
TX00512,2025-03-27,CUST0261,264.08,Electronics,Wallet,Received income from a service call.,0
TX00513,2025-03-11,CUST0165,90.82,Entertainment,Wallet,Employee benefits package payment.,0
TX00514,2025-01-15,CUST0254,48.33,Utilities,Debit,Backlink analysis tool membership.,0
TX00515,2025-03-18,CUST0131,79.94,Education,Bank Transfer,Vet visit for pet's annual check-up.,0
TX00516,2025-02-07,CUST0289,195.48,Entertainment,Card,Credit card cash advance.,0
TX00517,2025-02-14,CUST0018,307.68,Food,Bank Transfer,Phone bill auto-paid.,1
TX00518,2025-02-13,CUST0038,167.97,Clothing,Bank Transfer,Purchased cat litter.,0
TX00519,2025-03-06,CUST0211,122.95,Education,Bank Transfer,Paid for a new printer.,0
TX00520,2025-01-22,CUST0174,125.21,Food,Bank Transfer,Office cleaning service invoice.,0
TX00521,2025-03-19,CUST0058,55.98,Clothing,Card,Fire safety inspection bill.,0
TX00522,2025-02-05,CUST0068,244.75,Utilities,Card,Transferred funds between accounts.,0
TX00523,2025-01-15,CUST0040,65.26,Electronics,Bank Transfer,Paid for online game credits.,0
TX00524,2025-01-30,CUST0027,74.68,Clothing,Card,Subscribed to a lead generation tool.,0
TX00525,2025-01-29,CUST0173,91.39,Utilities,Card,Made a charitable donation.,0
TX00526,2025-03-20,CUST0139,118.29,Education,Debit,Paid for a trust setup.,0
TX00527,2025-02-22,CUST0230,59.15,Clothing,Debit,Payment for virtual assistance.,0
TX00528,2025-03-18,CUST0227,26.82,Food,Wallet,Booked an interior design consultation.,0
TX00529,2025-02-08,CUST0280,176.41,Travel,Card,Payment for a translation service.,0
TX00530,2025-03-11,CUST0265,77.67,Electronics,Debit,Received revenue from a crowdfunding project.,0
TX00531,2025-01-21,CUST0159,44.9,Utilities,Debit,Paid for a gaming service.,0
TX00532,2025-03-22,CUST0208,111.68,Electronics,Bank Transfer,Income from selling custom art.,0
TX00533,2025-04-01,CUST0039,2.6,Electronics,Wallet,Credit card statement paid in full.,0
TX00534,2025-01-06,CUST0195,36.43,Travel,Wallet,Bond investment made for retirement.,0
TX00535,2025-03-18,CUST0022,79.84,Food,Wallet,Sponsored a local community event.,0
TX00536,2025-03-09,CUST0100,68.02,Travel,Card,Landscaping maintenance invoice.,0
TX00537,2025-02-13,CUST0177,38.2,Utilities,Debit,Received a rebate payment for recent purchase.,0
TX00538,2025-02-04,CUST0048,333.18,Travel,Wallet,Paid for a credit report.,1
TX00539,2025-02-18,CUST0001,107.34,Education,Bank Transfer,Purchased protective equipment for staff.,0
TX00540,2025-01-03,CUST0259,154.88,Clothing,Debit,Rolled over funds to retirement account.,0
TX00541,2025-01-03,CUST0020,21.72,Food,Card,Income from renting out equipment.,0
TX00542,2025-02-04,CUST0187,47.26,Entertainment,Bank Transfer,Backlink analysis tool membership.,0
TX00543,2025-02-03,CUST0092,0.73,Electronics,Wallet,Paid for a web design service.,0
TX00544,2025-02-26,CUST0172,186.34,Utilities,Debit,Purchased fuel cards for company cars.,0
TX00545,2025-02-18,CUST0244,227.71,Electronics,Wallet,Purchased train tickets for commute.,0
TX00546,2025-01-19,CUST0062,30.49,Utilities,Wallet,Bought new shoes from the department store.,0
TX00547,2025-03-17,CUST0111,93.43,Entertainment,Debit,Purchased raw materials for production.,0
TX00548,2025-02-14,CUST0064,78.31,Electronics,Wallet,Paid for a courier service.,0
TX00549,2025-02-03,CUST0245,127.64,Food,Debit,Client paid for business coaching.,1
TX00550,2025-01-11,CUST0165,117.44,Electronics,Bank Transfer,Paid for a courier service.,0
TX00551,2025-02-24,CUST0264,184.48,Electronics,Card,Paid a wire transfer fee.,0
TX00552,2025-02-21,CUST0165,3.22,Food,Card,Paid for a locksmith service.,0
TX00553,2025-03-14,CUST0088,102.4,Utilities,Debit,Website hosting bill paid.,0
TX00554,2025-02-07,CUST0212,210.68,Clothing,Debit,Paid for a notary public service.,0
TX00555,2025-03-19,CUST0266,54.4,Travel,Wallet,Made a payment on line of credit.,0
TX00556,2025-01-31,CUST0164,19.93,Education,Card,Recycling service fee.,0
TX00557,2025-03-16,CUST0052,236.57,Entertainment,Debit,Child support payment processed.,0
TX00558,2025-03-23,CUST0172,45.88,Education,Card,Consultation fee for legal advice.,0
TX00559,2025-01-23,CUST0186,209.16,Clothing,Wallet,Rolled over funds to retirement account.,0
TX00560,2025-01-12,CUST0053,124.92,Travel,Card,Purchased custom packaging supplies.,0
TX00561,2025-03-03,CUST0210,42.17,Clothing,Bank Transfer,Bought a desk lamp.,0
TX00562,2025-01-29,CUST0079,4.79,Travel,Wallet,Received income from a blog advertisement.,0
TX00563,2025-03-14,CUST0082,137.01,Entertainment,Bank Transfer,Microsoft 365 family subscription.,0
TX00564,2025-01-07,CUST0289,32.66,Electronics,Wallet,Acquired a new smartphone from electronics store.,0
TX00565,2025-03-21,CUST0059,11.86,Clothing,Debit,Financial news service membership.,0
TX00566,2025-02-11,CUST0260,10.44,Travel,Debit,Deposited a dividend check from stock investment.,0
TX00567,2025-01-10,CUST0139,13.36,Travel,Bank Transfer,Acquired a power bank.,0
TX00568,2025-04-01,CUST0007,112.38,Education,Wallet,Income from selling custom art.,1
TX00569,2025-02-25,CUST0223,283.6,Entertainment,Bank Transfer,Paid for a customer feedback platform.,0
TX00570,2025-02-03,CUST0148,128.93,Food,Debit,Paid for a locksmith service.,0
TX00571,2025-02-22,CUST0090,89.75,Clothing,Wallet,Paid a foreign transaction fee.,0
TX00572,2025-03-04,CUST0259,382.42,Travel,Bank Transfer,Purchased a book from an independent bookstore.,1
TX00573,2025-02-11,CUST0078,215.81,Education,Debit,Transferred funds to investment account.,1
TX00574,2025-02-14,CUST0196,51.7,Travel,Debit,Paid an annual credit card fee.,0
TX00575,2025-02-05,CUST0146,100.02,Entertainment,Wallet,Sold a piece of furniture.,0
TX00576,2025-03-20,CUST0180,5.45,Clothing,Wallet,Income from tutoring students.,0
TX00577,2025-01-11,CUST0291,37.43,Education,Wallet,Credit card statement paid in full.,1
TX00578,2025-02-14,CUST0102,51.59,Utilities,Debit,Pet insurance monthly payment.,0
TX00579,2025-01-12,CUST0206,48.92,Travel,Debit,Electrician repaired faulty wiring.,0
TX00580,2025-03-20,CUST0121,231.21,Travel,Bank Transfer,Credit card statement paid in full.,0
TX00581,2025-01-21,CUST0131,57.87,Travel,Card,Payment for graphic design services rendered.,0
TX00582,2025-02-18,CUST0175,2.22,Education,Debit,Purchased a lunchbox.,1
TX00583,2025-03-11,CUST0144,3.21,Food,Card,Paid for a massage therapy session.,0
TX00584,2025-01-23,CUST0298,86.8,Utilities,Card,Company vehicle fuel expenses.,0
TX00585,2025-03-01,CUST0166,11.89,Education,Debit,Paid for a bicycle repair.,0
TX00586,2025-03-05,CUST0155,86.76,Clothing,Bank Transfer,Advertising campaign expense for digital ads.,0
TX00587,2025-01-10,CUST0184,232.79,Electronics,Card,Hulu streaming service subscription.,0
TX00588,2025-02-17,CUST0193,28.91,Education,Card,Audible audiobook subscription.,0
TX00589,2025-01-29,CUST0106,10.24,Utilities,Bank Transfer,Purchased toner cartridges for office.,0
TX00590,2025-03-17,CUST0134,48.69,Travel,Wallet,Received interest from savings account.,0
TX00591,2025-02-27,CUST0197,316.38,Electronics,Debit,Sold a custom software solution.,1
TX00592,2025-02-12,CUST0238,120.35,Utilities,Bank Transfer,Deposited paycheck into checking account.,0
TX00593,2025-03-03,CUST0193,26.37,Travel,Card,Transferred money to savings account.,0
TX00594,2025-02-12,CUST0291,61.62,Clothing,Card,Paid for a new bicycle.,0
TX00595,2025-01-30,CUST0119,44.77,Electronics,Debit,Credit card payment processed.,0
TX00596,2025-03-14,CUST0138,108.26,Travel,Wallet,Received a grant funding for scientific research.,0
TX00597,2025-04-01,CUST0293,38.1,Food,Debit,Paid for a project management tool.,0
TX00598,2025-03-25,CUST0015,39.9,Travel,Wallet,Paid for a keyword research tool.,0
TX00599,2025-02-10,CUST0013,156.72,Entertainment,Debit,Received revenue from mobile app sales.,0
TX00600,2025-02-09,CUST0233,124.64,Entertainment,Card,Made an equity investment.,0
TX00601,2025-01-26,CUST0210,125.79,Education,Bank Transfer,Received revenue from mobile app sales.,0
TX00602,2025-01-17,CUST0014,87.44,Electronics,Card,Bond investment made for retirement.,0
TX00603,2025-03-14,CUST0289,73.07,Utilities,Debit,Bought a portable speaker.,0
TX00604,2025-03-05,CUST0134,26.22,Utilities,Card,Team lunch expenses reimbursed.,0
TX00605,2025-02-28,CUST0237,156.71,Entertainment,Bank Transfer,Paid for passport photo service.,0
TX00606,2025-02-18,CUST0243,250.27,Clothing,Debit,Purchased protective equipment for staff.,0
TX00607,2025-03-16,CUST0205,190.82,Education,Debit,Electrician repaired faulty wiring.,0
TX00608,2025-03-27,CUST0139,42.93,Electronics,Debit,Paid for a virtual assistant service.,0
TX00609,2025-04-01,CUST0184,37.7,Travel,Debit,HVAC system service bill.,0
TX00610,2025-03-04,CUST0226,31.93,Entertainment,Card,Investment research platform subscription.,0
TX00611,2025-02-09,CUST0164,151.47,Education,Debit,Received a grant funding for scientific research.,0
TX00612,2025-03-29,CUST0248,0.83,Education,Wallet,Acquired fish tank supplies.,1
TX00613,2025-01-02,CUST0058,320.5,Food,Wallet,Paid for a locksmith service.,1
TX00614,2025-03-29,CUST0069,154.62,Clothing,Debit,Paid for professional photography for products.,0
TX00615,2025-01-18,CUST0293,146.8,Entertainment,Wallet,Paid for a guided tour.,0
TX00616,2025-03-24,CUST0168,83.24,Electronics,Wallet,Design software monthly license.,0
TX00617,2025-02-23,CUST0243,108.72,Entertainment,Wallet,Purchased fuel cards for company cars.,0
TX00618,2025-02-09,CUST0106,57.26,Utilities,Bank Transfer,Paid for taxi ride to airport.,0
TX00619,2025-02-11,CUST0145,44.14,Entertainment,Wallet,Acquired new camping equipment.,0
TX00620,2025-04-01,CUST0146,85.4,Education,Bank Transfer,Paid for janitorial services.,0
TX00621,2025-03-28,CUST0244,68.21,Education,Card,Stock photo service subscription.,0
TX00622,2025-02-15,CUST0043,88.28,Electronics,Debit,Paid for premium Spotify subscription.,0
TX00623,2025-03-21,CUST0268,207.5,Travel,Card,Received insurance payout for claim.,0
TX00624,2025-01-20,CUST0024,32.57,Travel,Bank Transfer,Received a gift transfer.,1
TX00625,2025-02-22,CUST0264,246.6,Clothing,Card,Automatic payment for rent processed today.,0
TX00626,2025-01-17,CUST0295,12.09,Education,Wallet,Paid for a haircut and styling.,0
TX00627,2025-02-04,CUST0142,168.46,Education,Wallet,Payment for a photography shoot.,0
TX00628,2025-02-16,CUST0036,62.25,Education,Debit,Paid for catering for staff meeting.,0
TX00629,2025-03-23,CUST0018,127.49,Electronics,Wallet,Bought a coffee maker.,0
TX00630,2025-01-29,CUST0192,157.6,Travel,Bank Transfer,Replaced worn-out tires for car.,0
TX00631,2025-02-11,CUST0066,3.63,Education,Bank Transfer,Paid for a chiropractor appointment.,0
TX00632,2025-02-26,CUST0222,39.73,Food,Bank Transfer,Received an investment return on portfolio.,0
TX00633,2025-03-25,CUST0270,245.44,Entertainment,Bank Transfer,Paid for website maintenance service.,0
TX00634,2025-01-30,CUST0263,99.81,Clothing,Wallet,Child support payment processed.,0
TX00635,2025-01-05,CUST0276,96.07,Education,Bank Transfer,Sponsored a local community event.,0
TX00636,2025-03-21,CUST0046,251.32,Utilities,Wallet,Purchased tickets for a concert.,0
TX00637,2025-03-06,CUST0131,90.2,Travel,Debit,Business insurance premium payment.,1
TX00638,2025-01-21,CUST0070,51.63,Clothing,Bank Transfer,Paid for a cooking class.,0
TX00639,2025-01-05,CUST0181,5.31,Entertainment,Bank Transfer,Purchased a travel backpack.,0
TX00640,2025-02-17,CUST0299,37.3,Education,Wallet,Email marketing service payment.,0
TX00641,2025-03-01,CUST0019,48.7,Clothing,Debit,Made a down payment for property.,0
TX00642,2025-02-14,CUST0248,36.47,Entertainment,Card,Sold a digital template.,1
TX00643,2025-01-15,CUST0222,7.35,Utilities,Wallet,Paid a balance transfer fee.,0
TX00644,2025-03-21,CUST0012,228.75,Utilities,Card,Enterprise resource planning system bill.,0
TX00645,2025-01-09,CUST0300,252.88,Electronics,Bank Transfer,Credit card cash advance.,0
TX00646,2025-03-06,CUST0208,4.29,Utilities,Card,Paid for a corporate event.,0
TX00647,2025-02-21,CUST0102,8.49,Entertainment,Debit,Purchased a bath mat.,0
TX00648,2025-03-07,CUST0290,129.85,Utilities,Debit,Paid a returned check fee.,0
TX00649,2025-02-19,CUST0093,170.38,Entertainment,Card,Automatic payment for rent processed today.,0
TX00650,2025-01-08,CUST0257,3.68,Travel,Wallet,Paid for a fitness app membership.,0
TX00651,2025-01-30,CUST0141,98.47,Utilities,Card,Paid for a digital art commission.,0
TX00652,2025-01-29,CUST0149,10.19,Utilities,Debit,Employee benefits package payment.,0
TX00653,2025-03-05,CUST0156,87.85,Travel,Bank Transfer,Tutoring session fee paid.,0
TX00654,2025-01-27,CUST0098,53.08,Entertainment,Bank Transfer,Received a grant funding for scientific research.,0
TX00655,2025-03-14,CUST0057,336.38,Food,Debit,Ordered custom cake for birthday.,1
TX00656,2025-03-15,CUST0234,10.52,Food,Debit,Client paid for business coaching.,0
TX00657,2025-01-17,CUST0275,102.28,Entertainment,Wallet,Office rent payment processed.,0
TX00658,2025-02-24,CUST0013,261.54,Entertainment,Debit,Payment for a music performance.,0
TX00659,2025-03-28,CUST0142,84.02,Electronics,Debit,Paid for a security system installation.,0
TX00660,2025-03-05,CUST0188,93.9,Education,Card,Purchased a lunchbox.,0
TX00661,2025-03-18,CUST0092,66.86,Utilities,Card,Payroll processing fee.,0
TX00662,2025-01-16,CUST0128,17.16,Travel,Card,Gym membership auto-drafted for the month.,0
TX00663,2025-01-24,CUST0190,90.84,Clothing,Card,Sewer bill paid monthly.,0
TX00664,2025-01-02,CUST0295,353.88,Food,Wallet,Paid for a wire transfer.,1
TX00665,2025-02-16,CUST0297,356.67,Electronics,Wallet,Received money from a friend.,1
TX00666,2025-03-20,CUST0219,149.36,Electronics,Bank Transfer,Paid for a data analytics platform.,1
TX00667,2025-01-22,CUST0081,6.68,Clothing,Debit,Life insurance policy payment.,0
TX00668,2025-02-12,CUST0125,2.84,Education,Card,Bought new curtains for living room.,0
TX00669,2025-03-27,CUST0073,170.58,Utilities,Card,Network maintenance fee.,0
TX00670,2025-03-15,CUST0100,75.31,Education,Card,Paid for cloud hosting services.,0
TX00671,2025-01-21,CUST0066,140.33,Utilities,Wallet,Life insurance policy payment.,0
TX00672,2025-03-25,CUST0063,133.32,Utilities,Bank Transfer,Income from renting out equipment.,0
TX00673,2025-02-20,CUST0295,79.75,Entertainment,Debit,Paid for a business credit report.,0
TX00674,2025-02-04,CUST0007,144.12,Electronics,Debit,Sold a handmade gift.,0
TX00675,2025-03-25,CUST0128,43.56,Clothing,Bank Transfer,Paid for a notary public service.,0
TX00676,2025-03-11,CUST0098,50.74,Electronics,Debit,Received money from a friend.,0
TX00677,2025-01-02,CUST0020,169.26,Electronics,Bank Transfer,Deposited cash from a sale.,0
TX00678,2025-03-14,CUST0214,3.38,Education,Wallet,Transferred funds between accounts.,0
TX00679,2025-01-31,CUST0043,188.62,Food,Bank Transfer,Paid for a fitness app membership.,0
TX00680,2025-03-12,CUST0088,116.47,Utilities,Bank Transfer,Paid for cloud hosting services.,0
TX00681,2025-03-16,CUST0046,31.62,Food,Bank Transfer,Income from renting out equipment.,0
TX00682,2025-02-28,CUST0107,64.97,Education,Card,Paid for a podcast premium feed.,0
TX00683,2025-03-14,CUST0037,119.59,Food,Debit,Electrical inspection fee.,0
TX00684,2025-01-16,CUST0036,68.38,Utilities,Bank Transfer,Paid for vehicle maintenance and repairs.,0
TX00685,2025-01-02,CUST0221,19.94,Entertainment,Card,Received revenue from a crowdfunding project.,0
TX00686,2025-02-15,CUST0123,18.73,Food,Debit,Transferred money to savings account.,0
TX00687,2025-01-28,CUST0097,100.26,Clothing,Card,Purchased an audiobook.,0
TX00688,2025-01-30,CUST0032,7.44,Travel,Wallet,Content creation tool subscription.,0
TX00689,2025-02-06,CUST0274,18.91,Electronics,Wallet,Received a grant for academic research.,0
TX00690,2025-01-23,CUST0014,142.34,Utilities,Bank Transfer,Made an extra principal payment.,0
TX00691,2025-01-09,CUST0183,76.36,Clothing,Bank Transfer,Paid for cloud server usage.,0
TX00692,2025-02-10,CUST0295,149.54,Travel,Card,Transferred money for tuition.,0
TX00693,2025-01-04,CUST0256,29.51,Utilities,Wallet,Paid for a guided tour.,0
TX00694,2025-02-15,CUST0184,48.76,Electronics,Bank Transfer,Homeowners insurance premium due.,0
TX00695,2025-02-23,CUST0190,20.01,Utilities,Bank Transfer,Electrical inspection fee.,0
TX00696,2025-03-20,CUST0270,20.9,Entertainment,Debit,SEO audit software subscription.,0
TX00697,2025-01-18,CUST0068,170.04,Food,Wallet,Made an equity investment.,0
TX00698,2025-03-11,CUST0110,61.54,Travel,Wallet,Purchased tickets for a concert.,0
TX00699,2025-02-07,CUST0099,120.07,Food,Wallet,Sold a software license.,0
TX00700,2025-03-20,CUST0279,30.89,Travel,Card,Paid employee salaries for the month.,0
TX00701,2025-03-12,CUST0190,87.64,Utilities,Bank Transfer,Subscribed to a business news service.,1
TX00702,2025-01-24,CUST0293,39.62,Entertainment,Wallet,Acquired a power bank.,0
TX00703,2025-01-04,CUST0010,152.16,Clothing,Bank Transfer,Sold used electronics online.,0
TX00704,2025-02-14,CUST0139,247.63,Education,Card,Ordered flowers for delivery.,0
TX00705,2025-03-11,CUST0139,192.04,Food,Card,Vet visit for pet's annual check-up.,0
TX00706,2025-03-17,CUST0286,11.15,Education,Bank Transfer,Income from selling unused books.,0
TX00707,2025-02-26,CUST0197,110.99,Electronics,Card,Team communication app subscription.,0
TX00708,2025-02-21,CUST0009,117.43,Clothing,Bank Transfer,Subscribed to a lead generation tool.,0
TX00709,2025-02-20,CUST0141,237.7,Entertainment,Debit,Paid for a digital art commission.,0
TX00710,2025-03-04,CUST0190,246.63,Travel,Card,Payment for a catering event.,0
TX00711,2025-03-10,CUST0004,41.8,Electronics,Wallet,Paid for freight shipping.,0
TX00712,2025-03-31,CUST0059,23.2,Clothing,Debit,Business intelligence software subscription.,0
TX00713,2025-01-08,CUST0224,22.53,Education,Wallet,Dry cleaning services rendered.,0
TX00714,2025-03-29,CUST0176,54.14,Utilities,Wallet,Bought kitchen utensils.,0
TX00715,2025-03-19,CUST0085,164.23,Utilities,Bank Transfer,Rolled over funds to retirement account.,0
TX00716,2025-04-01,CUST0053,29.9,Food,Wallet,Received an investment return on portfolio.,0
TX00717,2025-01-01,CUST0084,1.51,Clothing,Card,Water bill paid for the month.,0
TX00718,2025-01-06,CUST0049,96.72,Electronics,Debit,Income from renting out equipment.,0
TX00719,2025-02-05,CUST0137,82.43,Travel,Wallet,Ordered kitchen appliances for home renovation.,0
TX00720,2025-03-03,CUST0024,79.64,Utilities,Card,Paid for a chiropractor appointment.,0
TX00721,2025-02-19,CUST0162,17.87,Food,Card,Income from a local market stall.,0
TX00722,2025-01-30,CUST0282,244.36,Clothing,Card,Purchased domain name for new website.,0
TX00723,2025-01-23,CUST0157,15.52,Electronics,Card,Paid for freight shipping.,0
TX00724,2025-02-25,CUST0062,58.8,Electronics,Bank Transfer,Purchased cryptocurrency through exchange.,0
TX00725,2025-01-16,CUST0226,172.38,Travel,Debit,Acquired a smart home device.,0
TX00726,2025-02-25,CUST0269,121.4,Entertainment,Wallet,Received a royalty payment.,0
TX00727,2025-03-09,CUST0227,43.64,Utilities,Wallet,Made a down payment for property.,0
TX00728,2025-01-17,CUST0036,357.42,Education,Debit,Received an expense reimbursement from employer.,1
TX00729,2025-02-18,CUST0036,108.44,Education,Bank Transfer,Paid an annual credit card fee.,0
TX00730,2025-02-27,CUST0173,14.98,Clothing,Debit,Paid for a car wash service.,0
TX00731,2025-03-01,CUST0085,172.54,Electronics,Wallet,Deposited a money order.,1
TX00732,2025-01-26,CUST0300,63.74,Entertainment,Wallet,Ordered custom prints online.,0
TX00733,2025-02-24,CUST0266,49.76,Utilities,Debit,Setup a recurring bill payment.,0
TX00734,2025-01-30,CUST0060,96.71,Utilities,Card,Paid for office security cameras.,0
TX00735,2025-03-18,CUST0184,21.03,Travel,Card,Website builder subscription.,0
TX00736,2025-03-02,CUST0068,7.1,Entertainment,Wallet,Ordered custom prints online.,0
TX00737,2025-02-07,CUST0144,103.56,Utilities,Wallet,Bought branded stationery.,0
TX00738,2025-02-23,CUST0247,142.05,Electronics,Bank Transfer,Childcare services for the month.,0
TX00739,2025-01-25,CUST0199,38.34,Food,Wallet,Acquired a set of towels.,0
TX00740,2025-01-03,CUST0148,219.98,Clothing,Wallet,Paid for professional photography for products.,0
TX00741,2025-03-15,CUST0036,11.14,Food,Card,Paid off car loan installment.,0
TX00742,2025-01-15,CUST0300,10.64,Utilities,Wallet,Sold a piece of furniture.,0
TX00743,2025-02-15,CUST0268,15.57,Utilities,Debit,HVAC system service bill.,0
TX00744,2025-02-03,CUST0114,199.03,Clothing,Wallet,Deposited a security deposit for apartment rental.,0
TX00745,2025-03-26,CUST0062,105.64,Food,Debit,E-commerce platform monthly fee.,0
TX00746,2025-03-12,CUST0136,74.08,Utilities,Debit,Pet insurance monthly payment.,0
TX00747,2025-01-11,CUST0222,181.51,Utilities,Wallet,Payment for a design project.,0
TX00748,2025-03-04,CUST0010,522.63,Food,Debit,Received payment for a voiceover job.,1
TX00749,2025-01-26,CUST0154,155.51,Travel,Wallet,Ordered take-out pizza for dinner.,0
TX00750,2025-02-02,CUST0136,67.76,Travel,Bank Transfer,Home security monitoring subscription.,0
TX00751,2025-03-16,CUST0080,501.1,Food,Debit,Received a tax credit.,1
TX00752,2025-02-27,CUST0035,21.01,Electronics,Debit,Paid for a data analytics platform.,0
TX00753,2025-01-18,CUST0119,90.87,Electronics,Bank Transfer,Paid for online advertising credits.,0
TX00754,2025-03-30,CUST0041,71.68,Utilities,Bank Transfer,Customer support software subscription.,0
TX00755,2025-04-01,CUST0210,41.9,Clothing,Debit,Ordered laundry detergent.,0
TX00756,2025-03-02,CUST0131,15.96,Travel,Wallet,New headphones bought from electronics store.,0
TX00757,2025-02-05,CUST0060,103.35,Clothing,Wallet,Paid for garbage collection.,0
TX00758,2025-01-17,CUST0136,17.93,Education,Debit,Bought a gift for a friend's birthday.,0
TX00759,2025-01-31,CUST0259,313.03,Clothing,Debit,Received a referral bonus from new client.,1
TX00760,2025-03-17,CUST0147,55.32,Food,Debit,Purchased software for project management.,1
TX00761,2025-02-28,CUST0055,7.72,Utilities,Debit,Project management tool subscription.,0
TX00762,2025-03-27,CUST0123,51.18,Food,Card,Language learning app subscription.,1
TX00763,2025-02-08,CUST0076,65.76,Education,Debit,Income from delivering food.,0
TX00764,2025-03-13,CUST0167,81.36,Electronics,Card,Paid a returned check fee.,0
TX00765,2025-02-05,CUST0278,69.6,Clothing,Card,Window cleaning service invoice.,0
TX00766,2025-02-24,CUST0082,2.57,Food,Wallet,Ordered a new mattress online.,0
TX00767,2025-03-20,CUST0214,16.81,Food,Wallet,Purchased concert tickets online.,0
TX00768,2025-01-07,CUST0229,9.12,Utilities,Debit,Company vehicle fuel expenses.,0
TX00769,2025-03-15,CUST0044,156.03,Utilities,Debit,Car rental club subscription.,0
TX00770,2025-03-21,CUST0083,8.41,Electronics,Card,Paid for passport photo service.,0
TX00771,2025-01-14,CUST0146,201.24,Clothing,Wallet,Received payment for a voiceover job.,0
TX00772,2025-01-02,CUST0266,19.07,Entertainment,Bank Transfer,Bought household cleaning supplies.,0
TX00773,2025-01-21,CUST0186,73.34,Utilities,Card,Paid for a cooking class.,0
TX00774,2025-01-31,CUST0082,44.46,Clothing,Card,Picked up pet supplies at the local store.,0
TX00775,2025-01-09,CUST0021,54.49,Entertainment,Card,Purchased gardening tools for the backyard.,0
TX00776,2025-02-13,CUST0184,43.94,Utilities,Debit,Payment for a landscaping job.,0
TX00777,2025-01-13,CUST0068,58.03,Electronics,Wallet,Paid a balance transfer fee.,0
TX00778,2025-03-24,CUST0200,299.54,Electronics,Bank Transfer,Picked up snacks and drinks.,1
TX00779,2025-03-27,CUST0281,42.5,Utilities,Card,Purchased a board game.,0
TX00780,2025-02-13,CUST0208,222.42,Food,Card,Paid for a massage therapy session.,0
TX00781,2025-03-26,CUST0265,102.25,Entertainment,Card,Income from selling digital products.,0
TX00782,2025-02-20,CUST0257,18.27,Food,Card,Software-as-a-service (SaaS) subscription.,0
TX00783,2025-03-17,CUST0041,182.25,Education,Bank Transfer,Paid for business software license renewal.,0
TX00784,2025-02-05,CUST0141,12.72,Utilities,Card,Ordered flowers for delivery.,0
TX00785,2025-02-27,CUST0206,138.06,Travel,Wallet,Hair removal service paid.,0
TX00786,2025-02-21,CUST0245,453.33,Food,Debit,Paid for accounting software.,1
TX00787,2025-03-11,CUST0240,238.91,Food,Bank Transfer,Email marketing service payment.,0
TX00788,2025-03-07,CUST0267,127.42,Electronics,Bank Transfer,Purchased fuel cards for company cars.,0
TX00789,2025-02-08,CUST0004,166.48,Entertainment,Wallet,Invoice paid for marketing campaign.,0
TX00790,2025-03-12,CUST0175,209.48,Entertainment,Card,Paid for a data analytics platform.,1
TX00791,2025-01-07,CUST0193,75.84,Electronics,Wallet,Paid an overdraft fee.,1
TX00792,2025-03-29,CUST0030,150.46,Food,Card,Deposited cash from side job.,1
TX00793,2025-01-30,CUST0196,51.57,Clothing,Bank Transfer,Received a grant payment.,0
TX00794,2025-01-31,CUST0202,66.73,Electronics,Debit,Business loan installment paid.,0
TX00795,2025-02-24,CUST0073,45.98,Travel,Card,Acquired fish tank supplies.,0
TX00796,2025-01-27,CUST0166,10.64,Travel,Debit,Payment for a translation service.,0
TX00797,2025-03-02,CUST0087,5.19,Electronics,Card,Paid for internet service at office.,0
TX00798,2025-01-24,CUST0092,88.58,Electronics,Wallet,Purchased a streaming movie.,0
TX00799,2025-03-17,CUST0241,203.14,Travel,Card,Transferred money for tuition.,0
TX00800,2025-01-12,CUST0254,117.31,Electronics,Card,Bought weekly groceries at local supermarket.,0
TX00801,2025-01-04,CUST0043,113.54,Entertainment,Card,Customer relationship management software payment.,0
TX00802,2025-03-23,CUST0069,31.29,Entertainment,Card,Received income from a blog advertisement.,0
TX00803,2025-02-21,CUST0186,276.62,Education,Card,Purchased new winter coat from online retailer.,0
TX00804,2025-02-25,CUST0284,22.75,Clothing,Bank Transfer,Paid for accounting software.,0
TX00805,2025-01-25,CUST0079,45.7,Travel,Bank Transfer,Landscaping maintenance invoice.,0
TX00806,2025-01-25,CUST0235,12.06,Travel,Wallet,Deposited a vendor payment.,0
TX00807,2025-02-22,CUST0033,54.16,Education,Debit,Paid for a search engine optimization tool.,0
TX00808,2025-01-21,CUST0007,61.27,Education,Debit,SEO audit software subscription.,0
TX00809,2025-02-23,CUST0014,185.15,Clothing,Wallet,Received payment for consulting services.,0
TX00810,2025-02-17,CUST0283,100.72,Utilities,Bank Transfer,Paid a parking fine.,0
TX00811,2025-03-17,CUST0011,257.05,Electronics,Bank Transfer,Payment for virtual assistance.,1
TX00812,2025-02-19,CUST0131,52.01,Entertainment,Card,Income from renting out equipment.,0
TX00813,2025-03-07,CUST0031,363.35,Electronics,Bank Transfer,Paid for company vehicle fuel.,1
TX00814,2025-03-14,CUST0083,281.08,Clothing,Bank Transfer,Garden maintenance payment processed.,0
TX00815,2025-03-25,CUST0211,30.29,Travel,Bank Transfer,Home mortgage payment submitted.,0
TX00816,2025-01-29,CUST0215,38.86,Education,Card,Customer support software subscription.,0
TX00817,2025-03-01,CUST0235,20.12,Utilities,Wallet,Received a rebate payment for recent purchase.,0
TX00818,2025-01-12,CUST0061,81.52,Utilities,Debit,Stock purchase executed on market.,0
TX00819,2025-02-20,CUST0007,129.64,Utilities,Debit,Sold handmade soap at local market.,0
TX00820,2025-01-04,CUST0160,49.35,Food,Bank Transfer,Bought a coffee maker.,0
TX00821,2025-03-27,CUST0082,163.15,Utilities,Wallet,Paid for a social media scheduling tool.,0
TX00822,2025-01-18,CUST0249,16.1,Education,Bank Transfer,Paid employee salaries for the month.,0
TX00823,2025-03-06,CUST0095,181.54,Entertainment,Debit,Paid for a keyword research tool.,0
TX00824,2025-03-23,CUST0253,162.68,Travel,Bank Transfer,Ordered kitchen appliances for home renovation.,0
TX00825,2025-01-21,CUST0240,116.06,Entertainment,Wallet,Online learning platform subscription.,0
TX00826,2025-01-06,CUST0022,186.17,Education,Wallet,Ordered custom cake for birthday.,0
TX00827,2025-03-03,CUST0163,141.65,Education,Card,Office supplies ordered online.,1
TX00828,2025-03-30,CUST0070,47.89,Electronics,Bank Transfer,Payment for event planning services.,0
TX00829,2025-02-14,CUST0086,44.49,Food,Bank Transfer,Paid a brokerage fee for stock trade.,0
TX00830,2025-02-14,CUST0038,151.69,Electronics,Wallet,Paid for New York Times digital access.,0
TX00831,2025-02-21,CUST0103,247.76,Food,Wallet,New smart watch bought from a tech store.,1
TX00832,2025-01-02,CUST0007,306.59,Food,Bank Transfer,Landscaping maintenance invoice.,1
TX00833,2025-01-05,CUST0266,37.29,Clothing,Bank Transfer,Waste management service bill paid.,0
TX00834,2025-01-29,CUST0249,41.07,Electronics,Card,Ordered custom prints online.,0
TX00835,2025-02-21,CUST0016,99.15,Education,Wallet,Received a tax credit.,0
TX00836,2025-01-31,CUST0250,25.81,Education,Wallet,Team communication app subscription.,0
TX00837,2025-02-12,CUST0300,58.87,Travel,Wallet,Purchased movie tickets for evening show.,0
TX00838,2025-01-25,CUST0045,72.93,Travel,Card,Purchased a language course.,0
TX00839,2025-01-08,CUST0105,136.01,Entertainment,Bank Transfer,Purchased a personal styling session.,0
TX00840,2025-01-21,CUST0013,61.02,Utilities,Card,Productivity app monthly fee.,0
TX00841,2025-03-28,CUST0251,16.8,Clothing,Card,Car serviced at the local garage.,0
TX00842,2025-02-10,CUST0071,82.62,Travel,Wallet,Made an equity investment.,0
TX00843,2025-03-31,CUST0246,173.48,Education,Wallet,Received money from a friend.,0
TX00844,2025-02-15,CUST0063,166.08,Electronics,Wallet,Payment for virtual assistance.,0
TX00845,2025-01-23,CUST0062,72.32,Entertainment,Wallet,Transferred money to savings account.,0
TX00846,2025-01-28,CUST0025,128.69,Education,Wallet,Received payment for freelance writing project.,0
TX00847,2025-03-01,CUST0106,175.45,Education,Card,Paid for passport photo service.,1
TX00848,2025-02-16,CUST0160,33.18,Entertainment,Card,Paid for a haircut and styling.,0
TX00849,2025-03-30,CUST0209,50.98,Education,Wallet,Deposited a dividend check from stock investment.,0
TX00850,2025-03-08,CUST0106,1.18,Electronics,Debit,Purchased new winter coat from online retailer.,1
TX00851,2025-03-17,CUST0009,43.99,Clothing,Debit,Sold a software license.,0
TX00852,2025-01-20,CUST0169,95.16,Entertainment,Debit,Travel expenses for client meeting.,0
TX00853,2025-02-05,CUST0105,83.24,Food,Bank Transfer,Purchased a personal styling session.,1
TX00854,2025-01-14,CUST0268,58.72,Education,Debit,Bought branded stationery.,0
TX00855,2025-03-07,CUST0204,43.54,Utilities,Debit,Paid for premium Spotify subscription.,0
TX00856,2025-01-06,CUST0128,48.62,Education,Card,Purchased a digital picture frame.,0
TX00857,2025-01-15,CUST0162,242.42,Electronics,Wallet,Ordered take-out pizza for dinner.,0
TX00858,2025-03-14,CUST0212,102.17,Clothing,Debit,Purchased new server hardware.,0
TX00859,2025-03-09,CUST0275,120.21,Education,Bank Transfer,Software license renewal fee.,0
TX00860,2025-02-20,CUST0175,94.18,Travel,Bank Transfer,Payment for an installation service.,0
TX00861,2025-02-24,CUST0171,1.01,Entertainment,Card,Business intelligence software subscription.,0
TX00862,2025-01-10,CUST0132,361.11,Education,Card,Paid a safe deposit box fee.,1
TX00863,2025-01-18,CUST0003,72.99,Clothing,Card,Paid for public utilities.,0
TX00864,2025-02-25,CUST0106,11.0,Clothing,Card,Purchased raw materials for production.,0
TX00865,2025-03-26,CUST0216,303.66,Food,Card,Acquired a new router.,1
TX00866,2025-01-29,CUST0047,83.04,Utilities,Debit,Paid for employee training program.,0
TX00867,2025-02-15,CUST0199,28.76,Travel,Card,Sold baked goods at a farmers market.,0
TX00868,2025-01-21,CUST0157,101.26,Electronics,Debit,IT support contract payment.,0
TX00869,2025-01-26,CUST0083,214.26,Entertainment,Debit,Payroll processing fee.,1
TX00870,2025-03-29,CUST0084,138.29,Education,Debit,Ordered kitchen appliances for home renovation.,1
TX00871,2025-01-02,CUST0218,93.83,Clothing,Wallet,Paid a notary fee for legal document.,1
TX00872,2025-01-10,CUST0299,108.37,Food,Bank Transfer,Property taxes paid for the year.,0
TX00873,2025-02-05,CUST0095,215.51,Clothing,Card,Ordered groceries for home delivery.,0
TX00874,2025-01-26,CUST0125,29.58,Electronics,Bank Transfer,Purchased a gym day pass.,0
TX00875,2025-01-24,CUST0201,1.25,Education,Card,Purchased a webinar access pass.,0
TX00876,2025-01-20,CUST0047,127.86,Food,Card,Paid for vehicle maintenance and repairs.,0
TX00877,2025-01-11,CUST0079,153.69,Clothing,Card,Purchased licenses for design software.,0
TX00878,2025-01-30,CUST0034,104.22,Food,Wallet,Paid for a fitness app membership.,1
TX00879,2025-03-19,CUST0043,44.9,Travel,Wallet,Paid for New York Times digital access.,0
TX00880,2025-01-29,CUST0096,37.43,Travel,Bank Transfer,Bank transfer to family member.,1
TX00881,2025-03-19,CUST0185,60.91,Utilities,Card,Purchased new winter coat from online retailer.,0
TX00882,2025-02-23,CUST0216,279.54,Food,Card,Purchased a water filter pitcher.,0
TX00883,2025-03-21,CUST0165,116.24,Entertainment,Card,Received revenue from mobile app sales.,0
TX00884,2025-01-06,CUST0300,155.52,Utilities,Wallet,Ordered a new mattress online.,0
TX00885,2025-02-20,CUST0019,21.0,Clothing,Card,Purchased a board game.,0
TX00886,2025-01-12,CUST0105,13.32,Clothing,Debit,Paid for online advertising credits.,0
TX00887,2025-01-30,CUST0269,192.16,Electronics,Debit,Purchased a dance class package.,0
TX00888,2025-03-30,CUST0284,50.2,Travel,Bank Transfer,Payment for a book editing service.,0
TX00889,2025-02-09,CUST0054,166.83,Travel,Debit,Payment for a brand partnership.,0
TX00890,2025-03-29,CUST0229,521.37,Electronics,Bank Transfer,Paid for employee training program.,1
TX00891,2025-01-28,CUST0202,11.85,Education,Bank Transfer,Purchased a drone for recreational use.,0
TX00892,2025-02-19,CUST0062,35.29,Food,Card,Paid for a project management tool.,0
TX00893,2025-03-07,CUST0174,55.99,Entertainment,Card,Purchased office kitchen supplies.,0
TX00894,2025-01-11,CUST0160,23.65,Utilities,Debit,Digital newspaper subscription.,0
TX00895,2025-03-22,CUST0165,6.43,Food,Card,Received a grant for academic research.,0
TX00896,2025-02-01,CUST0020,64.81,Clothing,Card,Received revenue from mobile app sales.,0
TX00897,2025-02-04,CUST0103,53.32,Electronics,Wallet,Setup a recurring bill payment.,0
TX00898,2025-01-26,CUST0282,47.53,Food,Bank Transfer,Paid a certificate of deposit penalty.,0
TX00899,2025-03-07,CUST0085,224.47,Food,Card,Social media management platform.,0
TX00900,2025-03-04,CUST0055,0.95,Food,Card,Paid a brokerage commission.,0
TX00901,2025-03-03,CUST0202,13.05,Clothing,Bank Transfer,Purchased domain name for new website.,0
TX00902,2025-01-28,CUST0192,278.98,Entertainment,Debit,Paid for a credit report.,0
TX00903,2025-04-01,CUST0129,46.86,Utilities,Bank Transfer,Landscaping maintenance invoice.,0
TX00904,2025-02-05,CUST0175,97.33,Entertainment,Card,Roadside assistance membership.,0
TX00905,2025-01-30,CUST0210,4.59,Education,Bank Transfer,Business dinner with potential client.,0
TX00906,2025-03-15,CUST0020,475.76,Clothing,Bank Transfer,Business intelligence software subscription.,1
TX00907,2025-01-05,CUST0271,69.11,Electronics,Bank Transfer,Acquired a power bank.,0
TX00908,2025-01-08,CUST0254,87.7,Entertainment,Card,Paid for a security system installation.,0
TX00909,2025-02-14,CUST0247,70.07,Education,Wallet,Social media management platform.,0
TX00910,2025-02-05,CUST0166,362.82,Electronics,Wallet,Received income from a blog advertisement.,1
TX00911,2025-02-04,CUST0185,19.8,Utilities,Debit,Dinner with friends at the new bistro.,0
TX00912,2025-02-10,CUST0018,49.72,Entertainment,Bank Transfer,Acquired a set of dumbbells.,0
TX00913,2025-02-21,CUST0217,319.32,Clothing,Card,Network maintenance fee.,1
TX00914,2025-01-29,CUST0006,71.55,Electronics,Bank Transfer,Paid for premium Spotify subscription.,0
TX00915,2025-01-10,CUST0168,110.6,Travel,Card,Zoom Pro account renewal.,0
TX00916,2025-02-10,CUST0055,5.55,Entertainment,Wallet,Client paid for interior design.,0
TX00917,2025-03-15,CUST0294,157.43,Utilities,Bank Transfer,Purchased licenses for design software.,0
TX00918,2025-02-23,CUST0051,168.92,Electronics,Debit,Bought a reusable water bottle.,0
TX00919,2025-02-16,CUST0155,114.24,Education,Wallet,Electrician repaired faulty wiring.,0
TX00920,2025-03-12,CUST0249,4.42,Utilities,Bank Transfer,Paid for a cooking class.,0
TX00921,2025-02-02,CUST0188,17.91,Utilities,Debit,Booked an interior design consultation.,0
TX00922,2025-01-24,CUST0234,25.21,Electronics,Debit,Bought a digital scale.,0
TX00923,2025-03-31,CUST0031,92.86,Education,Debit,Stock purchase executed on market.,0
TX00924,2025-03-16,CUST0082,0.79,Electronics,Bank Transfer,Purchased gardening tools for the backyard.,0
TX00925,2025-03-17,CUST0243,28.47,Travel,Bank Transfer,Pest control service payment.,0
TX00926,2025-01-18,CUST0119,93.74,Food,Wallet,Loan disbursement received today.,0
TX00927,2025-01-13,CUST0222,181.91,Electronics,Wallet,Purchased software for project management.,0
TX00928,2025-01-04,CUST0127,57.03,Electronics,Wallet,Monthly recurring revenue from SaaS product.,0
TX00929,2025-02-21,CUST0002,240.79,Education,Wallet,Office rent payment processed.,0
TX00930,2025-03-18,CUST0288,107.41,Utilities,Bank Transfer,Alimony payment made.,0
TX00931,2025-02-17,CUST0297,57.16,Travel,Bank Transfer,Paid for a marketing analytics tool.,0
TX00932,2025-01-28,CUST0082,51.08,Electronics,Debit,Paid for a cooking demonstration.,0
TX00933,2025-02-22,CUST0153,124.81,Entertainment,Bank Transfer,House cleaning service rendered.,0
TX00934,2025-01-27,CUST0234,52.28,Utilities,Debit,Purchased a slow cooker.,0
TX00935,2025-02-06,CUST0047,0.07,Food,Bank Transfer,Paid for a meditation guide.,0
TX00936,2025-02-02,CUST0158,98.36,Utilities,Debit,MasterClass online course subscription.,0
TX00937,2025-02-01,CUST0045,122.12,Utilities,Bank Transfer,Bought bird seed.,0
TX00938,2025-03-15,CUST0277,143.04,Clothing,Debit,Paid for legal consultation regarding contract.,0
TX00939,2025-03-13,CUST0083,257.91,Electronics,Card,Purchased a board game.,0
TX00940,2025-02-17,CUST0181,73.94,Clothing,Wallet,Child support payment processed.,0
TX00941,2025-02-04,CUST0095,160.4,Electronics,Debit,Annual domain name renewal.,0
TX00942,2025-02-05,CUST0115,162.87,Travel,Bank Transfer,Acquired a smart home device.,0
TX00943,2025-02-14,CUST0268,26.11,Clothing,Wallet,Paid for a dog grooming session.,0
TX00944,2025-02-05,CUST0044,125.04,Electronics,Wallet,Home mortgage payment submitted.,0
TX00945,2025-01-16,CUST0035,24.22,Food,Debit,Company phone bills paid.,0
TX00946,2025-01-07,CUST0255,36.6,Education,Wallet,Sold a vintage item.,0
TX00947,2025-02-02,CUST0132,55.49,Travel,Bank Transfer,Income from delivering food.,0
TX00948,2025-01-03,CUST0141,70.56,Electronics,Debit,Sold a vintage item.,0
TX00949,2025-03-10,CUST0225,20.25,Travel,Debit,Made a charitable donation.,0
TX00950,2025-01-28,CUST0267,494.65,Food,Debit,Monthly recurring revenue from SaaS product.,1
TX00951,2025-03-19,CUST0262,88.17,Travel,Debit,Paid for a fitness app membership.,0
TX00952,2025-01-15,CUST0131,260.19,Clothing,Wallet,Paid for a bookkeeping service.,0
TX00953,2025-01-28,CUST0276,145.58,Entertainment,Bank Transfer,Paid for a new printer.,0
TX00954,2025-01-26,CUST0259,153.23,Education,Wallet,Commercial property tax paid.,0
TX00955,2025-03-22,CUST0028,45.52,Electronics,Bank Transfer,Purchased a drone for recreational use.,0
TX00956,2025-03-18,CUST0216,95.27,Clothing,Debit,Home security monitoring subscription.,0
TX00957,2025-01-13,CUST0048,170.95,Electronics,Debit,Paid employee salaries for the month.,1
TX00958,2025-01-20,CUST0157,2.98,Electronics,Card,Fire safety inspection bill.,0
TX00959,2025-02-22,CUST0049,53.53,Clothing,Card,Paid for a search engine optimization tool.,0
TX00960,2025-03-18,CUST0042,25.61,Utilities,Bank Transfer,Business insurance premium payment.,0
TX00961,2025-01-07,CUST0111,178.14,Education,Bank Transfer,Setup a recurring bill payment.,0
TX00962,2025-02-27,CUST0162,62.64,Food,Bank Transfer,Purchased a lunchbox.,0
TX00963,2025-02-26,CUST0199,344.88,Education,Card,Paid for a notary public service.,1
TX00964,2025-01-04,CUST0204,77.3,Utilities,Card,Content delivery network bill.,0
TX00965,2025-02-19,CUST0158,24.15,Electronics,Wallet,Received payment for a voiceover job.,0
TX00966,2025-03-28,CUST0064,33.12,Food,Debit,Paid for a courier service.,0
TX00967,2025-03-04,CUST0261,33.63,Education,Card,Paid monthly electricity bill online.,1
TX00968,2025-01-21,CUST0205,615.81,Clothing,Debit,Cloud storage service renewed.,1
TX00969,2025-02-27,CUST0264,45.25,Travel,Bank Transfer,Payment for a catering event.,0
TX00970,2025-03-05,CUST0288,71.68,Entertainment,Wallet,Network maintenance fee.,0
TX00971,2025-02-23,CUST0271,49.15,Education,Bank Transfer,Social media management platform.,0
TX00972,2025-03-09,CUST0198,154.88,Utilities,Wallet,Income from selling unused books.,0
TX00973,2025-02-04,CUST0019,156.56,Entertainment,Wallet,Paid for a notary public service.,0
TX00974,2025-01-02,CUST0180,158.14,Entertainment,Wallet,Purchased a dance class package.,0
TX00975,2025-02-04,CUST0032,172.0,Entertainment,Card,Recycling service fee.,0
TX00976,2025-03-17,CUST0157,51.44,Food,Bank Transfer,Paid for business legal fees.,1
TX00977,2025-01-04,CUST0253,17.33,Electronics,Debit,Annual domain name renewal.,0
TX00978,2025-03-07,CUST0249,69.87,Entertainment,Bank Transfer,Received an investment return on portfolio.,0
TX00979,2025-02-06,CUST0299,45.83,Clothing,Debit,Customer support software subscription.,0
TX00980,2025-01-17,CUST0248,211.71,Electronics,Debit,Received payment for web development work.,0
TX00981,2025-01-27,CUST0248,60.87,Education,Wallet,Received an investment return on portfolio.,0
TX00982,2025-01-11,CUST0042,46.35,Clothing,Wallet,Paid a brokerage fee for stock trade.,0
TX00983,2025-03-17,CUST0182,25.64,Travel,Debit,Software-as-a-service (SaaS) subscription.,0
TX00984,2025-03-10,CUST0265,55.79,Education,Debit,Paid off medical debt.,0
TX00985,2025-03-08,CUST0247,32.07,Food,Bank Transfer,Purchased a wireless mouse.,0
TX00986,2025-03-04,CUST0108,47.06,Travel,Card,Made an extra principal payment.,0
TX00987,2025-02-04,CUST0031,19.66,Electronics,Card,Subscribed to a business news service.,0
TX00988,2025-03-31,CUST0031,10.66,Entertainment,Debit,Received a grant funding for scientific research.,0
TX00989,2025-01-09,CUST0028,54.5,Entertainment,Wallet,Deposited a business check.,0
TX00990,2025-03-10,CUST0118,55.06,Entertainment,Card,Annual car insurance premium due.,0
TX00991,2025-03-24,CUST0075,0.47,Entertainment,Bank Transfer,Paid for premium Spotify subscription.,0
TX00992,2025-01-23,CUST0025,161.63,Clothing,Wallet,Online learning platform subscription.,0
TX00993,2025-02-07,CUST0214,70.29,Education,Bank Transfer,Xbox Game Pass monthly charge.,0
TX00994,2025-01-05,CUST0172,30.78,Food,Card,Purchased a webinar access pass.,0
TX00995,2025-01-27,CUST0261,48.29,Entertainment,Debit,Money sent via peer-to-peer app.,0
TX00996,2025-01-19,CUST0028,153.33,Utilities,Bank Transfer,Paid for a business credit report.,0
TX00997,2025-03-16,CUST0219,88.22,Education,Debit,Paid a bank service charge.,0
TX00998,2025-01-20,CUST0001,40.03,Entertainment,Bank Transfer,Income from a local market stall.,0
TX00999,2025-01-20,CUST0299,40.52,Entertainment,Wallet,Paid for business coaching sessions.,0
TX01000,2025-02-16,CUST0225,212.64,Entertainment,Card,Manicure and pedicure appointment paid.,0
TX01001,2025-02-05,CUST0075,147.86,Food,Bank Transfer,E-commerce platform monthly fee.,0
TX01002,2025-02-02,CUST0153,53.25,Food,Debit,Accounting software subscription bill.,0
TX01003,2025-02-17,CUST0076,60.35,Education,Debit,Company vehicle fuel expenses.,0
TX01004,2025-03-15,CUST0300,215.74,Education,Wallet,Received a gift transfer.,0
TX01005,2025-03-05,CUST0194,115.84,Electronics,Wallet,Professional liability insurance.,0
TX01006,2025-03-03,CUST0278,225.16,Travel,Bank Transfer,Purchased a slow cooker.,0
TX01007,2025-01-13,CUST0009,80.38,Education,Debit,Deposited a security deposit for apartment rental.,0
TX01008,2025-01-12,CUST0246,135.39,Travel,Card,Sold handmade soap at local market.,0
TX01009,2025-03-17,CUST0189,31.81,Entertainment,Wallet,Received an expense reimbursement from employer.,0
TX01010,2025-01-21,CUST0001,204.41,Electronics,Card,Life insurance policy payment.,0
TX01011,2025-03-15,CUST0250,120.54,Travel,Card,Received a gift transfer.,0
TX01012,2025-03-05,CUST0011,56.94,Entertainment,Wallet,Purchased a streaming movie.,0
TX01013,2025-03-04,CUST0157,42.13,Electronics,Bank Transfer,Bought a new shower head.,0
TX01014,2025-01-04,CUST0048,85.83,Entertainment,Bank Transfer,Deposited a business check.,0
TX01015,2025-01-01,CUST0249,42.27,Electronics,Debit,Business insurance premium paid.,0
TX01016,2025-01-03,CUST0069,70.9,Food,Bank Transfer,Paid for a data analytics platform.,0
TX01017,2025-03-12,CUST0284,69.46,Utilities,Bank Transfer,Paid for a meditation app premium.,0
TX01018,2025-02-23,CUST0007,128.51,Food,Wallet,Bought a reusable water bottle.,0
TX01019,2025-01-13,CUST0233,170.95,Entertainment,Debit,Design software monthly license.,0
TX01020,2025-03-12,CUST0172,24.51,Electronics,Bank Transfer,Payment for a training workshop.,0
TX01021,2025-01-25,CUST0111,31.24,Electronics,Wallet,Patreon creator support payment.,0
TX01022,2025-02-24,CUST0262,12.65,Education,Bank Transfer,Antivirus software annual renewal.,0
TX01023,2025-03-10,CUST0161,7.81,Utilities,Card,Elevator maintenance contract.,0
TX01024,2025-03-24,CUST0008,100.49,Electronics,Debit,Annual domain name renewal.,0
TX01025,2025-02-06,CUST0049,34.94,Food,Debit,Made a student loan payment.,0
TX01026,2025-03-31,CUST0093,131.5,Electronics,Bank Transfer,Payment for a photography shoot.,0
TX01027,2025-02-20,CUST0008,265.39,Utilities,Debit,Pest control service payment.,0
TX01028,2025-03-06,CUST0278,60.1,Education,Card,Pet insurance monthly payment.,0
TX01029,2025-03-12,CUST0100,31.19,Clothing,Wallet,Garden maintenance payment processed.,0
TX01030,2025-03-19,CUST0055,67.76,Education,Card,Deposited a refund check.,0
TX01031,2025-02-12,CUST0063,65.05,Travel,Debit,Life insurance policy payment.,0
TX01032,2025-03-29,CUST0043,151.32,Utilities,Wallet,Company phone bills paid.,0
TX01033,2025-01-25,CUST0284,101.53,Travel,Wallet,Business travel airfare purchased.,0
TX01034,2025-03-05,CUST0085,0.38,Education,Wallet,Paid a parking fine.,0
TX01035,2025-02-27,CUST0081,38.63,Education,Wallet,Ordered a new mattress online.,0
TX01036,2025-02-02,CUST0235,28.24,Food,Bank Transfer,Ordered clothes from an online fashion store.,0
TX01037,2025-01-11,CUST0260,50.35,Travel,Bank Transfer,Customer purchased handmade crafts online.,0
TX01038,2025-02-03,CUST0229,69.76,Clothing,Bank Transfer,Purchased office chair for home setup.,0
TX01039,2025-02-02,CUST0185,96.91,Travel,Debit,Paid for freight shipping.,0
TX01040,2025-03-17,CUST0066,67.96,Electronics,Bank Transfer,Paid for a trust setup.,0
TX01041,2025-01-14,CUST0021,20.92,Utilities,Card,Booked an escape room experience.,0
TX01042,2025-03-19,CUST0106,99.98,Food,Card,Car serviced at the local garage.,0
TX01043,2025-03-07,CUST0151,385.64,Electronics,Wallet,Received a bonus payment.,1
TX01044,2025-02-03,CUST0114,13.81,Travel,Bank Transfer,Paid for a swimming lesson.,0
TX01045,2025-03-13,CUST0237,438.62,Utilities,Bank Transfer,Purchased a webinar access pass.,1
TX01046,2025-02-21,CUST0192,134.81,Food,Bank Transfer,Magazine digital subscription paid.,0
TX01047,2025-02-24,CUST0193,55.06,Education,Debit,Conference registration fee paid.,0
TX01048,2025-02-10,CUST0179,128.47,Education,Debit,Sold a piece of furniture.,0
TX01049,2025-01-12,CUST0145,16.18,Food,Debit,Paid a late fee on bill.,0
TX01050,2025-01-22,CUST0179,117.82,Electronics,Debit,Paid for a project management tool.,1
TX01051,2025-01-10,CUST0083,222.31,Clothing,Bank Transfer,Revenue from product sales.,0
TX01052,2025-03-21,CUST0156,83.5,Education,Bank Transfer,Made a charitable donation.,0
TX01053,2025-01-16,CUST0015,139.88,Utilities,Card,Roadside assistance membership.,0
TX01054,2025-03-24,CUST0162,33.99,Travel,Card,MasterClass online course subscription.,0
TX01055,2025-01-23,CUST0035,10.24,Electronics,Wallet,Paid a notary fee for legal document.,0
TX01056,2025-03-18,CUST0225,399.97,Clothing,Wallet,Office electricity bill paid.,1
TX01057,2025-03-29,CUST0130,104.18,Food,Bank Transfer,Paid for a building permit.,0
TX01058,2025-01-20,CUST0143,15.79,Electronics,Bank Transfer,Received money from a friend.,0
TX01059,2025-02-22,CUST0265,99.72,Entertainment,Debit,Deposited a vendor payment.,0
TX01060,2025-03-24,CUST0066,78.76,Education,Bank Transfer,Paid an escrow fee.,1
TX01061,2025-03-25,CUST0052,12.02,Food,Debit,Purchased office supplies from Staples.,0
TX01062,2025-02-06,CUST0209,44.68,Education,Card,Payroll processing fee.,0
TX01063,2025-03-05,CUST0115,88.17,Electronics,Debit,Business insurance premium payment.,0
TX01064,2025-01-06,CUST0289,68.26,Education,Wallet,Paid for passport photo service.,0
TX01065,2025-03-04,CUST0090,22.84,Education,Bank Transfer,Bought bird seed.,0
TX01066,2025-02-02,CUST0082,31.3,Electronics,Debit,Purchased an electric kettle.,0
TX01067,2025-01-01,CUST0026,40.57,Electronics,Wallet,New headphones bought from electronics store.,0
TX01068,2025-02-25,CUST0055,72.73,Food,Bank Transfer,YouTube Premium subscription.,0
TX01069,2025-02-20,CUST0171,53.88,Education,Wallet,Medical bill from hospital visit.,0
TX01070,2025-01-08,CUST0168,16.1,Electronics,Wallet,Travel expenses for client meeting.,0
TX01071,2025-02-09,CUST0063,124.46,Education,Card,Deposited cash from side job.,0
TX01072,2025-03-22,CUST0270,31.52,Utilities,Card,Ordered custom cake for birthday.,0
TX01073,2025-03-17,CUST0132,152.26,Travel,Bank Transfer,Recycling service fee.,0
TX01074,2025-03-14,CUST0197,77.37,Food,Bank Transfer,Credit card statement paid in full.,0
TX01075,2025-03-24,CUST0281,142.71,Electronics,Wallet,Car rental club subscription.,0
TX01076,2025-01-17,CUST0114,267.57,Food,Debit,Tutoring session fee paid.,0
TX01077,2025-03-12,CUST0195,56.87,Food,Debit,Bought a plant for the office.,0
TX01078,2025-01-10,CUST0264,69.89,Education,Wallet,Income from a local market stall.,1
TX01079,2025-01-14,CUST0042,6.97,Entertainment,Wallet,Sponsored a local community event.,1
TX01080,2025-02-14,CUST0210,109.93,Utilities,Card,Commercial property tax paid.,0
TX01081,2025-01-01,CUST0079,91.03,Entertainment,Bank Transfer,Deposited a money order.,0
TX01082,2025-02-02,CUST0192,376.1,Travel,Debit,Deposited tax refund check.,1
TX01083,2025-02-15,CUST0293,44.17,Clothing,Wallet,Revenue from product sales.,0
TX01084,2025-02-04,CUST0129,148.77,Electronics,Bank Transfer,YouTube Premium subscription.,0
TX01085,2025-01-19,CUST0072,9.81,Utilities,Bank Transfer,Bought art supplies for a new hobby.,0
TX01086,2025-02-21,CUST0232,64.5,Entertainment,Bank Transfer,Revenue from product sales.,0
TX01087,2025-01-22,CUST0105,14.05,Travel,Card,Office supplies ordered online.,0
TX01088,2025-03-04,CUST0156,373.68,Food,Card,Received a gift transfer.,1
TX01089,2025-01-20,CUST0243,23.02,Education,Wallet,Medical bill from hospital visit.,0
TX01090,2025-01-11,CUST0297,16.32,Travel,Card,Paid for a virtual office space.,0
TX01091,2025-02-05,CUST0237,72.95,Clothing,Bank Transfer,Blue Apron meal kit subscription.,0
TX01092,2025-02-02,CUST0101,15.04,Food,Wallet,Cash deposit made at bank branch.,0
TX01093,2025-01-06,CUST0284,80.27,Entertainment,Bank Transfer,Payment for event planning services.,0
TX01094,2025-01-04,CUST0023,62.01,Travel,Card,Deposited cash from side job.,0
TX01095,2025-03-31,CUST0289,151.45,Electronics,Bank Transfer,Sold a piece of artwork.,0
TX01096,2025-01-18,CUST0024,3.7,Entertainment,Card,Ordered laundry detergent.,0
TX01097,2025-02-26,CUST0096,86.32,Education,Wallet,Paid for legal consultation regarding contract.,0
TX01098,2025-03-10,CUST0254,114.64,Clothing,Debit,Received income from a small business.,0
TX01099,2025-01-10,CUST0159,66.05,Entertainment,Wallet,Paid for a project management tool.,0
TX01100,2025-01-05,CUST0136,11.13,Education,Debit,Business travel airfare purchased.,0
TX01101,2025-03-03,CUST0268,102.93,Food,Debit,Transferred funds between accounts.,1
TX01102,2025-03-03,CUST0048,41.16,Electronics,Card,New gaming console bought online.,0
TX01103,2025-03-20,CUST0045,184.6,Travel,Wallet,Booked a pottery class.,0
TX01104,2025-02-17,CUST0274,3.8,Food,Card,Network maintenance fee.,0
TX01105,2025-01-14,CUST0294,56.97,Food,Card,Received rental income for property.,0
TX01106,2025-03-10,CUST0170,224.31,Entertainment,Bank Transfer,Paid for a commercial cleaner.,0
TX01107,2025-02-01,CUST0069,114.82,Clothing,Debit,Received a gift transfer.,0
TX01108,2025-03-03,CUST0002,20.62,Clothing,Card,Paid for legal consultation regarding contract.,0
TX01109,2025-03-18,CUST0105,49.15,Education,Card,Purchased domain name for new website.,0
TX01110,2025-01-24,CUST0200,43.38,Entertainment,Bank Transfer,Email marketing service payment.,0
TX01111,2025-02-05,CUST0123,63.07,Utilities,Card,Paid for a corporate event.,0
TX01112,2025-03-21,CUST0090,25.17,Education,Debit,Paid for public utilities.,0
TX01113,2025-02-18,CUST0129,1.36,Electronics,Wallet,Setup a recurring bill payment.,0
TX01114,2025-01-13,CUST0221,49.37,Travel,Debit,Paid for a search engine optimization tool.,0
TX01115,2025-01-22,CUST0018,33.21,Education,Debit,Received direct deposit of salary.,0
TX01116,2025-02-24,CUST0174,194.69,Travel,Wallet,Payroll processing fee.,0
TX01117,2025-01-28,CUST0295,167.95,Electronics,Debit,Sold a domain name.,0
TX01118,2025-01-21,CUST0202,134.12,Food,Bank Transfer,Purchased new computers for employees.,0
TX01119,2025-02-17,CUST0166,188.81,Travel,Debit,Bought a collar for the dog.,0
TX01120,2025-03-28,CUST0132,118.01,Clothing,Debit,Stock purchase executed on market.,0
TX01121,2025-03-04,CUST0262,192.56,Education,Bank Transfer,Dry cleaning services rendered.,0
TX01122,2025-02-06,CUST0279,91.95,Food,Bank Transfer,Employee benefits package payment.,0
TX01123,2025-02-12,CUST0017,8.07,Clothing,Card,Phone bill auto-paid.,0
TX01124,2025-02-26,CUST0119,119.4,Food,Wallet,Sold a domain name.,0
TX01125,2025-03-19,CUST0227,58.35,Utilities,Debit,Received a grant for academic research.,0
TX01126,2025-02-04,CUST0060,82.53,Clothing,Card,Payment for a design project.,0
TX01127,2025-02-17,CUST0070,197.0,Education,Bank Transfer,Paid for a marketing analytics tool.,0
TX01128,2025-04-01,CUST0202,101.97,Education,Debit,Childcare services for the month.,0
TX01129,2025-02-09,CUST0128,14.09,Utilities,Bank Transfer,Payment for a book editing service.,0
TX01130,2025-02-09,CUST0031,21.24,Entertainment,Debit,Received a refund from online store.,0
TX01131,2025-03-10,CUST0215,148.19,Utilities,Debit,Received an inheritance payment.,0
TX01132,2025-01-30,CUST0175,412.95,Clothing,Debit,Payment for a brand partnership.,1
TX01133,2025-02-12,CUST0244,34.05,Electronics,Debit,Consultation fee for legal advice.,0
TX01134,2025-01-13,CUST0288,121.3,Travel,Debit,Income from renting out equipment.,0
TX01135,2025-04-01,CUST0251,23.06,Entertainment,Card,Office rent payment processed.,0
TX01136,2025-02-26,CUST0079,203.62,Food,Debit,Received income from YouTube monetization.,0
TX01137,2025-01-13,CUST0265,23.39,Education,Wallet,Made a student loan payment.,0
TX01138,2025-02-23,CUST0039,20.25,Utilities,Card,Paid a returned check fee.,0
TX01139,2025-01-01,CUST0178,7.8,Travel,Debit,Paid for a locksmith service.,0
TX01140,2025-03-17,CUST0106,6.56,Education,Wallet,Business travel airfare purchased.,0
TX01141,2025-02-17,CUST0284,30.53,Electronics,Bank Transfer,Booked a flight for summer vacation.,0
TX01142,2025-03-06,CUST0002,243.04,Travel,Wallet,Paid a withdrawal fee at out-of-network ATM.,0
TX01143,2025-01-08,CUST0157,66.71,Utilities,Bank Transfer,Dental check-up payment made.,0
TX01144,2025-01-19,CUST0051,226.05,Utilities,Bank Transfer,Paid for business legal fees.,0
TX01145,2025-02-22,CUST0002,169.87,Electronics,Bank Transfer,Replaced worn-out tires for car.,0
TX01146,2025-01-09,CUST0148,97.16,Clothing,Card,Grocery shopping for the week completed.,0
TX01147,2025-02-17,CUST0254,187.95,Clothing,Debit,Paid for condominium fees.,0
TX01148,2025-03-18,CUST0259,63.44,Education,Bank Transfer,Sold a software license.,0
TX01149,2025-01-28,CUST0025,61.87,Entertainment,Debit,Bought a plant for the office.,0
TX01150,2025-01-23,CUST0054,19.48,Clothing,Debit,Bought kitchen utensils.,0
TX01151,2025-03-04,CUST0150,210.42,Education,Card,Fleet vehicle maintenance bill.,0
TX01152,2025-03-13,CUST0180,19.15,Entertainment,Bank Transfer,Purchased a dance class package.,0
TX01153,2025-02-16,CUST0196,20.42,Travel,Card,Paid for business legal fees.,0
TX01154,2025-01-15,CUST0126,131.67,Entertainment,Debit,Paid for a cooking class.,0
TX01155,2025-01-21,CUST0005,12.75,Travel,Card,Bought kitchen utensils.,1
TX01156,2025-02-21,CUST0018,26.04,Electronics,Wallet,Paid for a podcast premium feed.,0
TX01157,2025-03-09,CUST0153,30.07,Electronics,Card,Payment for social media management.,0
TX01158,2025-02-09,CUST0065,16.66,Clothing,Bank Transfer,Payment for a landscaping job.,0
TX01159,2025-01-05,CUST0120,121.21,Education,Card,Paid for a cooking demonstration.,0
TX01160,2025-02-24,CUST0090,49.66,Entertainment,Bank Transfer,Paid for a financial consultation.,0
TX01161,2025-01-30,CUST0215,29.05,Travel,Bank Transfer,Video editing software subscription.,1
TX01162,2025-01-08,CUST0183,293.65,Travel,Card,Money sent via peer-to-peer app.,0
TX01163,2025-03-12,CUST0240,130.55,Electronics,Bank Transfer,Purchased licenses for design software.,0
TX01164,2025-01-31,CUST0009,232.54,Clothing,Bank Transfer,Homeowners insurance premium due.,0
TX01165,2025-01-13,CUST0241,84.98,Electronics,Debit,Paid a safe deposit box fee.,0
TX01166,2025-01-29,CUST0275,55.74,Entertainment,Debit,Adobe Creative Cloud billed for annual plan.,0
TX01167,2025-01-25,CUST0137,182.12,Food,Wallet,Paid a safe deposit box fee.,0
TX01168,2025-02-21,CUST0073,37.5,Electronics,Wallet,Deposited tax refund check.,0
TX01169,2025-02-12,CUST0260,118.1,Food,Card,Paid for a cybersecurity service.,0
TX01170,2025-03-12,CUST0070,197.74,Food,Card,Sold a domain name.,0
TX01171,2025-02-10,CUST0161,23.65,Electronics,Debit,Payment for a translation service.,0
TX01172,2025-01-30,CUST0199,8.79,Electronics,Debit,Bought a new shower head.,0
TX01173,2025-03-02,CUST0205,166.6,Utilities,Debit,Paid mortgage principal and interest.,0
TX01174,2025-03-15,CUST0082,1.63,Clothing,Card,Software-as-a-service (SaaS) subscription.,0
TX01175,2025-03-19,CUST0196,36.25,Food,Card,Purchased office kitchen supplies.,0
TX01176,2025-02-25,CUST0300,139.32,Clothing,Debit,Snow removal service bill.,0
TX01177,2025-03-10,CUST0183,3.19,Clothing,Debit,Paid a foreign transaction fee.,0
TX01178,2025-02-16,CUST0290,35.69,Food,Card,Paid for a credit report.,0
TX01179,2025-01-21,CUST0007,12.4,Electronics,Wallet,Paid for a social media scheduling tool.,0
TX01180,2025-01-15,CUST0227,8.37,Utilities,Card,Paid for a cybersecurity service.,0
TX01181,2025-01-08,CUST0186,148.73,Food,Card,Ordered new bedding.,0
TX01182,2025-01-26,CUST0217,44.85,Education,Debit,Paid for a wire transfer.,0
TX01183,2025-03-27,CUST0136,246.1,Clothing,Debit,Bought a new frying pan.,0
TX01184,2025-03-09,CUST0217,359.63,Electronics,Debit,Paid a currency conversion fee.,1
TX01185,2025-03-19,CUST0247,230.52,Utilities,Wallet,Paid for a meditation guide.,0
TX01186,2025-01-10,CUST0204,61.55,Entertainment,Bank Transfer,Made a down payment for property.,0
TX01187,2025-03-20,CUST0229,84.92,Utilities,Bank Transfer,Paid for a podcast premium feed.,0
TX01188,2025-02-05,CUST0033,9.23,Travel,Card,Contributed to a retirement plan.,1
TX01189,2025-01-19,CUST0289,6.74,Utilities,Bank Transfer,Received an inheritance payment.,1
TX01190,2025-02-19,CUST0205,30.76,Travel,Bank Transfer,Paid for a digital art commission.,0
TX01191,2025-03-07,CUST0264,154.25,Education,Bank Transfer,Company phone bills paid.,0
TX01192,2025-01-05,CUST0248,70.74,Utilities,Debit,Picked up prescription medication.,1
TX01193,2025-02-18,CUST0105,31.17,Entertainment,Bank Transfer,Deposited a security deposit for apartment rental.,0
TX01194,2025-03-17,CUST0042,8.1,Entertainment,Debit,Payment for a landscaping job.,0
TX01195,2025-03-05,CUST0261,38.4,Clothing,Bank Transfer,Payment for a training workshop.,0
TX01196,2025-02-10,CUST0163,48.28,Clothing,Debit,Bought a new frying pan.,0
TX01197,2025-03-16,CUST0296,189.39,Clothing,Card,Accounting software subscription bill.,0
TX01198,2025-02-09,CUST0101,7.73,Entertainment,Card,Hulu streaming service subscription.,0
TX01199,2025-03-24,CUST0033,240.82,Electronics,Card,Paid a loan interest payment.,1
TX01200,2025-02-11,CUST0248,116.81,Clothing,Wallet,Purchased new computers for employees.,0
